ISO-10303-21;
HEADER;
FILE_DESCRIPTION(('FreeCAD Model'),'2;1');
FILE_NAME('Open CASCADE Shape Model','2025-05-31T14:10:41',(''),(''),
  'Open CASCADE STEP processor 7.6','FreeCAD','Unknown');
FILE_SCHEMA(('AUTOMOTIVE_DESIGN { 1 0 10303 214 1 1 1 1 }'));
ENDSEC;
DATA;
#1 = APPLICATION_PROTOCOL_DEFINITION('international standard',
  'automotive_design',2000,#2);
#2 = APPLICATION_CONTEXT(
  'core data for automotive mechanical design processes');
#3 = SHAPE_DEFINITION_REPRESENTATION(#4,#10);
#4 = PRODUCT_DEFINITION_SHAPE('','',#5);
#5 = PRODUCT_DEFINITION('design','',#6,#9);
#6 = PRODUCT_DEFINITION_FORMATION('','',#7);
#7 = PRODUCT('camera_OV2640_001','camera_OV2640_001','',(#8));
#8 = PRODUCT_CONTEXT('',#2,'mechanical');
#9 = PRODUCT_DEFINITION_CONTEXT('part definition',#2,'design');
#10 = SHAPE_REPRESENTATION('',(#11,#15,#19,#23,#27),#31);
#11 = AXIS2_PLACEMENT_3D('',#12,#13,#14);
#12 = CARTESIAN_POINT('',(0.,0.,0.));
#13 = DIRECTION('',(0.,0.,1.));
#14 = DIRECTION('',(1.,0.,-0.));
#15 = AXIS2_PLACEMENT_3D('',#16,#17,#18);
#16 = CARTESIAN_POINT('',(0.,0.,0.));
#17 = DIRECTION('',(0.,0.,1.));
#18 = DIRECTION('',(1.,0.,0.));
#19 = AXIS2_PLACEMENT_3D('',#20,#21,#22);
#20 = CARTESIAN_POINT('',(0.,0.,-0.12));
#21 = DIRECTION('',(0.,0.,1.));
#22 = DIRECTION('',(1.,0.,0.));
#23 = AXIS2_PLACEMENT_3D('',#24,#25,#26);
#24 = CARTESIAN_POINT('',(0.,0.,-0.1));
#25 = DIRECTION('',(0.,0.,1.));
#26 = DIRECTION('',(1.,0.,0.));
#27 = AXIS2_PLACEMENT_3D('',#28,#29,#30);
#28 = CARTESIAN_POINT('',(0.,-8.5,0.));
#29 = DIRECTION('',(0.,0.,1.));
#30 = DIRECTION('',(1.,0.,0.));
#31 = ( GEOMETRIC_REPRESENTATION_CONTEXT(3) 
GLOBAL_UNCERTAINTY_ASSIGNED_CONTEXT((#35)) GLOBAL_UNIT_ASSIGNED_CONTEXT(
(#32,#33,#34)) REPRESENTATION_CONTEXT('Context #1',
  '3D Context with UNIT and UNCERTAINTY') );
#32 = ( LENGTH_UNIT() NAMED_UNIT(*) SI_UNIT(.MILLI.,.METRE.) );
#33 = ( NAMED_UNIT(*) PLANE_ANGLE_UNIT() SI_UNIT($,.RADIAN.) );
#34 = ( NAMED_UNIT(*) SI_UNIT($,.STERADIAN.) SOLID_ANGLE_UNIT() );
#35 = UNCERTAINTY_MEASURE_WITH_UNIT(LENGTH_MEASURE(5.E-07),#32,
  'distance_accuracy_value','confusion accuracy');
#36 = PRODUCT_RELATED_PRODUCT_CATEGORY('part',$,(#7));
#37 = SHAPE_DEFINITION_REPRESENTATION(#38,#44);
#38 = PRODUCT_DEFINITION_SHAPE('','',#39);
#39 = PRODUCT_DEFINITION('design','',#40,#43);
#40 = PRODUCT_DEFINITION_FORMATION('','',#41);
#41 = PRODUCT('box','box','',(#42));
#42 = PRODUCT_CONTEXT('',#2,'mechanical');
#43 = PRODUCT_DEFINITION_CONTEXT('part definition',#2,'design');
#44 = ADVANCED_BREP_SHAPE_REPRESENTATION('',(#11,#45),#3675);
#45 = MANIFOLD_SOLID_BREP('',#46);
#46 = CLOSED_SHELL('',(#47,#80,#106,#126,#135,#160,#336,#367,#391,#415,
    #455,#479,#503,#543,#568,#593,#617,#641,#666,#691,#708,#733,#758,
    #783,#806,#818,#873,#893,#913,#933,#958,#996,#1137,#1313,#1330,#1355
    ,#1380,#1405,#1431,#1641,#1713,#1853,#1985,#2002,#2028,#2054,#2080,
    #2170,#2336,#2408,#2548,#2692,#2709,#2718,#2727,#2736,#2837,#2943,
    #3054,#3099,#3151,#3187,#3357,#3425,#3525,#3663));
#47 = ADVANCED_FACE('',(#48),#75,.T.);
#48 = FACE_BOUND('',#49,.F.);
#49 = EDGE_LOOP('',(#50,#60,#67,#68));
#50 = ORIENTED_EDGE('',*,*,#51,.T.);
#51 = EDGE_CURVE('',#52,#54,#56,.T.);
#52 = VERTEX_POINT('',#53);
#53 = CARTESIAN_POINT('',(-3.455,3.725,-0.11));
#54 = VERTEX_POINT('',#55);
#55 = CARTESIAN_POINT('',(-3.455,3.725,-0.12));
#56 = LINE('',#57,#58);
#57 = CARTESIAN_POINT('',(-3.455,3.725,-0.11));
#58 = VECTOR('',#59,1.);
#59 = DIRECTION('',(0.,0.,-1.));
#60 = ORIENTED_EDGE('',*,*,#61,.T.);
#61 = EDGE_CURVE('',#54,#54,#62,.T.);
#62 = CIRCLE('',#63,0.27);
#63 = AXIS2_PLACEMENT_3D('',#64,#65,#66);
#64 = CARTESIAN_POINT('',(-3.725,3.725,-0.12));
#65 = DIRECTION('',(-0.,0.,-1.));
#66 = DIRECTION('',(1.,0.,-0.));
#67 = ORIENTED_EDGE('',*,*,#51,.F.);
#68 = ORIENTED_EDGE('',*,*,#69,.F.);
#69 = EDGE_CURVE('',#52,#52,#70,.T.);
#70 = CIRCLE('',#71,0.27);
#71 = AXIS2_PLACEMENT_3D('',#72,#73,#74);
#72 = CARTESIAN_POINT('',(-3.725,3.725,-0.11));
#73 = DIRECTION('',(0.,0.,-1.));
#74 = DIRECTION('',(1.,0.,0.));
#75 = CYLINDRICAL_SURFACE('',#76,0.27);
#76 = AXIS2_PLACEMENT_3D('',#77,#78,#79);
#77 = CARTESIAN_POINT('',(-3.725,3.725,-0.11));
#78 = DIRECTION('',(0.,0.,1.));
#79 = DIRECTION('',(1.,0.,0.));
#80 = ADVANCED_FACE('',(#81),#101,.T.);
#81 = FACE_BOUND('',#82,.T.);
#82 = EDGE_LOOP('',(#83,#92,#93,#94));
#83 = ORIENTED_EDGE('',*,*,#84,.F.);
#84 = EDGE_CURVE('',#54,#85,#87,.T.);
#85 = VERTEX_POINT('',#86);
#86 = CARTESIAN_POINT('',(-3.545,3.725,-0.21));
#87 = CIRCLE('',#88,9.E-02);
#88 = AXIS2_PLACEMENT_3D('',#89,#90,#91);
#89 = CARTESIAN_POINT('',(-3.545,3.725,-0.12));
#90 = DIRECTION('',(0.,1.,0.));
#91 = DIRECTION('',(1.,0.,-0.));
#92 = ORIENTED_EDGE('',*,*,#61,.T.);
#93 = ORIENTED_EDGE('',*,*,#84,.T.);
#94 = ORIENTED_EDGE('',*,*,#95,.F.);
#95 = EDGE_CURVE('',#85,#85,#96,.T.);
#96 = CIRCLE('',#97,0.18);
#97 = AXIS2_PLACEMENT_3D('',#98,#99,#100);
#98 = CARTESIAN_POINT('',(-3.725,3.725,-0.21));
#99 = DIRECTION('',(-0.,0.,-1.));
#100 = DIRECTION('',(1.,0.,-0.));
#101 = TOROIDAL_SURFACE('',#102,0.18,9.E-02);
#102 = AXIS2_PLACEMENT_3D('',#103,#104,#105);
#103 = CARTESIAN_POINT('',(-3.725,3.725,-0.12));
#104 = DIRECTION('',(-0.,0.,-1.));
#105 = DIRECTION('',(1.,0.,-0.));
#106 = ADVANCED_FACE('',(#107,#110),#121,.T.);
#107 = FACE_BOUND('',#108,.T.);
#108 = EDGE_LOOP('',(#109));
#109 = ORIENTED_EDGE('',*,*,#69,.F.);
#110 = FACE_BOUND('',#111,.T.);
#111 = EDGE_LOOP('',(#112));
#112 = ORIENTED_EDGE('',*,*,#113,.T.);
#113 = EDGE_CURVE('',#114,#114,#116,.T.);
#114 = VERTEX_POINT('',#115);
#115 = CARTESIAN_POINT('',(-3.525,3.725,-0.11));
#116 = CIRCLE('',#117,0.2);
#117 = AXIS2_PLACEMENT_3D('',#118,#119,#120);
#118 = CARTESIAN_POINT('',(-3.725,3.725,-0.11));
#119 = DIRECTION('',(0.,0.,-1.));
#120 = DIRECTION('',(1.,0.,0.));
#121 = PLANE('',#122);
#122 = AXIS2_PLACEMENT_3D('',#123,#124,#125);
#123 = CARTESIAN_POINT('',(1.6E-16,-4.E-17,-0.11));
#124 = DIRECTION('',(0.,0.,1.));
#125 = DIRECTION('',(0.,1.,0.));
#126 = ADVANCED_FACE('',(#127),#130,.F.);
#127 = FACE_BOUND('',#128,.F.);
#128 = EDGE_LOOP('',(#129));
#129 = ORIENTED_EDGE('',*,*,#95,.F.);
#130 = PLANE('',#131);
#131 = AXIS2_PLACEMENT_3D('',#132,#133,#134);
#132 = CARTESIAN_POINT('',(1.6E-16,-4.E-17,-0.21));
#133 = DIRECTION('',(0.,0.,1.));
#134 = DIRECTION('',(0.,1.,0.));
#135 = ADVANCED_FACE('',(#136),#155,.T.);
#136 = FACE_BOUND('',#137,.F.);
#137 = EDGE_LOOP('',(#138,#146,#147,#148));
#138 = ORIENTED_EDGE('',*,*,#139,.T.);
#139 = EDGE_CURVE('',#140,#114,#142,.T.);
#140 = VERTEX_POINT('',#141);
#141 = CARTESIAN_POINT('',(-3.525,3.725,0.));
#142 = LINE('',#143,#144);
#143 = CARTESIAN_POINT('',(-3.525,3.725,0.));
#144 = VECTOR('',#145,1.);
#145 = DIRECTION('',(0.,0.,-1.));
#146 = ORIENTED_EDGE('',*,*,#113,.T.);
#147 = ORIENTED_EDGE('',*,*,#139,.F.);
#148 = ORIENTED_EDGE('',*,*,#149,.F.);
#149 = EDGE_CURVE('',#140,#140,#150,.T.);
#150 = CIRCLE('',#151,0.2);
#151 = AXIS2_PLACEMENT_3D('',#152,#153,#154);
#152 = CARTESIAN_POINT('',(-3.725,3.725,0.));
#153 = DIRECTION('',(0.,0.,-1.));
#154 = DIRECTION('',(1.,0.,0.));
#155 = CYLINDRICAL_SURFACE('',#156,0.2);
#156 = AXIS2_PLACEMENT_3D('',#157,#158,#159);
#157 = CARTESIAN_POINT('',(-3.725,3.725,0.));
#158 = DIRECTION('',(0.,0.,1.));
#159 = DIRECTION('',(1.,0.,0.));
#160 = ADVANCED_FACE('',(#161,#295,#306,#317,#320),#331,.F.);
#161 = FACE_BOUND('',#162,.F.);
#162 = EDGE_LOOP('',(#163,#173,#181,#189,#197,#205,#214,#222,#231,#239,
    #248,#256,#265,#273,#281,#289));
#163 = ORIENTED_EDGE('',*,*,#164,.T.);
#164 = EDGE_CURVE('',#165,#167,#169,.T.);
#165 = VERTEX_POINT('',#166);
#166 = CARTESIAN_POINT('',(4.,4.,0.));
#167 = VERTEX_POINT('',#168);
#168 = CARTESIAN_POINT('',(-4.,4.,0.));
#169 = LINE('',#170,#171);
#170 = CARTESIAN_POINT('',(4.,4.,0.));
#171 = VECTOR('',#172,1.);
#172 = DIRECTION('',(-1.,0.,0.));
#173 = ORIENTED_EDGE('',*,*,#174,.T.);
#174 = EDGE_CURVE('',#167,#175,#177,.T.);
#175 = VERTEX_POINT('',#176);
#176 = CARTESIAN_POINT('',(-4.,-4.,0.));
#177 = LINE('',#178,#179);
#178 = CARTESIAN_POINT('',(-4.,4.,0.));
#179 = VECTOR('',#180,1.);
#180 = DIRECTION('',(0.,-1.,0.));
#181 = ORIENTED_EDGE('',*,*,#182,.T.);
#182 = EDGE_CURVE('',#175,#183,#185,.T.);
#183 = VERTEX_POINT('',#184);
#184 = CARTESIAN_POINT('',(-3.,-4.,0.));
#185 = LINE('',#186,#187);
#186 = CARTESIAN_POINT('',(-4.,-4.,0.));
#187 = VECTOR('',#188,1.);
#188 = DIRECTION('',(1.,0.,0.));
#189 = ORIENTED_EDGE('',*,*,#190,.T.);
#190 = EDGE_CURVE('',#183,#191,#193,.T.);
#191 = VERTEX_POINT('',#192);
#192 = CARTESIAN_POINT('',(-3.,-3.75,-0.));
#193 = LINE('',#194,#195);
#194 = CARTESIAN_POINT('',(-3.,-4.,0.));
#195 = VECTOR('',#196,1.);
#196 = DIRECTION('',(0.,1.,-2.2E-16));
#197 = ORIENTED_EDGE('',*,*,#198,.T.);
#198 = EDGE_CURVE('',#191,#199,#201,.T.);
#199 = VERTEX_POINT('',#200);
#200 = CARTESIAN_POINT('',(-3.35,-3.75,0.));
#201 = LINE('',#202,#203);
#202 = CARTESIAN_POINT('',(3.35,-3.75,0.));
#203 = VECTOR('',#204,1.);
#204 = DIRECTION('',(-1.,0.,0.));
#205 = ORIENTED_EDGE('',*,*,#206,.F.);
#206 = EDGE_CURVE('',#207,#199,#209,.T.);
#207 = VERTEX_POINT('',#208);
#208 = CARTESIAN_POINT('',(-3.75,-3.35,0.));
#209 = CIRCLE('',#210,0.4);
#210 = AXIS2_PLACEMENT_3D('',#211,#212,#213);
#211 = CARTESIAN_POINT('',(-3.75,-3.75,0.));
#212 = DIRECTION('',(0.,0.,-1.));
#213 = DIRECTION('',(1.,0.,0.));
#214 = ORIENTED_EDGE('',*,*,#215,.T.);
#215 = EDGE_CURVE('',#207,#216,#218,.T.);
#216 = VERTEX_POINT('',#217);
#217 = CARTESIAN_POINT('',(-3.75,3.35,0.));
#218 = LINE('',#219,#220);
#219 = CARTESIAN_POINT('',(-3.75,-3.35,0.));
#220 = VECTOR('',#221,1.);
#221 = DIRECTION('',(0.,1.,0.));
#222 = ORIENTED_EDGE('',*,*,#223,.F.);
#223 = EDGE_CURVE('',#224,#216,#226,.T.);
#224 = VERTEX_POINT('',#225);
#225 = CARTESIAN_POINT('',(-3.35,3.75,0.));
#226 = CIRCLE('',#227,0.4);
#227 = AXIS2_PLACEMENT_3D('',#228,#229,#230);
#228 = CARTESIAN_POINT('',(-3.75,3.75,0.));
#229 = DIRECTION('',(0.,0.,-1.));
#230 = DIRECTION('',(1.,0.,0.));
#231 = ORIENTED_EDGE('',*,*,#232,.T.);
#232 = EDGE_CURVE('',#224,#233,#235,.T.);
#233 = VERTEX_POINT('',#234);
#234 = CARTESIAN_POINT('',(3.35,3.75,0.));
#235 = LINE('',#236,#237);
#236 = CARTESIAN_POINT('',(-3.35,3.75,0.));
#237 = VECTOR('',#238,1.);
#238 = DIRECTION('',(1.,0.,0.));
#239 = ORIENTED_EDGE('',*,*,#240,.F.);
#240 = EDGE_CURVE('',#241,#233,#243,.T.);
#241 = VERTEX_POINT('',#242);
#242 = CARTESIAN_POINT('',(3.75,3.35,0.));
#243 = CIRCLE('',#244,0.4);
#244 = AXIS2_PLACEMENT_3D('',#245,#246,#247);
#245 = CARTESIAN_POINT('',(3.75,3.75,0.));
#246 = DIRECTION('',(0.,0.,-1.));
#247 = DIRECTION('',(1.,0.,0.));
#248 = ORIENTED_EDGE('',*,*,#249,.T.);
#249 = EDGE_CURVE('',#241,#250,#252,.T.);
#250 = VERTEX_POINT('',#251);
#251 = CARTESIAN_POINT('',(3.75,-3.35,0.));
#252 = LINE('',#253,#254);
#253 = CARTESIAN_POINT('',(3.75,3.35,0.));
#254 = VECTOR('',#255,1.);
#255 = DIRECTION('',(0.,-1.,0.));
#256 = ORIENTED_EDGE('',*,*,#257,.F.);
#257 = EDGE_CURVE('',#258,#250,#260,.T.);
#258 = VERTEX_POINT('',#259);
#259 = CARTESIAN_POINT('',(3.35,-3.75,0.));
#260 = CIRCLE('',#261,0.4);
#261 = AXIS2_PLACEMENT_3D('',#262,#263,#264);
#262 = CARTESIAN_POINT('',(3.75,-3.75,0.));
#263 = DIRECTION('',(0.,0.,-1.));
#264 = DIRECTION('',(1.,0.,0.));
#265 = ORIENTED_EDGE('',*,*,#266,.T.);
#266 = EDGE_CURVE('',#258,#267,#269,.T.);
#267 = VERTEX_POINT('',#268);
#268 = CARTESIAN_POINT('',(3.,-3.75,0.));
#269 = LINE('',#270,#271);
#270 = CARTESIAN_POINT('',(3.35,-3.75,0.));
#271 = VECTOR('',#272,1.);
#272 = DIRECTION('',(-1.,0.,0.));
#273 = ORIENTED_EDGE('',*,*,#274,.F.);
#274 = EDGE_CURVE('',#275,#267,#277,.T.);
#275 = VERTEX_POINT('',#276);
#276 = CARTESIAN_POINT('',(3.,-4.,0.));
#277 = LINE('',#278,#279);
#278 = CARTESIAN_POINT('',(3.,-4.,0.));
#279 = VECTOR('',#280,1.);
#280 = DIRECTION('',(0.,1.,-2.2E-16));
#281 = ORIENTED_EDGE('',*,*,#282,.T.);
#282 = EDGE_CURVE('',#275,#283,#285,.T.);
#283 = VERTEX_POINT('',#284);
#284 = CARTESIAN_POINT('',(4.,-4.,0.));
#285 = LINE('',#286,#287);
#286 = CARTESIAN_POINT('',(-4.,-4.,0.));
#287 = VECTOR('',#288,1.);
#288 = DIRECTION('',(1.,0.,0.));
#289 = ORIENTED_EDGE('',*,*,#290,.T.);
#290 = EDGE_CURVE('',#283,#165,#291,.T.);
#291 = LINE('',#292,#293);
#292 = CARTESIAN_POINT('',(4.,-4.,0.));
#293 = VECTOR('',#294,1.);
#294 = DIRECTION('',(0.,1.,0.));
#295 = FACE_BOUND('',#296,.F.);
#296 = EDGE_LOOP('',(#297));
#297 = ORIENTED_EDGE('',*,*,#298,.T.);
#298 = EDGE_CURVE('',#299,#299,#301,.T.);
#299 = VERTEX_POINT('',#300);
#300 = CARTESIAN_POINT('',(-3.525,-3.725,0.));
#301 = CIRCLE('',#302,0.2);
#302 = AXIS2_PLACEMENT_3D('',#303,#304,#305);
#303 = CARTESIAN_POINT('',(-3.725,-3.725,0.));
#304 = DIRECTION('',(0.,0.,-1.));
#305 = DIRECTION('',(1.,0.,0.));
#306 = FACE_BOUND('',#307,.F.);
#307 = EDGE_LOOP('',(#308));
#308 = ORIENTED_EDGE('',*,*,#309,.T.);
#309 = EDGE_CURVE('',#310,#310,#312,.T.);
#310 = VERTEX_POINT('',#311);
#311 = CARTESIAN_POINT('',(3.925,-3.725,0.));
#312 = CIRCLE('',#313,0.2);
#313 = AXIS2_PLACEMENT_3D('',#314,#315,#316);
#314 = CARTESIAN_POINT('',(3.725,-3.725,0.));
#315 = DIRECTION('',(0.,0.,-1.));
#316 = DIRECTION('',(1.,0.,0.));
#317 = FACE_BOUND('',#318,.F.);
#318 = EDGE_LOOP('',(#319));
#319 = ORIENTED_EDGE('',*,*,#149,.T.);
#320 = FACE_BOUND('',#321,.F.);
#321 = EDGE_LOOP('',(#322));
#322 = ORIENTED_EDGE('',*,*,#323,.T.);
#323 = EDGE_CURVE('',#324,#324,#326,.T.);
#324 = VERTEX_POINT('',#325);
#325 = CARTESIAN_POINT('',(3.925,3.725,0.));
#326 = CIRCLE('',#327,0.2);
#327 = AXIS2_PLACEMENT_3D('',#328,#329,#330);
#328 = CARTESIAN_POINT('',(3.725,3.725,0.));
#329 = DIRECTION('',(0.,0.,-1.));
#330 = DIRECTION('',(1.,0.,0.));
#331 = PLANE('',#332);
#332 = AXIS2_PLACEMENT_3D('',#333,#334,#335);
#333 = CARTESIAN_POINT('',(0.,0.,0.));
#334 = DIRECTION('',(0.,0.,1.));
#335 = DIRECTION('',(1.,0.,0.));
#336 = ADVANCED_FACE('',(#337),#362,.F.);
#337 = FACE_BOUND('',#338,.F.);
#338 = EDGE_LOOP('',(#339,#347,#355,#361));
#339 = ORIENTED_EDGE('',*,*,#340,.T.);
#340 = EDGE_CURVE('',#165,#341,#343,.T.);
#341 = VERTEX_POINT('',#342);
#342 = CARTESIAN_POINT('',(4.,4.,2.));
#343 = LINE('',#344,#345);
#344 = CARTESIAN_POINT('',(4.,4.,0.));
#345 = VECTOR('',#346,1.);
#346 = DIRECTION('',(0.,0.,1.));
#347 = ORIENTED_EDGE('',*,*,#348,.T.);
#348 = EDGE_CURVE('',#341,#349,#351,.T.);
#349 = VERTEX_POINT('',#350);
#350 = CARTESIAN_POINT('',(-4.,4.,2.));
#351 = LINE('',#352,#353);
#352 = CARTESIAN_POINT('',(4.,4.,2.));
#353 = VECTOR('',#354,1.);
#354 = DIRECTION('',(-1.,0.,0.));
#355 = ORIENTED_EDGE('',*,*,#356,.F.);
#356 = EDGE_CURVE('',#167,#349,#357,.T.);
#357 = LINE('',#358,#359);
#358 = CARTESIAN_POINT('',(-4.,4.,0.));
#359 = VECTOR('',#360,1.);
#360 = DIRECTION('',(0.,0.,1.));
#361 = ORIENTED_EDGE('',*,*,#164,.F.);
#362 = PLANE('',#363);
#363 = AXIS2_PLACEMENT_3D('',#364,#365,#366);
#364 = CARTESIAN_POINT('',(4.,4.,0.));
#365 = DIRECTION('',(0.,-1.,0.));
#366 = DIRECTION('',(-1.,0.,0.));
#367 = ADVANCED_FACE('',(#368),#386,.F.);
#368 = FACE_BOUND('',#369,.F.);
#369 = EDGE_LOOP('',(#370,#378,#384,#385));
#370 = ORIENTED_EDGE('',*,*,#371,.T.);
#371 = EDGE_CURVE('',#283,#372,#374,.T.);
#372 = VERTEX_POINT('',#373);
#373 = CARTESIAN_POINT('',(4.,-4.,2.));
#374 = LINE('',#375,#376);
#375 = CARTESIAN_POINT('',(4.,-4.,0.));
#376 = VECTOR('',#377,1.);
#377 = DIRECTION('',(0.,0.,1.));
#378 = ORIENTED_EDGE('',*,*,#379,.T.);
#379 = EDGE_CURVE('',#372,#341,#380,.T.);
#380 = LINE('',#381,#382);
#381 = CARTESIAN_POINT('',(4.,-4.,2.));
#382 = VECTOR('',#383,1.);
#383 = DIRECTION('',(0.,1.,0.));
#384 = ORIENTED_EDGE('',*,*,#340,.F.);
#385 = ORIENTED_EDGE('',*,*,#290,.F.);
#386 = PLANE('',#387);
#387 = AXIS2_PLACEMENT_3D('',#388,#389,#390);
#388 = CARTESIAN_POINT('',(4.,-4.,0.));
#389 = DIRECTION('',(-1.,0.,0.));
#390 = DIRECTION('',(0.,1.,0.));
#391 = ADVANCED_FACE('',(#392),#410,.F.);
#392 = FACE_BOUND('',#393,.F.);
#393 = EDGE_LOOP('',(#394,#395,#403,#409));
#394 = ORIENTED_EDGE('',*,*,#356,.T.);
#395 = ORIENTED_EDGE('',*,*,#396,.T.);
#396 = EDGE_CURVE('',#349,#397,#399,.T.);
#397 = VERTEX_POINT('',#398);
#398 = CARTESIAN_POINT('',(-4.,-4.,2.));
#399 = LINE('',#400,#401);
#400 = CARTESIAN_POINT('',(-4.,4.,2.));
#401 = VECTOR('',#402,1.);
#402 = DIRECTION('',(0.,-1.,0.));
#403 = ORIENTED_EDGE('',*,*,#404,.F.);
#404 = EDGE_CURVE('',#175,#397,#405,.T.);
#405 = LINE('',#406,#407);
#406 = CARTESIAN_POINT('',(-4.,-4.,0.));
#407 = VECTOR('',#408,1.);
#408 = DIRECTION('',(0.,0.,1.));
#409 = ORIENTED_EDGE('',*,*,#174,.F.);
#410 = PLANE('',#411);
#411 = AXIS2_PLACEMENT_3D('',#412,#413,#414);
#412 = CARTESIAN_POINT('',(-4.,4.,0.));
#413 = DIRECTION('',(1.,0.,0.));
#414 = DIRECTION('',(0.,-1.,0.));
#415 = ADVANCED_FACE('',(#416),#450,.F.);
#416 = FACE_BOUND('',#417,.F.);
#417 = EDGE_LOOP('',(#418,#419,#420,#426,#427,#428,#436,#444));
#418 = ORIENTED_EDGE('',*,*,#182,.F.);
#419 = ORIENTED_EDGE('',*,*,#404,.T.);
#420 = ORIENTED_EDGE('',*,*,#421,.T.);
#421 = EDGE_CURVE('',#397,#372,#422,.T.);
#422 = LINE('',#423,#424);
#423 = CARTESIAN_POINT('',(-4.,-4.,2.));
#424 = VECTOR('',#425,1.);
#425 = DIRECTION('',(1.,0.,0.));
#426 = ORIENTED_EDGE('',*,*,#371,.F.);
#427 = ORIENTED_EDGE('',*,*,#282,.F.);
#428 = ORIENTED_EDGE('',*,*,#429,.T.);
#429 = EDGE_CURVE('',#275,#430,#432,.T.);
#430 = VERTEX_POINT('',#431);
#431 = CARTESIAN_POINT('',(3.,-4.,0.15));
#432 = LINE('',#433,#434);
#433 = CARTESIAN_POINT('',(3.,-4.,0.));
#434 = VECTOR('',#435,1.);
#435 = DIRECTION('',(0.,0.,1.));
#436 = ORIENTED_EDGE('',*,*,#437,.T.);
#437 = EDGE_CURVE('',#430,#438,#440,.T.);
#438 = VERTEX_POINT('',#439);
#439 = CARTESIAN_POINT('',(-3.,-4.,0.15));
#440 = LINE('',#441,#442);
#441 = CARTESIAN_POINT('',(3.,-4.,0.15));
#442 = VECTOR('',#443,1.);
#443 = DIRECTION('',(-1.,0.,0.));
#444 = ORIENTED_EDGE('',*,*,#445,.T.);
#445 = EDGE_CURVE('',#438,#183,#446,.T.);
#446 = LINE('',#447,#448);
#447 = CARTESIAN_POINT('',(-3.,-4.,0.15));
#448 = VECTOR('',#449,1.);
#449 = DIRECTION('',(0.,0.,-1.));
#450 = PLANE('',#451);
#451 = AXIS2_PLACEMENT_3D('',#452,#453,#454);
#452 = CARTESIAN_POINT('',(-4.,-4.,0.));
#453 = DIRECTION('',(0.,1.,0.));
#454 = DIRECTION('',(1.,0.,0.));
#455 = ADVANCED_FACE('',(#456),#474,.F.);
#456 = FACE_BOUND('',#457,.F.);
#457 = EDGE_LOOP('',(#458,#459,#460,#468));
#458 = ORIENTED_EDGE('',*,*,#429,.F.);
#459 = ORIENTED_EDGE('',*,*,#274,.T.);
#460 = ORIENTED_EDGE('',*,*,#461,.T.);
#461 = EDGE_CURVE('',#267,#462,#464,.T.);
#462 = VERTEX_POINT('',#463);
#463 = CARTESIAN_POINT('',(3.,-3.75,0.15));
#464 = LINE('',#465,#466);
#465 = CARTESIAN_POINT('',(3.,-3.75,0.));
#466 = VECTOR('',#467,1.);
#467 = DIRECTION('',(0.,0.,1.));
#468 = ORIENTED_EDGE('',*,*,#469,.F.);
#469 = EDGE_CURVE('',#430,#462,#470,.T.);
#470 = LINE('',#471,#472);
#471 = CARTESIAN_POINT('',(3.,-4.,0.15));
#472 = VECTOR('',#473,1.);
#473 = DIRECTION('',(0.,1.,-2.2E-16));
#474 = PLANE('',#475);
#475 = AXIS2_PLACEMENT_3D('',#476,#477,#478);
#476 = CARTESIAN_POINT('',(3.,-4.,0.));
#477 = DIRECTION('',(1.,0.,0.));
#478 = DIRECTION('',(0.,2.2E-16,1.));
#479 = ADVANCED_FACE('',(#480),#498,.F.);
#480 = FACE_BOUND('',#481,.F.);
#481 = EDGE_LOOP('',(#482,#483,#491,#497));
#482 = ORIENTED_EDGE('',*,*,#445,.F.);
#483 = ORIENTED_EDGE('',*,*,#484,.T.);
#484 = EDGE_CURVE('',#438,#485,#487,.T.);
#485 = VERTEX_POINT('',#486);
#486 = CARTESIAN_POINT('',(-3.,-3.75,0.15));
#487 = LINE('',#488,#489);
#488 = CARTESIAN_POINT('',(-3.,-4.,0.15));
#489 = VECTOR('',#490,1.);
#490 = DIRECTION('',(0.,1.,-2.2E-16));
#491 = ORIENTED_EDGE('',*,*,#492,.T.);
#492 = EDGE_CURVE('',#485,#191,#493,.T.);
#493 = LINE('',#494,#495);
#494 = CARTESIAN_POINT('',(-3.,-3.75,7.5E-02));
#495 = VECTOR('',#496,1.);
#496 = DIRECTION('',(0.,0.,-1.));
#497 = ORIENTED_EDGE('',*,*,#190,.F.);
#498 = PLANE('',#499);
#499 = AXIS2_PLACEMENT_3D('',#500,#501,#502);
#500 = CARTESIAN_POINT('',(-3.,-4.,0.15));
#501 = DIRECTION('',(-1.,0.,0.));
#502 = DIRECTION('',(-0.,-2.2E-16,-1.));
#503 = ADVANCED_FACE('',(#504),#538,.F.);
#504 = FACE_BOUND('',#505,.F.);
#505 = EDGE_LOOP('',(#506,#507,#515,#523,#529,#530,#531,#537));
#506 = ORIENTED_EDGE('',*,*,#266,.F.);
#507 = ORIENTED_EDGE('',*,*,#508,.T.);
#508 = EDGE_CURVE('',#258,#509,#511,.T.);
#509 = VERTEX_POINT('',#510);
#510 = CARTESIAN_POINT('',(3.35,-3.75,1.9));
#511 = LINE('',#512,#513);
#512 = CARTESIAN_POINT('',(3.35,-3.75,0.));
#513 = VECTOR('',#514,1.);
#514 = DIRECTION('',(0.,0.,1.));
#515 = ORIENTED_EDGE('',*,*,#516,.T.);
#516 = EDGE_CURVE('',#509,#517,#519,.T.);
#517 = VERTEX_POINT('',#518);
#518 = CARTESIAN_POINT('',(-3.35,-3.75,1.9));
#519 = LINE('',#520,#521);
#520 = CARTESIAN_POINT('',(3.35,-3.75,1.9));
#521 = VECTOR('',#522,1.);
#522 = DIRECTION('',(-1.,0.,0.));
#523 = ORIENTED_EDGE('',*,*,#524,.F.);
#524 = EDGE_CURVE('',#199,#517,#525,.T.);
#525 = LINE('',#526,#527);
#526 = CARTESIAN_POINT('',(-3.35,-3.75,0.));
#527 = VECTOR('',#528,1.);
#528 = DIRECTION('',(0.,0.,1.));
#529 = ORIENTED_EDGE('',*,*,#198,.F.);
#530 = ORIENTED_EDGE('',*,*,#492,.F.);
#531 = ORIENTED_EDGE('',*,*,#532,.F.);
#532 = EDGE_CURVE('',#462,#485,#533,.T.);
#533 = LINE('',#534,#535);
#534 = CARTESIAN_POINT('',(3.175,-3.75,0.15));
#535 = VECTOR('',#536,1.);
#536 = DIRECTION('',(-1.,0.,0.));
#537 = ORIENTED_EDGE('',*,*,#461,.F.);
#538 = PLANE('',#539);
#539 = AXIS2_PLACEMENT_3D('',#540,#541,#542);
#540 = CARTESIAN_POINT('',(3.35,-3.75,0.));
#541 = DIRECTION('',(0.,-1.,0.));
#542 = DIRECTION('',(-1.,0.,0.));
#543 = ADVANCED_FACE('',(#544),#563,.T.);
#544 = FACE_BOUND('',#545,.T.);
#545 = EDGE_LOOP('',(#546,#547,#556,#562));
#546 = ORIENTED_EDGE('',*,*,#508,.T.);
#547 = ORIENTED_EDGE('',*,*,#548,.T.);
#548 = EDGE_CURVE('',#509,#549,#551,.T.);
#549 = VERTEX_POINT('',#550);
#550 = CARTESIAN_POINT('',(3.75,-3.35,1.9));
#551 = CIRCLE('',#552,0.4);
#552 = AXIS2_PLACEMENT_3D('',#553,#554,#555);
#553 = CARTESIAN_POINT('',(3.75,-3.75,1.9));
#554 = DIRECTION('',(0.,0.,-1.));
#555 = DIRECTION('',(1.,0.,0.));
#556 = ORIENTED_EDGE('',*,*,#557,.F.);
#557 = EDGE_CURVE('',#250,#549,#558,.T.);
#558 = LINE('',#559,#560);
#559 = CARTESIAN_POINT('',(3.75,-3.35,0.));
#560 = VECTOR('',#561,1.);
#561 = DIRECTION('',(0.,0.,1.));
#562 = ORIENTED_EDGE('',*,*,#257,.F.);
#563 = CYLINDRICAL_SURFACE('',#564,0.4);
#564 = AXIS2_PLACEMENT_3D('',#565,#566,#567);
#565 = CARTESIAN_POINT('',(3.75,-3.75,0.));
#566 = DIRECTION('',(0.,0.,-1.));
#567 = DIRECTION('',(1.,0.,0.));
#568 = ADVANCED_FACE('',(#569),#588,.T.);
#569 = FACE_BOUND('',#570,.T.);
#570 = EDGE_LOOP('',(#571,#579,#586,#587));
#571 = ORIENTED_EDGE('',*,*,#572,.T.);
#572 = EDGE_CURVE('',#207,#573,#575,.T.);
#573 = VERTEX_POINT('',#574);
#574 = CARTESIAN_POINT('',(-3.75,-3.35,1.9));
#575 = LINE('',#576,#577);
#576 = CARTESIAN_POINT('',(-3.75,-3.35,0.));
#577 = VECTOR('',#578,1.);
#578 = DIRECTION('',(0.,0.,1.));
#579 = ORIENTED_EDGE('',*,*,#580,.T.);
#580 = EDGE_CURVE('',#573,#517,#581,.T.);
#581 = CIRCLE('',#582,0.4);
#582 = AXIS2_PLACEMENT_3D('',#583,#584,#585);
#583 = CARTESIAN_POINT('',(-3.75,-3.75,1.9));
#584 = DIRECTION('',(0.,0.,-1.));
#585 = DIRECTION('',(1.,0.,0.));
#586 = ORIENTED_EDGE('',*,*,#524,.F.);
#587 = ORIENTED_EDGE('',*,*,#206,.F.);
#588 = CYLINDRICAL_SURFACE('',#589,0.4);
#589 = AXIS2_PLACEMENT_3D('',#590,#591,#592);
#590 = CARTESIAN_POINT('',(-3.75,-3.75,0.));
#591 = DIRECTION('',(0.,0.,-1.));
#592 = DIRECTION('',(1.,0.,0.));
#593 = ADVANCED_FACE('',(#594),#612,.F.);
#594 = FACE_BOUND('',#595,.F.);
#595 = EDGE_LOOP('',(#596,#604,#610,#611));
#596 = ORIENTED_EDGE('',*,*,#597,.T.);
#597 = EDGE_CURVE('',#241,#598,#600,.T.);
#598 = VERTEX_POINT('',#599);
#599 = CARTESIAN_POINT('',(3.75,3.35,1.9));
#600 = LINE('',#601,#602);
#601 = CARTESIAN_POINT('',(3.75,3.35,0.));
#602 = VECTOR('',#603,1.);
#603 = DIRECTION('',(0.,0.,1.));
#604 = ORIENTED_EDGE('',*,*,#605,.T.);
#605 = EDGE_CURVE('',#598,#549,#606,.T.);
#606 = LINE('',#607,#608);
#607 = CARTESIAN_POINT('',(3.75,3.35,1.9));
#608 = VECTOR('',#609,1.);
#609 = DIRECTION('',(0.,-1.,0.));
#610 = ORIENTED_EDGE('',*,*,#557,.F.);
#611 = ORIENTED_EDGE('',*,*,#249,.F.);
#612 = PLANE('',#613);
#613 = AXIS2_PLACEMENT_3D('',#614,#615,#616);
#614 = CARTESIAN_POINT('',(3.75,3.35,0.));
#615 = DIRECTION('',(1.,0.,0.));
#616 = DIRECTION('',(0.,-1.,0.));
#617 = ADVANCED_FACE('',(#618),#636,.F.);
#618 = FACE_BOUND('',#619,.F.);
#619 = EDGE_LOOP('',(#620,#621,#629,#635));
#620 = ORIENTED_EDGE('',*,*,#572,.T.);
#621 = ORIENTED_EDGE('',*,*,#622,.T.);
#622 = EDGE_CURVE('',#573,#623,#625,.T.);
#623 = VERTEX_POINT('',#624);
#624 = CARTESIAN_POINT('',(-3.75,3.35,1.9));
#625 = LINE('',#626,#627);
#626 = CARTESIAN_POINT('',(-3.75,-3.35,1.9));
#627 = VECTOR('',#628,1.);
#628 = DIRECTION('',(0.,1.,0.));
#629 = ORIENTED_EDGE('',*,*,#630,.F.);
#630 = EDGE_CURVE('',#216,#623,#631,.T.);
#631 = LINE('',#632,#633);
#632 = CARTESIAN_POINT('',(-3.75,3.35,0.));
#633 = VECTOR('',#634,1.);
#634 = DIRECTION('',(0.,0.,1.));
#635 = ORIENTED_EDGE('',*,*,#215,.F.);
#636 = PLANE('',#637);
#637 = AXIS2_PLACEMENT_3D('',#638,#639,#640);
#638 = CARTESIAN_POINT('',(-3.75,-3.35,0.));
#639 = DIRECTION('',(-1.,0.,0.));
#640 = DIRECTION('',(0.,1.,0.));
#641 = ADVANCED_FACE('',(#642),#661,.T.);
#642 = FACE_BOUND('',#643,.T.);
#643 = EDGE_LOOP('',(#644,#645,#654,#660));
#644 = ORIENTED_EDGE('',*,*,#597,.T.);
#645 = ORIENTED_EDGE('',*,*,#646,.T.);
#646 = EDGE_CURVE('',#598,#647,#649,.T.);
#647 = VERTEX_POINT('',#648);
#648 = CARTESIAN_POINT('',(3.35,3.75,1.9));
#649 = CIRCLE('',#650,0.4);
#650 = AXIS2_PLACEMENT_3D('',#651,#652,#653);
#651 = CARTESIAN_POINT('',(3.75,3.75,1.9));
#652 = DIRECTION('',(0.,0.,-1.));
#653 = DIRECTION('',(1.,0.,0.));
#654 = ORIENTED_EDGE('',*,*,#655,.F.);
#655 = EDGE_CURVE('',#233,#647,#656,.T.);
#656 = LINE('',#657,#658);
#657 = CARTESIAN_POINT('',(3.35,3.75,0.));
#658 = VECTOR('',#659,1.);
#659 = DIRECTION('',(0.,0.,1.));
#660 = ORIENTED_EDGE('',*,*,#240,.F.);
#661 = CYLINDRICAL_SURFACE('',#662,0.4);
#662 = AXIS2_PLACEMENT_3D('',#663,#664,#665);
#663 = CARTESIAN_POINT('',(3.75,3.75,0.));
#664 = DIRECTION('',(0.,0.,-1.));
#665 = DIRECTION('',(1.,0.,0.));
#666 = ADVANCED_FACE('',(#667),#686,.T.);
#667 = FACE_BOUND('',#668,.T.);
#668 = EDGE_LOOP('',(#669,#677,#684,#685));
#669 = ORIENTED_EDGE('',*,*,#670,.T.);
#670 = EDGE_CURVE('',#224,#671,#673,.T.);
#671 = VERTEX_POINT('',#672);
#672 = CARTESIAN_POINT('',(-3.35,3.75,1.9));
#673 = LINE('',#674,#675);
#674 = CARTESIAN_POINT('',(-3.35,3.75,0.));
#675 = VECTOR('',#676,1.);
#676 = DIRECTION('',(0.,0.,1.));
#677 = ORIENTED_EDGE('',*,*,#678,.T.);
#678 = EDGE_CURVE('',#671,#623,#679,.T.);
#679 = CIRCLE('',#680,0.4);
#680 = AXIS2_PLACEMENT_3D('',#681,#682,#683);
#681 = CARTESIAN_POINT('',(-3.75,3.75,1.9));
#682 = DIRECTION('',(0.,0.,-1.));
#683 = DIRECTION('',(1.,0.,0.));
#684 = ORIENTED_EDGE('',*,*,#630,.F.);
#685 = ORIENTED_EDGE('',*,*,#223,.F.);
#686 = CYLINDRICAL_SURFACE('',#687,0.4);
#687 = AXIS2_PLACEMENT_3D('',#688,#689,#690);
#688 = CARTESIAN_POINT('',(-3.75,3.75,0.));
#689 = DIRECTION('',(0.,0.,-1.));
#690 = DIRECTION('',(1.,0.,0.));
#691 = ADVANCED_FACE('',(#692),#703,.F.);
#692 = FACE_BOUND('',#693,.F.);
#693 = EDGE_LOOP('',(#694,#695,#701,#702));
#694 = ORIENTED_EDGE('',*,*,#670,.T.);
#695 = ORIENTED_EDGE('',*,*,#696,.T.);
#696 = EDGE_CURVE('',#671,#647,#697,.T.);
#697 = LINE('',#698,#699);
#698 = CARTESIAN_POINT('',(-3.35,3.75,1.9));
#699 = VECTOR('',#700,1.);
#700 = DIRECTION('',(1.,0.,0.));
#701 = ORIENTED_EDGE('',*,*,#655,.F.);
#702 = ORIENTED_EDGE('',*,*,#232,.F.);
#703 = PLANE('',#704);
#704 = AXIS2_PLACEMENT_3D('',#705,#706,#707);
#705 = CARTESIAN_POINT('',(-3.35,3.75,0.));
#706 = DIRECTION('',(0.,1.,0.));
#707 = DIRECTION('',(1.,0.,0.));
#708 = ADVANCED_FACE('',(#709),#728,.T.);
#709 = FACE_BOUND('',#710,.F.);
#710 = EDGE_LOOP('',(#711,#719,#726,#727));
#711 = ORIENTED_EDGE('',*,*,#712,.T.);
#712 = EDGE_CURVE('',#299,#713,#715,.T.);
#713 = VERTEX_POINT('',#714);
#714 = CARTESIAN_POINT('',(-3.525,-3.725,-0.11));
#715 = LINE('',#716,#717);
#716 = CARTESIAN_POINT('',(-3.525,-3.725,0.));
#717 = VECTOR('',#718,1.);
#718 = DIRECTION('',(0.,0.,-1.));
#719 = ORIENTED_EDGE('',*,*,#720,.T.);
#720 = EDGE_CURVE('',#713,#713,#721,.T.);
#721 = CIRCLE('',#722,0.2);
#722 = AXIS2_PLACEMENT_3D('',#723,#724,#725);
#723 = CARTESIAN_POINT('',(-3.725,-3.725,-0.11));
#724 = DIRECTION('',(0.,0.,-1.));
#725 = DIRECTION('',(1.,0.,0.));
#726 = ORIENTED_EDGE('',*,*,#712,.F.);
#727 = ORIENTED_EDGE('',*,*,#298,.F.);
#728 = CYLINDRICAL_SURFACE('',#729,0.2);
#729 = AXIS2_PLACEMENT_3D('',#730,#731,#732);
#730 = CARTESIAN_POINT('',(-3.725,-3.725,0.));
#731 = DIRECTION('',(0.,0.,1.));
#732 = DIRECTION('',(1.,0.,0.));
#733 = ADVANCED_FACE('',(#734),#753,.T.);
#734 = FACE_BOUND('',#735,.F.);
#735 = EDGE_LOOP('',(#736,#744,#751,#752));
#736 = ORIENTED_EDGE('',*,*,#737,.T.);
#737 = EDGE_CURVE('',#310,#738,#740,.T.);
#738 = VERTEX_POINT('',#739);
#739 = CARTESIAN_POINT('',(3.925,-3.725,-0.11));
#740 = LINE('',#741,#742);
#741 = CARTESIAN_POINT('',(3.925,-3.725,0.));
#742 = VECTOR('',#743,1.);
#743 = DIRECTION('',(0.,0.,-1.));
#744 = ORIENTED_EDGE('',*,*,#745,.T.);
#745 = EDGE_CURVE('',#738,#738,#746,.T.);
#746 = CIRCLE('',#747,0.2);
#747 = AXIS2_PLACEMENT_3D('',#748,#749,#750);
#748 = CARTESIAN_POINT('',(3.725,-3.725,-0.11));
#749 = DIRECTION('',(0.,0.,-1.));
#750 = DIRECTION('',(1.,0.,0.));
#751 = ORIENTED_EDGE('',*,*,#737,.F.);
#752 = ORIENTED_EDGE('',*,*,#309,.F.);
#753 = CYLINDRICAL_SURFACE('',#754,0.2);
#754 = AXIS2_PLACEMENT_3D('',#755,#756,#757);
#755 = CARTESIAN_POINT('',(3.725,-3.725,0.));
#756 = DIRECTION('',(0.,0.,1.));
#757 = DIRECTION('',(1.,0.,0.));
#758 = ADVANCED_FACE('',(#759),#778,.T.);
#759 = FACE_BOUND('',#760,.F.);
#760 = EDGE_LOOP('',(#761,#769,#776,#777));
#761 = ORIENTED_EDGE('',*,*,#762,.T.);
#762 = EDGE_CURVE('',#324,#763,#765,.T.);
#763 = VERTEX_POINT('',#764);
#764 = CARTESIAN_POINT('',(3.925,3.725,-0.11));
#765 = LINE('',#766,#767);
#766 = CARTESIAN_POINT('',(3.925,3.725,0.));
#767 = VECTOR('',#768,1.);
#768 = DIRECTION('',(0.,0.,-1.));
#769 = ORIENTED_EDGE('',*,*,#770,.T.);
#770 = EDGE_CURVE('',#763,#763,#771,.T.);
#771 = CIRCLE('',#772,0.2);
#772 = AXIS2_PLACEMENT_3D('',#773,#774,#775);
#773 = CARTESIAN_POINT('',(3.725,3.725,-0.11));
#774 = DIRECTION('',(0.,0.,-1.));
#775 = DIRECTION('',(1.,0.,0.));
#776 = ORIENTED_EDGE('',*,*,#762,.F.);
#777 = ORIENTED_EDGE('',*,*,#323,.F.);
#778 = CYLINDRICAL_SURFACE('',#779,0.2);
#779 = AXIS2_PLACEMENT_3D('',#780,#781,#782);
#780 = CARTESIAN_POINT('',(3.725,3.725,0.));
#781 = DIRECTION('',(0.,0.,1.));
#782 = DIRECTION('',(1.,0.,0.));
#783 = ADVANCED_FACE('',(#784,#790),#801,.T.);
#784 = FACE_BOUND('',#785,.T.);
#785 = EDGE_LOOP('',(#786,#787,#788,#789));
#786 = ORIENTED_EDGE('',*,*,#396,.T.);
#787 = ORIENTED_EDGE('',*,*,#421,.T.);
#788 = ORIENTED_EDGE('',*,*,#379,.T.);
#789 = ORIENTED_EDGE('',*,*,#348,.T.);
#790 = FACE_BOUND('',#791,.T.);
#791 = EDGE_LOOP('',(#792));
#792 = ORIENTED_EDGE('',*,*,#793,.F.);
#793 = EDGE_CURVE('',#794,#794,#796,.T.);
#794 = VERTEX_POINT('',#795);
#795 = CARTESIAN_POINT('',(3.9,0.,2.));
#796 = CIRCLE('',#797,3.9);
#797 = AXIS2_PLACEMENT_3D('',#798,#799,#800);
#798 = CARTESIAN_POINT('',(0.,0.,2.));
#799 = DIRECTION('',(0.,0.,1.));
#800 = DIRECTION('',(1.,0.,0.));
#801 = PLANE('',#802);
#802 = AXIS2_PLACEMENT_3D('',#803,#804,#805);
#803 = CARTESIAN_POINT('',(0.,0.,2.));
#804 = DIRECTION('',(0.,0.,1.));
#805 = DIRECTION('',(1.,0.,0.));
#806 = ADVANCED_FACE('',(#807),#813,.F.);
#807 = FACE_BOUND('',#808,.F.);
#808 = EDGE_LOOP('',(#809,#810,#811,#812));
#809 = ORIENTED_EDGE('',*,*,#437,.F.);
#810 = ORIENTED_EDGE('',*,*,#469,.T.);
#811 = ORIENTED_EDGE('',*,*,#532,.T.);
#812 = ORIENTED_EDGE('',*,*,#484,.F.);
#813 = PLANE('',#814);
#814 = AXIS2_PLACEMENT_3D('',#815,#816,#817);
#815 = CARTESIAN_POINT('',(3.,-4.,0.15));
#816 = DIRECTION('',(0.,2.2E-16,1.));
#817 = DIRECTION('',(-1.,0.,0.));
#818 = ADVANCED_FACE('',(#819,#829),#868,.F.);
#819 = FACE_BOUND('',#820,.F.);
#820 = EDGE_LOOP('',(#821,#822,#823,#824,#825,#826,#827,#828));
#821 = ORIENTED_EDGE('',*,*,#516,.F.);
#822 = ORIENTED_EDGE('',*,*,#548,.T.);
#823 = ORIENTED_EDGE('',*,*,#605,.F.);
#824 = ORIENTED_EDGE('',*,*,#646,.T.);
#825 = ORIENTED_EDGE('',*,*,#696,.F.);
#826 = ORIENTED_EDGE('',*,*,#678,.T.);
#827 = ORIENTED_EDGE('',*,*,#622,.F.);
#828 = ORIENTED_EDGE('',*,*,#580,.T.);
#829 = FACE_BOUND('',#830,.F.);
#830 = EDGE_LOOP('',(#831,#841,#850,#860));
#831 = ORIENTED_EDGE('',*,*,#832,.F.);
#832 = EDGE_CURVE('',#833,#835,#837,.T.);
#833 = VERTEX_POINT('',#834);
#834 = CARTESIAN_POINT('',(3.4,0.,1.9));
#835 = VERTEX_POINT('',#836);
#836 = CARTESIAN_POINT('',(3.437990336961,0.,1.9));
#837 = LINE('',#838,#839);
#838 = CARTESIAN_POINT('',(1.695900841073,2.18E-15,1.9));
#839 = VECTOR('',#840,1.);
#840 = DIRECTION('',(1.,-8.8E-16,0.));
#841 = ORIENTED_EDGE('',*,*,#842,.F.);
#842 = EDGE_CURVE('',#843,#833,#845,.T.);
#843 = VERTEX_POINT('',#844);
#844 = CARTESIAN_POINT('',(3.360062877629,0.519593551133,1.9));
#845 = CIRCLE('',#846,3.4);
#846 = AXIS2_PLACEMENT_3D('',#847,#848,#849);
#847 = CARTESIAN_POINT('',(0.,0.,1.9));
#848 = DIRECTION('',(0.,0.,1.));
#849 = DIRECTION('',(1.,0.,0.));
#850 = ORIENTED_EDGE('',*,*,#851,.F.);
#851 = EDGE_CURVE('',#852,#843,#854,.T.);
#852 = VERTEX_POINT('',#853);
#853 = CARTESIAN_POINT('',(3.378802103921,0.522491348496,1.9));
#854 = B_SPLINE_CURVE_WITH_KNOTS('',4,(#855,#856,#857,#858,#859),
  .UNSPECIFIED.,.F.,.F.,(5,5),(0.,1.),.PIECEWISE_BEZIER_KNOTS.);
#855 = CARTESIAN_POINT('',(3.378802103921,0.522491348496,1.9));
#856 = CARTESIAN_POINT('',(3.341742586967,0.516760537157,1.9));
#857 = CARTESIAN_POINT('',(3.304683070014,0.511029725817,1.9));
#858 = CARTESIAN_POINT('',(3.26762355306,0.505298914477,1.9));
#859 = CARTESIAN_POINT('',(3.230564036107,0.499568103137,1.9));
#860 = ORIENTED_EDGE('',*,*,#861,.F.);
#861 = EDGE_CURVE('',#835,#852,#862,.T.);
#862 = B_SPLINE_CURVE_WITH_KNOTS('',4,(#863,#864,#865,#866,#867),
  .UNSPECIFIED.,.F.,.F.,(5,5),(0.,1.),.PIECEWISE_BEZIER_KNOTS.);
#863 = CARTESIAN_POINT('',(3.437990336955,3.9E-16,1.9));
#864 = CARTESIAN_POINT('',(3.433245342918,0.131531064761,1.9));
#865 = CARTESIAN_POINT('',(3.421782788765,0.262800877433,1.9));
#866 = CARTESIAN_POINT('',(3.403607056508,0.393292625195,1.9));
#867 = CARTESIAN_POINT('',(3.378802103921,0.522491348496,1.9));
#868 = PLANE('',#869);
#869 = AXIS2_PLACEMENT_3D('',#870,#871,#872);
#870 = CARTESIAN_POINT('',(-5.1E-16,1.E-17,1.9));
#871 = DIRECTION('',(0.,0.,1.));
#872 = DIRECTION('',(1.,0.,0.));
#873 = ADVANCED_FACE('',(#874,#885),#888,.T.);
#874 = FACE_BOUND('',#875,.T.);
#875 = EDGE_LOOP('',(#876));
#876 = ORIENTED_EDGE('',*,*,#877,.F.);
#877 = EDGE_CURVE('',#878,#878,#880,.T.);
#878 = VERTEX_POINT('',#879);
#879 = CARTESIAN_POINT('',(-3.455,-3.725,-0.11));
#880 = CIRCLE('',#881,0.27);
#881 = AXIS2_PLACEMENT_3D('',#882,#883,#884);
#882 = CARTESIAN_POINT('',(-3.725,-3.725,-0.11));
#883 = DIRECTION('',(0.,0.,-1.));
#884 = DIRECTION('',(1.,0.,0.));
#885 = FACE_BOUND('',#886,.T.);
#886 = EDGE_LOOP('',(#887));
#887 = ORIENTED_EDGE('',*,*,#720,.T.);
#888 = PLANE('',#889);
#889 = AXIS2_PLACEMENT_3D('',#890,#891,#892);
#890 = CARTESIAN_POINT('',(1.6E-16,-4.E-17,-0.11));
#891 = DIRECTION('',(0.,0.,1.));
#892 = DIRECTION('',(0.,1.,0.));
#893 = ADVANCED_FACE('',(#894,#905),#908,.T.);
#894 = FACE_BOUND('',#895,.T.);
#895 = EDGE_LOOP('',(#896));
#896 = ORIENTED_EDGE('',*,*,#897,.F.);
#897 = EDGE_CURVE('',#898,#898,#900,.T.);
#898 = VERTEX_POINT('',#899);
#899 = CARTESIAN_POINT('',(3.995,-3.725,-0.11));
#900 = CIRCLE('',#901,0.27);
#901 = AXIS2_PLACEMENT_3D('',#902,#903,#904);
#902 = CARTESIAN_POINT('',(3.725,-3.725,-0.11));
#903 = DIRECTION('',(0.,0.,-1.));
#904 = DIRECTION('',(1.,0.,0.));
#905 = FACE_BOUND('',#906,.T.);
#906 = EDGE_LOOP('',(#907));
#907 = ORIENTED_EDGE('',*,*,#745,.T.);
#908 = PLANE('',#909);
#909 = AXIS2_PLACEMENT_3D('',#910,#911,#912);
#910 = CARTESIAN_POINT('',(1.6E-16,-4.E-17,-0.11));
#911 = DIRECTION('',(0.,0.,1.));
#912 = DIRECTION('',(0.,1.,0.));
#913 = ADVANCED_FACE('',(#914,#925),#928,.T.);
#914 = FACE_BOUND('',#915,.T.);
#915 = EDGE_LOOP('',(#916));
#916 = ORIENTED_EDGE('',*,*,#917,.F.);
#917 = EDGE_CURVE('',#918,#918,#920,.T.);
#918 = VERTEX_POINT('',#919);
#919 = CARTESIAN_POINT('',(3.995,3.725,-0.11));
#920 = CIRCLE('',#921,0.27);
#921 = AXIS2_PLACEMENT_3D('',#922,#923,#924);
#922 = CARTESIAN_POINT('',(3.725,3.725,-0.11));
#923 = DIRECTION('',(0.,0.,-1.));
#924 = DIRECTION('',(1.,0.,0.));
#925 = FACE_BOUND('',#926,.T.);
#926 = EDGE_LOOP('',(#927));
#927 = ORIENTED_EDGE('',*,*,#770,.T.);
#928 = PLANE('',#929);
#929 = AXIS2_PLACEMENT_3D('',#930,#931,#932);
#930 = CARTESIAN_POINT('',(1.6E-16,-4.E-17,-0.11));
#931 = DIRECTION('',(0.,0.,1.));
#932 = DIRECTION('',(0.,1.,0.));
#933 = ADVANCED_FACE('',(#934),#953,.T.);
#934 = FACE_BOUND('',#935,.F.);
#935 = EDGE_LOOP('',(#936,#944,#951,#952));
#936 = ORIENTED_EDGE('',*,*,#937,.T.);
#937 = EDGE_CURVE('',#794,#938,#940,.T.);
#938 = VERTEX_POINT('',#939);
#939 = CARTESIAN_POINT('',(3.9,0.,3.9));
#940 = LINE('',#941,#942);
#941 = CARTESIAN_POINT('',(3.9,0.,2.));
#942 = VECTOR('',#943,1.);
#943 = DIRECTION('',(0.,0.,1.));
#944 = ORIENTED_EDGE('',*,*,#945,.T.);
#945 = EDGE_CURVE('',#938,#938,#946,.T.);
#946 = CIRCLE('',#947,3.9);
#947 = AXIS2_PLACEMENT_3D('',#948,#949,#950);
#948 = CARTESIAN_POINT('',(0.,0.,3.9));
#949 = DIRECTION('',(0.,0.,1.));
#950 = DIRECTION('',(1.,0.,0.));
#951 = ORIENTED_EDGE('',*,*,#937,.F.);
#952 = ORIENTED_EDGE('',*,*,#793,.F.);
#953 = CYLINDRICAL_SURFACE('',#954,3.9);
#954 = AXIS2_PLACEMENT_3D('',#955,#956,#957);
#955 = CARTESIAN_POINT('',(0.,0.,2.));
#956 = DIRECTION('',(-0.,-0.,-1.));
#957 = DIRECTION('',(1.,0.,0.));
#958 = ADVANCED_FACE('',(#959),#991,.F.);
#959 = FACE_BOUND('',#960,.F.);
#960 = EDGE_LOOP('',(#961,#971,#977,#978,#986));
#961 = ORIENTED_EDGE('',*,*,#962,.F.);
#962 = EDGE_CURVE('',#963,#965,#967,.T.);
#963 = VERTEX_POINT('',#964);
#964 = CARTESIAN_POINT('',(3.4,1.E-15,2.087790999994));
#965 = VERTEX_POINT('',#966);
#966 = CARTESIAN_POINT('',(3.418962000001,0.,2.087790999998));
#967 = LINE('',#968,#969);
#968 = CARTESIAN_POINT('',(3.268962000001,1.31E-15,2.087790999994));
#969 = VECTOR('',#970,1.);
#970 = DIRECTION('',(1.,0.,0.));
#971 = ORIENTED_EDGE('',*,*,#972,.T.);
#972 = EDGE_CURVE('',#963,#833,#973,.T.);
#973 = LINE('',#974,#975);
#974 = CARTESIAN_POINT('',(3.4,0.,4.));
#975 = VECTOR('',#976,1.);
#976 = DIRECTION('',(-0.,-0.,-1.));
#977 = ORIENTED_EDGE('',*,*,#832,.T.);
#978 = ORIENTED_EDGE('',*,*,#979,.T.);
#979 = EDGE_CURVE('',#835,#980,#982,.T.);
#980 = VERTEX_POINT('',#981);
#981 = CARTESIAN_POINT('',(3.574817000005,2.E-15,1.987790999996));
#982 = LINE('',#983,#984);
#983 = CARTESIAN_POINT('',(3.418962,4.2E-16,1.887790999994));
#984 = VECTOR('',#985,1.);
#985 = DIRECTION('',(0.841651014047,1.2E-16,0.540021824146));
#986 = ORIENTED_EDGE('',*,*,#987,.T.);
#987 = EDGE_CURVE('',#980,#965,#988,.T.);
#988 = B_SPLINE_CURVE_WITH_KNOTS('',1,(#989,#990),.UNSPECIFIED.,.F.,.F.,
  (2,2),(-0.185177701212,-0.),.PIECEWISE_BEZIER_KNOTS.);
#989 = CARTESIAN_POINT('',(3.574817000005,2.22E-15,1.987790999996));
#990 = CARTESIAN_POINT('',(3.418962000001,4.4E-16,2.087790999998));
#991 = PLANE('',#992);
#992 = AXIS2_PLACEMENT_3D('',#993,#994,#995);
#993 = CARTESIAN_POINT('',(3.391801682145,9.7E-16,1.987790999994));
#994 = DIRECTION('',(-8.8E-16,-1.,3.21E-15));
#995 = DIRECTION('',(0.,-3.21E-15,-1.));
#996 = ADVANCED_FACE('',(#997),#1076,.T.);
#997 = FACE_BOUND('',#998,.T.);
#998 = EDGE_LOOP('',(#999,#1034,#1035,#1036,#1071));
#999 = ORIENTED_EDGE('',*,*,#1000,.F.);
#1000 = EDGE_CURVE('',#852,#1001,#1003,.T.);
#1001 = VERTEX_POINT('',#1002);
#1002 = CARTESIAN_POINT('',(3.418961991375,1.7747E-11,2.387791000145));
#1003 = B_SPLINE_CURVE_WITH_KNOTS('',8,(#1004,#1005,#1006,#1007,#1008,
    #1009,#1010,#1011,#1012,#1013,#1014,#1015,#1016,#1017,#1018,#1019,
    #1020,#1021,#1022,#1023,#1024,#1025,#1026,#1027,#1028,#1029,#1030,
    #1031,#1032,#1033),.UNSPECIFIED.,.F.,.F.,(9,7,7,7,9),(0.,
    1.571823592537,3.143647185075,4.715470777612,6.28729437015),
  .UNSPECIFIED.);
#1004 = CARTESIAN_POINT('',(3.418962,4.4E-16,1.887790999997));
#1005 = CARTESIAN_POINT('',(3.418961987343,0.671310251365,1.903416000212
    ));
#1006 = CARTESIAN_POINT('',(3.268319369245,1.342628644487,1.91904100058)
  );
#1007 = CARTESIAN_POINT('',(2.967038435554,1.974486845765,1.934665997371
    ));
#1008 = CARTESIAN_POINT('',(2.527495737583,2.527506087411,1.950291004858
    ));
#1009 = CARTESIAN_POINT('',(1.974496904806,2.967032551227,1.965915996125
    ));
#1010 = CARTESIAN_POINT('',(1.342623211119,3.268320889151,1.981541001261
    ));
#1011 = CARTESIAN_POINT('',(0.67131160268,3.418961986923,1.997166000232)
  );
#1012 = CARTESIAN_POINT('',(-0.671311604399,3.418962003804,
    2.028415999947));
#1013 = CARTESIAN_POINT('',(-1.342623313789,3.268320984763,
    2.044040998602));
#1014 = CARTESIAN_POINT('',(-1.974496565907,2.967032267789,
    2.059666004589));
#1015 = CARTESIAN_POINT('',(-2.527496183259,2.527506370718,
    2.075290994682));
#1016 = CARTESIAN_POINT('',(-2.967038162006,1.974486725074,2.09091600318
    ));
#1017 = CARTESIAN_POINT('',(-3.268319430426,1.342628657669,2.10654099935
    ));
#1018 = CARTESIAN_POINT('',(-3.418961996587,0.671310251259,
    2.122166000053));
#1019 = CARTESIAN_POINT('',(-3.418961994766,-0.671310251334,
    2.153416000087));
#1020 = CARTESIAN_POINT('',(-3.268319359474,-1.34262864447,2.16904100075
    ));
#1021 = CARTESIAN_POINT('',(-2.967038445597,-1.974486845771,
    2.184665997166));
#1022 = CARTESIAN_POINT('',(-2.527495729548,-2.527506087396,
    2.200291005059));
#1023 = CARTESIAN_POINT('',(-1.974496909688,-2.967032551216,
    2.215915995987));
#1024 = CARTESIAN_POINT('',(-1.342623209001,-3.268320889147,
    2.231541001317));
#1025 = CARTESIAN_POINT('',(-0.67131160322,-3.418961986913,
    2.247166000229));
#1026 = CARTESIAN_POINT('',(0.671311604938,-3.418962003794,
    2.278415999944));
#1027 = CARTESIAN_POINT('',(1.342623311673,-3.268320984757,
    2.294040998637));
#1028 = CARTESIAN_POINT('',(1.974496570766,-2.967032267782,
    2.309666004476));
#1029 = CARTESIAN_POINT('',(2.527496175281,-2.52750637071,2.325290994879
    ));
#1030 = CARTESIAN_POINT('',(2.967038171987,-1.974486725025,
    2.340916002956));
#1031 = CARTESIAN_POINT('',(3.268319420696,-1.342628657742,
    2.356540999533));
#1032 = CARTESIAN_POINT('',(3.418962003984,-0.671310251173,
    2.372165999929));
#1033 = CARTESIAN_POINT('',(3.418961991375,1.770048E-11,2.387791000143)
  );
#1034 = ORIENTED_EDGE('',*,*,#861,.F.);
#1035 = ORIENTED_EDGE('',*,*,#979,.T.);
#1036 = ORIENTED_EDGE('',*,*,#1037,.T.);
#1037 = EDGE_CURVE('',#980,#1038,#1040,.T.);
#1038 = VERTEX_POINT('',#1039);
#1039 = CARTESIAN_POINT('',(3.574816991379,1.774E-11,2.487791000143));
#1040 = B_SPLINE_CURVE_WITH_KNOTS('',8,(#1041,#1042,#1043,#1044,#1045,
    #1046,#1047,#1048,#1049,#1050,#1051,#1052,#1053,#1054,#1055,#1056,
    #1057,#1058,#1059,#1060,#1061,#1062,#1063,#1064,#1065,#1066,#1067,
    #1068,#1069,#1070),.UNSPECIFIED.,.F.,.F.,(9,7,7,7,9),(0.,
    1.571823592537,3.143647185075,4.715470777612,6.28729437015),
  .UNSPECIFIED.);
#1041 = CARTESIAN_POINT('',(3.574817000005,1.78E-15,1.987790999996));
#1042 = CARTESIAN_POINT('',(3.574816987348,0.701912309684,2.00341600021)
  );
#1043 = CARTESIAN_POINT('',(3.417307275156,1.403832767105,2.019041000573
    ));
#1044 = CARTESIAN_POINT('',(3.102292219723,2.064495175052,2.034665997381
    ));
#1045 = CARTESIAN_POINT('',(2.642712911535,2.642723256823,2.050291004845
    ));
#1046 = CARTESIAN_POINT('',(2.064505229661,3.10228633799,2.065915996137)
  );
#1047 = CARTESIAN_POINT('',(1.403827336172,3.417308794385,2.081541001249
    ));
#1048 = CARTESIAN_POINT('',(0.701913660372,3.574816986928,2.097166000231
    ));
#1049 = CARTESIAN_POINT('',(-0.701913662091,3.574817003809,
    2.128415999946));
#1050 = CARTESIAN_POINT('',(-1.403827438841,3.417308889997,
    2.144040998585));
#1051 = CARTESIAN_POINT('',(-2.064504890764,3.102286054552,
    2.159666004628));
#1052 = CARTESIAN_POINT('',(-2.642713357208,2.642723540131,
    2.175290994632));
#1053 = CARTESIAN_POINT('',(-3.102291946177,2.064495054361,
    2.190916003209));
#1054 = CARTESIAN_POINT('',(-3.417307336337,1.403832780287,2.20654099934
    ));
#1055 = CARTESIAN_POINT('',(-3.574816996591,0.701912309578,
    2.222166000052));
#1056 = CARTESIAN_POINT('',(-3.57481699477,-0.701912309652,
    2.253416000085));
#1057 = CARTESIAN_POINT('',(-3.417307265386,-1.403832767088,
    2.269041000741));
#1058 = CARTESIAN_POINT('',(-3.102292229767,-2.064495175058,
    2.284665997174));
#1059 = CARTESIAN_POINT('',(-2.6427129035,-2.642723256809,2.300291005048
    ));
#1060 = CARTESIAN_POINT('',(-2.064505234544,-3.102286337979,
    2.315915995994));
#1061 = CARTESIAN_POINT('',(-1.403827334054,-3.417308794382,
    2.33154100131));
#1062 = CARTESIAN_POINT('',(-0.701913660912,-3.574816986917,
    2.347166000228));
#1063 = CARTESIAN_POINT('',(0.70191366263,-3.574817003798,2.378415999943
    ));
#1064 = CARTESIAN_POINT('',(1.403827436725,-3.417308889992,
    2.394040998628));
#1065 = CARTESIAN_POINT('',(2.064504895624,-3.102286054545,
    2.409666004474));
#1066 = CARTESIAN_POINT('',(2.642713349229,-2.642723540123,
    2.425290994901));
#1067 = CARTESIAN_POINT('',(3.102291956159,-2.064495054313,
    2.440916002923));
#1068 = CARTESIAN_POINT('',(3.417307326606,-1.40383278036,2.456540999544
    ));
#1069 = CARTESIAN_POINT('',(3.574817003988,-0.701912309491,
    2.472165999928));
#1070 = CARTESIAN_POINT('',(3.574816991379,1.769321E-11,2.487791000141)
  );
#1071 = ORIENTED_EDGE('',*,*,#1072,.F.);
#1072 = EDGE_CURVE('',#1001,#1038,#1073,.T.);
#1073 = B_SPLINE_CURVE_WITH_KNOTS('',1,(#1074,#1075),.UNSPECIFIED.,.F.,
  .F.,(2,2),(0.,0.185177701212),.PIECEWISE_BEZIER_KNOTS.);
#1074 = CARTESIAN_POINT('',(3.418961991375,1.770048E-11,2.387791000143)
  );
#1075 = CARTESIAN_POINT('',(3.574816991379,1.769321E-11,2.487791000141)
  );
#1076 = B_SPLINE_SURFACE_WITH_KNOTS('',1,8,(
    (#1077,#1078,#1079,#1080,#1081,#1082,#1083,#1084,#1085,#1086,#1087
      ,#1088,#1089,#1090,#1091,#1092,#1093,#1094,#1095,#1096,#1097,#1098
      ,#1099,#1100,#1101,#1102,#1103,#1104,#1105,#1106)
    ,(#1107,#1108,#1109,#1110,#1111,#1112,#1113,#1114,#1115,#1116,#1117
      ,#1118,#1119,#1120,#1121,#1122,#1123,#1124,#1125,#1126,#1127,#1128
      ,#1129,#1130,#1131,#1132,#1133,#1134,#1135,#1136
  )),.UNSPECIFIED.,.F.,.F.,.F.,(2,2),(9,7,7,7,9),(0.,0.185177701212),(0.
    ,1.571823592537,3.143647185075,4.715470777612,6.28729437015),
  .UNSPECIFIED.);
#1077 = CARTESIAN_POINT('',(3.418962,4.4E-16,1.887790999997));
#1078 = CARTESIAN_POINT('',(3.418961987343,0.671310251365,1.903416000212
    ));
#1079 = CARTESIAN_POINT('',(3.268319369245,1.342628644487,1.91904100058)
  );
#1080 = CARTESIAN_POINT('',(2.967038435554,1.974486845765,1.934665997371
    ));
#1081 = CARTESIAN_POINT('',(2.527495737583,2.527506087411,1.950291004858
    ));
#1082 = CARTESIAN_POINT('',(1.974496904806,2.967032551227,1.965915996125
    ));
#1083 = CARTESIAN_POINT('',(1.342623211119,3.268320889151,1.981541001261
    ));
#1084 = CARTESIAN_POINT('',(0.67131160268,3.418961986923,1.997166000232)
  );
#1085 = CARTESIAN_POINT('',(-0.671311604399,3.418962003804,
    2.028415999947));
#1086 = CARTESIAN_POINT('',(-1.342623313789,3.268320984763,
    2.044040998602));
#1087 = CARTESIAN_POINT('',(-1.974496565907,2.967032267789,
    2.059666004589));
#1088 = CARTESIAN_POINT('',(-2.527496183259,2.527506370718,
    2.075290994682));
#1089 = CARTESIAN_POINT('',(-2.967038162006,1.974486725074,2.09091600318
    ));
#1090 = CARTESIAN_POINT('',(-3.268319430426,1.342628657669,2.10654099935
    ));
#1091 = CARTESIAN_POINT('',(-3.418961996587,0.671310251259,
    2.122166000053));
#1092 = CARTESIAN_POINT('',(-3.418961994766,-0.671310251334,
    2.153416000087));
#1093 = CARTESIAN_POINT('',(-3.268319359474,-1.34262864447,2.16904100075
    ));
#1094 = CARTESIAN_POINT('',(-2.967038445597,-1.974486845771,
    2.184665997166));
#1095 = CARTESIAN_POINT('',(-2.527495729548,-2.527506087396,
    2.200291005059));
#1096 = CARTESIAN_POINT('',(-1.974496909688,-2.967032551216,
    2.215915995987));
#1097 = CARTESIAN_POINT('',(-1.342623209001,-3.268320889147,
    2.231541001317));
#1098 = CARTESIAN_POINT('',(-0.67131160322,-3.418961986913,
    2.247166000229));
#1099 = CARTESIAN_POINT('',(0.671311604938,-3.418962003794,
    2.278415999944));
#1100 = CARTESIAN_POINT('',(1.342623311673,-3.268320984757,
    2.294040998637));
#1101 = CARTESIAN_POINT('',(1.974496570766,-2.967032267782,
    2.309666004476));
#1102 = CARTESIAN_POINT('',(2.527496175281,-2.52750637071,2.325290994879
    ));
#1103 = CARTESIAN_POINT('',(2.967038171987,-1.974486725025,
    2.340916002956));
#1104 = CARTESIAN_POINT('',(3.268319420696,-1.342628657742,
    2.356540999533));
#1105 = CARTESIAN_POINT('',(3.418962003984,-0.671310251173,
    2.372165999929));
#1106 = CARTESIAN_POINT('',(3.418961991375,1.770048E-11,2.387791000143)
  );
#1107 = CARTESIAN_POINT('',(3.574817000005,1.78E-15,1.987790999996));
#1108 = CARTESIAN_POINT('',(3.574816987348,0.701912309684,2.00341600021)
  );
#1109 = CARTESIAN_POINT('',(3.417307275156,1.403832767105,2.019041000573
    ));
#1110 = CARTESIAN_POINT('',(3.102292219723,2.064495175052,2.034665997381
    ));
#1111 = CARTESIAN_POINT('',(2.642712911535,2.642723256823,2.050291004845
    ));
#1112 = CARTESIAN_POINT('',(2.064505229661,3.10228633799,2.065915996137)
  );
#1113 = CARTESIAN_POINT('',(1.403827336172,3.417308794385,2.081541001249
    ));
#1114 = CARTESIAN_POINT('',(0.701913660372,3.574816986928,2.097166000231
    ));
#1115 = CARTESIAN_POINT('',(-0.701913662091,3.574817003809,
    2.128415999946));
#1116 = CARTESIAN_POINT('',(-1.403827438841,3.417308889997,
    2.144040998585));
#1117 = CARTESIAN_POINT('',(-2.064504890764,3.102286054552,
    2.159666004628));
#1118 = CARTESIAN_POINT('',(-2.642713357208,2.642723540131,
    2.175290994632));
#1119 = CARTESIAN_POINT('',(-3.102291946177,2.064495054361,
    2.190916003209));
#1120 = CARTESIAN_POINT('',(-3.417307336337,1.403832780287,2.20654099934
    ));
#1121 = CARTESIAN_POINT('',(-3.574816996591,0.701912309578,
    2.222166000052));
#1122 = CARTESIAN_POINT('',(-3.57481699477,-0.701912309652,
    2.253416000085));
#1123 = CARTESIAN_POINT('',(-3.417307265386,-1.403832767088,
    2.269041000741));
#1124 = CARTESIAN_POINT('',(-3.102292229767,-2.064495175058,
    2.284665997174));
#1125 = CARTESIAN_POINT('',(-2.6427129035,-2.642723256809,2.300291005048
    ));
#1126 = CARTESIAN_POINT('',(-2.064505234544,-3.102286337979,
    2.315915995994));
#1127 = CARTESIAN_POINT('',(-1.403827334054,-3.417308794382,
    2.33154100131));
#1128 = CARTESIAN_POINT('',(-0.701913660912,-3.574816986917,
    2.347166000228));
#1129 = CARTESIAN_POINT('',(0.70191366263,-3.574817003798,2.378415999943
    ));
#1130 = CARTESIAN_POINT('',(1.403827436725,-3.417308889992,
    2.394040998628));
#1131 = CARTESIAN_POINT('',(2.064504895624,-3.102286054545,
    2.409666004474));
#1132 = CARTESIAN_POINT('',(2.642713349229,-2.642723540123,
    2.425290994901));
#1133 = CARTESIAN_POINT('',(3.102291956159,-2.064495054313,
    2.440916002923));
#1134 = CARTESIAN_POINT('',(3.417307326606,-1.40383278036,2.456540999544
    ));
#1135 = CARTESIAN_POINT('',(3.574817003988,-0.701912309491,
    2.472165999928));
#1136 = CARTESIAN_POINT('',(3.574816991379,1.769321E-11,2.487791000141)
  );
#1137 = ADVANCED_FACE('',(#1138),#1252,.T.);
#1138 = FACE_BOUND('',#1139,.T.);
#1139 = EDGE_LOOP('',(#1140,#1147,#1250,#1251));
#1140 = ORIENTED_EDGE('',*,*,#1141,.F.);
#1141 = EDGE_CURVE('',#1142,#1001,#1144,.T.);
#1142 = VERTEX_POINT('',#1143);
#1143 = CARTESIAN_POINT('',(3.4,8.851E-12,2.387791000143));
#1144 = B_SPLINE_CURVE_WITH_KNOTS('',1,(#1145,#1146),.UNSPECIFIED.,.F.,
  .F.,(2,2),(0.,0.15),.PIECEWISE_BEZIER_KNOTS.);
#1145 = CARTESIAN_POINT('',(3.268961991375,1.770908E-11,2.387791000143)
  );
#1146 = CARTESIAN_POINT('',(3.418961991375,1.770048E-11,2.387791000143)
  );
#1147 = ORIENTED_EDGE('',*,*,#1148,.F.);
#1148 = EDGE_CURVE('',#843,#1142,#1149,.T.);
#1149 = B_SPLINE_CURVE_WITH_KNOTS('',8,(#1150,#1151,#1152,#1153,#1154,
    #1155,#1156,#1157,#1158,#1159,#1160,#1161,#1162,#1163,#1164,#1165,
    #1166,#1167,#1168,#1169,#1170,#1171,#1172,#1173,#1174,#1175,#1176,
    #1177,#1178,#1179,#1180,#1181,#1182,#1183,#1184,#1185,#1186,#1187,
    #1188,#1189,#1190,#1191,#1192,#1193,#1194,#1195,#1196,#1197,#1198,
    #1199,#1200,#1201,#1202,#1203,#1204,#1205,#1206,#1207,#1208,#1209,
    #1210,#1211,#1212,#1213,#1214,#1215,#1216,#1217,#1218,#1219,#1220,
    #1221,#1222,#1223,#1224,#1225,#1226,#1227,#1228,#1229,#1230,#1231,
    #1232,#1233,#1234,#1235,#1236,#1237,#1238,#1239,#1240,#1241,#1242,
    #1243,#1244,#1245,#1246,#1247,#1248,#1249),.UNSPECIFIED.,.F.,.F.,(9,
    7,7,7,7,7,7,7,7,7,7,7,7,7,9),(0.,0.12251422712,0.245451913685,
    0.366357468473,0.488340383411,0.511014301043,0.544847263255,
    0.574511916337,0.6278241776,0.672934681921,0.743674959393,
    0.770122321028,0.945315718815,0.983196042541,1.),.UNSPECIFIED.);
#1150 = CARTESIAN_POINT('',(3.360066795179,0.519568216825,1.8999994));
#1151 = CARTESIAN_POINT('',(3.311303590056,0.834921660424,1.907468005837
    ));
#1152 = CARTESIAN_POINT('',(3.228692060113,1.145191039798,1.914940084212
    ));
#1153 = CARTESIAN_POINT('',(3.112869876693,1.445912192112,1.92241034443)
  );
#1154 = CARTESIAN_POINT('',(2.965197099248,1.732957763041,1.929879070306
    ));
#1155 = CARTESIAN_POINT('',(2.787580101123,2.002502980795,1.937347789325
    ));
#1156 = CARTESIAN_POINT('',(2.582415641915,2.251009636798,1.944818038257
    ));
#1157 = CARTESIAN_POINT('',(2.352632317102,2.475267022118,1.952290117802
    ));
#1158 = CARTESIAN_POINT('',(1.850113957653,2.870471932089,1.967253154542
    ));
#1159 = CARTESIAN_POINT('',(1.576997460417,3.041417907649,1.97475111166)
  );
#1160 = CARTESIAN_POINT('',(1.286006858144,3.182507278521,1.982247205552
    ));
#1161 = CARTESIAN_POINT('',(0.980994168997,3.291631400083,1.989741745156
    ));
#1162 = CARTESIAN_POINT('',(0.666006119186,3.367284065251,1.997236284844
    ));
#1163 = CARTESIAN_POINT('',(0.345253745989,3.408510477266,2.004732377871
    ));
#1164 = CARTESIAN_POINT('',(2.311488959327E-02,3.414966547191,
    2.012230332149));
#1165 = CARTESIAN_POINT('',(-0.609591497259,3.359697518539,
    2.027095304787));
#1166 = CARTESIAN_POINT('',(-0.92054562066,3.299072975224,2.034469099764
    ));
#1167 = CARTESIAN_POINT('',(-1.22442129195,3.205556789522,2.041841184789
    ));
#1168 = CARTESIAN_POINT('',(-1.517172623929,3.080179924408,
    2.049211832743));
#1169 = CARTESIAN_POINT('',(-1.795003340274,2.924511047877,
    2.056582483285));
#1170 = CARTESIAN_POINT('',(-2.054355967556,2.740603645931,
    2.063954572717));
#1171 = CARTESIAN_POINT('',(-2.291947156123,2.531036825614,
    2.071328367654));
#1172 = CARTESIAN_POINT('',(-2.719721828616,2.064959460459,2.08613513178
    ));
#1173 = CARTESIAN_POINT('',(-2.909657574839,1.807836318699,
    2.093574749731));
#1174 = CARTESIAN_POINT('',(-3.071647462019,1.53090561913,2.10101256997)
  );
#1175 = CARTESIAN_POINT('',(-3.203346406721,1.237758425663,
    2.108448910934));
#1176 = CARTESIAN_POINT('',(-3.302976808618,0.932220107985,
    2.115885255462));
#1177 = CARTESIAN_POINT('',(-3.369282269712,0.61831738941,2.123323075531
    ));
#1178 = CARTESIAN_POINT('',(-3.401583929426,0.300285108941,2.13076267708
    ));
#1179 = CARTESIAN_POINT('',(-3.399652611789,-7.64840117802E-02,
    2.13958114216));
#1180 = CARTESIAN_POINT('',(-3.398177573413,-0.135533918865,
    2.140963372714));
#1181 = CARTESIAN_POINT('',(-3.395530357731,-0.194550661601,
    2.142345602823));
#1182 = CARTESIAN_POINT('',(-3.391711858489,-0.253507078203,
    2.143727832474));
#1183 = CARTESIAN_POINT('',(-3.386723722254,-0.312376067894,
    2.145110061689));
#1184 = CARTESIAN_POINT('',(-3.380568348414,-0.371130590901,
    2.146492290527));
#1185 = CARTESIAN_POINT('',(-3.373248889178,-0.429743668457,
    2.147874519085));
#1186 = CARTESIAN_POINT('',(-3.352116326917,-0.575396859251,
    2.151319244252));
#1187 = CARTESIAN_POINT('',(-3.336880172889,-0.662230817886,
    2.15338174312));
#1188 = CARTESIAN_POINT('',(-3.319073819227,-0.748600582257,
    2.155444243581));
#1189 = CARTESIAN_POINT('',(-3.298713926324,-0.834417394007,
    2.157506745059));
#1190 = CARTESIAN_POINT('',(-3.275820783227,-0.919593412873,
    2.159569246914));
#1191 = CARTESIAN_POINT('',(-3.250418307641,-1.004041716684,
    2.161631748444));
#1192 = CARTESIAN_POINT('',(-3.222534045931,-1.08767630136,
    2.163694248888));
#1193 = CARTESIAN_POINT('',(-3.165601635701,-1.242954596779,
    2.16756514076));
#1194 = CARTESIAN_POINT('',(-3.137120013614,-1.314806474104,
    2.169373535248));
#1195 = CARTESIAN_POINT('',(-3.106775320732,-1.385910426172,
    2.171181930429));
#1196 = CARTESIAN_POINT('',(-3.074590569629,-1.456210113707,
    2.172990325882));
#1197 = CARTESIAN_POINT('',(-3.040590771579,-1.52565014487,
    2.174798721218));
#1198 = CARTESIAN_POINT('',(-3.004802936557,-1.594176075264,
    2.176607116082));
#1199 = CARTESIAN_POINT('',(-2.967256073236,-1.661734407929,
    2.178415510155));
#1200 = CARTESIAN_POINT('',(-2.857397761498,-1.847852657714,
    2.183473882833));
#1201 = CARTESIAN_POINT('',(-2.781231650059,-1.964140120979,
    2.186723915639));
#1202 = CARTESIAN_POINT('',(-2.699664089537,-2.076828331616,
    2.189973924286));
#1203 = CARTESIAN_POINT('',(-2.61289450794,-2.18562488321,2.193223903012
    ));
#1204 = CARTESIAN_POINT('',(-2.52114028692,-2.290251900707,
    2.196473881798));
#1205 = CARTESIAN_POINT('',(-2.424636522274,-2.390446326666,
    2.199723890592));
#1206 = CARTESIAN_POINT('',(-2.323635784435,-2.485960207509,
    2.202973923532));
#1207 = CARTESIAN_POINT('',(-2.129368626629,-2.653223391607,
    2.208973893835));
#1208 = CARTESIAN_POINT('',(-2.037300854079,-2.726369873866,
    2.211723908178));
#1209 = CARTESIAN_POINT('',(-1.942367735229,-2.795860033701,
    2.214473912155));
#1210 = CARTESIAN_POINT('',(-1.844739109718,-2.861563261488,
    2.217223903099));
#1211 = CARTESIAN_POINT('',(-1.74459135618,-2.923358812545,
    2.219973894038));
#1212 = CARTESIAN_POINT('',(-1.642107265501,-2.981135888848,
    2.222723898008));
#1213 = CARTESIAN_POINT('',(-1.537475914077,-3.034793720743,
    2.225473912361));
#1214 = CARTESIAN_POINT('',(-1.263753247091,-3.161783680038,
    2.23253631567));
#1215 = CARTESIAN_POINT('',(-1.09180269021,-3.228978368603,
    2.236848953857));
#1216 = CARTESIAN_POINT('',(-0.915801058654,-3.28547078837,2.24116149103
    ));
#1217 = CARTESIAN_POINT('',(-0.736528044109,-3.330980980008,
    2.245473902614));
#1218 = CARTESIAN_POINT('',(-0.554780006087,-3.365297761586,
    2.249786314564));
#1219 = CARTESIAN_POINT('',(-0.371368099553,-3.388276870678,
    2.254098852384));
#1220 = CARTESIAN_POINT('',(-0.187117361817,-3.399843437836,
    2.258411490671));
#1221 = CARTESIAN_POINT('',(6.601821754014E-02,-3.4000568728,
    2.264336166187));
#1222 = CARTESIAN_POINT('',(0.134904623072,-3.398519945101,
    2.265948429827));
#1223 = CARTESIAN_POINT('',(0.203749248282,-3.395387976262,
    2.267560693894));
#1224 = CARTESIAN_POINT('',(0.272508995563,-3.39066232715,2.269172958182
    ));
#1225 = CARTESIAN_POINT('',(0.341140879327,-3.384345751561,
    2.270785222478));
#1226 = CARTESIAN_POINT('',(0.409602026003,-3.376442396226,
    2.272397486566));
#1227 = CARTESIAN_POINT('',(0.477849674038,-3.366957800806,
    2.274009750223));
#1228 = CARTESIAN_POINT('',(0.996232484942,-3.282642185038,
    2.286302013597));
#1229 = CARTESIAN_POINT('',(1.43626340822,-3.140160490849,2.297002716695
    ));
#1230 = CARTESIAN_POINT('',(1.852062381438,-2.930235133789,
    2.307690652544));
#1231 = CARTESIAN_POINT('',(2.231968255491,-2.658228803402,2.31837202478
    ));
#1232 = CARTESIAN_POINT('',(2.565603021418,-2.331114386688,
    2.329053365614));
#1233 = CARTESIAN_POINT('',(2.844303134074,-1.957907073938,
    2.339741301221));
#1234 = CARTESIAN_POINT('',(3.060769302188,-1.549164339285,
    2.350442010291));
#1235 = CARTESIAN_POINT('',(3.243296847845,-1.025065860981,
    2.363431244101));
#1236 = CARTESIAN_POINT('',(3.272656741174,-0.930814802821,
    2.365740478171));
#1237 = CARTESIAN_POINT('',(3.29888487334,-0.835607364748,2.368049714161
    ));
#1238 = CARTESIAN_POINT('',(3.321945145483,-0.739565086169,
    2.370358950772));
#1239 = CARTESIAN_POINT('',(3.341807200906,-0.642810785786,
    2.372668186844));
#1240 = CARTESIAN_POINT('',(3.358446425078,-0.545468561601,
    2.374977421352));
#1241 = CARTESIAN_POINT('',(3.371843945627,-0.447663790914,
    2.377286653413));
#1242 = CARTESIAN_POINT('',(3.386485994004,-0.305987296324,
    2.380620271192));
#1243 = CARTESIAN_POINT('',(3.390344863884,-0.26238526666,2.381644660095
    ));
#1244 = CARTESIAN_POINT('',(3.393562105028,-0.218728041033,2.38266904917
    ));
#1245 = CARTESIAN_POINT('',(3.39613680782,-0.175026633959,2.383693438549
    ));
#1246 = CARTESIAN_POINT('',(3.398068289981,-0.131292074767,
    2.384717828318));
#1247 = CARTESIAN_POINT('',(3.399356096574,-8.75354076E-02,
    2.385742218519));
#1248 = CARTESIAN_POINT('',(3.4,-4.376769141502E-02,2.386766609145));
#1249 = CARTESIAN_POINT('',(3.4,1.770184E-11,2.387791000143));
#1250 = ORIENTED_EDGE('',*,*,#851,.F.);
#1251 = ORIENTED_EDGE('',*,*,#1000,.T.);
#1252 = B_SPLINE_SURFACE_WITH_KNOTS('',1,8,(
    (#1253,#1254,#1255,#1256,#1257,#1258,#1259,#1260,#1261,#1262,#1263
      ,#1264,#1265,#1266,#1267,#1268,#1269,#1270,#1271,#1272,#1273,#1274
      ,#1275,#1276,#1277,#1278,#1279,#1280,#1281,#1282)
    ,(#1283,#1284,#1285,#1286,#1287,#1288,#1289,#1290,#1291,#1292,#1293
      ,#1294,#1295,#1296,#1297,#1298,#1299,#1300,#1301,#1302,#1303,#1304
      ,#1305,#1306,#1307,#1308,#1309,#1310,#1311,#1312
  )),.UNSPECIFIED.,.F.,.F.,.F.,(2,2),(9,7,7,7,9),(0.,0.15),(0.,
    1.571823592537,3.143647185075,4.715470777612,6.28729437015),
  .UNSPECIFIED.);
#1253 = CARTESIAN_POINT('',(3.268962000001,1.33E-15,1.887790999997));
#1254 = CARTESIAN_POINT('',(3.268961987344,0.641857819633,1.903416000212
    ));
#1255 = CARTESIAN_POINT('',(3.124928487425,1.283723775265,1.919041000579
    ));
#1256 = CARTESIAN_POINT('',(2.836865726145,1.887859856623,1.934665997372
    ));
#1257 = CARTESIAN_POINT('',(2.416606923673,2.416617277867,1.950291004857
    ));
#1258 = CARTESIAN_POINT('',(1.887869919928,2.836859839323,1.965915996126
    ));
#1259 = CARTESIAN_POINT('',(1.283718339555,3.124930007982,1.981541001261
    ));
#1260 = CARTESIAN_POINT('',(0.64185917155,3.268961986923,1.997166000233)
  );
#1261 = CARTESIAN_POINT('',(-0.64185917327,3.268962003805,2.028415999947
    ));
#1262 = CARTESIAN_POINT('',(-1.283718442225,3.124930103594,
    2.044040998602));
#1263 = CARTESIAN_POINT('',(-1.88786958103,2.836859555885,2.059666004588
    ));
#1264 = CARTESIAN_POINT('',(-2.416607369348,2.416617561174,
    2.075290994682));
#1265 = CARTESIAN_POINT('',(-2.836865452598,1.887859735932,
    2.090916003179));
#1266 = CARTESIAN_POINT('',(-3.124928548606,1.283723788448,
    2.106540999351));
#1267 = CARTESIAN_POINT('',(-3.268961996587,0.641857819527,
    2.122166000053));
#1268 = CARTESIAN_POINT('',(-3.268961994766,-0.641857819601,
    2.153416000087));
#1269 = CARTESIAN_POINT('',(-3.124928477655,-1.283723775248,
    2.16904100075));
#1270 = CARTESIAN_POINT('',(-2.836865736188,-1.88785985663,
    2.184665997166));
#1271 = CARTESIAN_POINT('',(-2.416606915638,-2.416617277851,
    2.200291005058));
#1272 = CARTESIAN_POINT('',(-1.88786992481,-2.836859839312,
    2.215915995987));
#1273 = CARTESIAN_POINT('',(-1.283718337437,-3.124930007979,
    2.231541001317));
#1274 = CARTESIAN_POINT('',(-0.641859172091,-3.268961986913,
    2.247166000229));
#1275 = CARTESIAN_POINT('',(0.641859173809,-3.268962003794,
    2.278415999944));
#1276 = CARTESIAN_POINT('',(1.283718440109,-3.124930103589,
    2.294040998637));
#1277 = CARTESIAN_POINT('',(1.887869585889,-2.836859555878,
    2.309666004475));
#1278 = CARTESIAN_POINT('',(2.41660736137,-2.416617561167,2.32529099488)
  );
#1279 = CARTESIAN_POINT('',(2.836865462579,-1.887859735884,
    2.340916002955));
#1280 = CARTESIAN_POINT('',(3.124928538876,-1.283723788521,
    2.356540999533));
#1281 = CARTESIAN_POINT('',(3.268962003984,-0.64185781944,2.372165999929
    ));
#1282 = CARTESIAN_POINT('',(3.268961991375,1.770908E-11,2.387791000143)
  );
#1283 = CARTESIAN_POINT('',(3.418962,4.4E-16,1.887790999997));
#1284 = CARTESIAN_POINT('',(3.418961987343,0.671310251365,1.903416000212
    ));
#1285 = CARTESIAN_POINT('',(3.268319369245,1.342628644487,1.91904100058)
  );
#1286 = CARTESIAN_POINT('',(2.967038435554,1.974486845765,1.934665997371
    ));
#1287 = CARTESIAN_POINT('',(2.527495737583,2.527506087411,1.950291004858
    ));
#1288 = CARTESIAN_POINT('',(1.974496904806,2.967032551227,1.965915996125
    ));
#1289 = CARTESIAN_POINT('',(1.342623211119,3.268320889151,1.981541001261
    ));
#1290 = CARTESIAN_POINT('',(0.67131160268,3.418961986923,1.997166000232)
  );
#1291 = CARTESIAN_POINT('',(-0.671311604399,3.418962003804,
    2.028415999947));
#1292 = CARTESIAN_POINT('',(-1.342623313789,3.268320984763,
    2.044040998602));
#1293 = CARTESIAN_POINT('',(-1.974496565907,2.967032267789,
    2.059666004589));
#1294 = CARTESIAN_POINT('',(-2.527496183259,2.527506370718,
    2.075290994682));
#1295 = CARTESIAN_POINT('',(-2.967038162006,1.974486725074,2.09091600318
    ));
#1296 = CARTESIAN_POINT('',(-3.268319430426,1.342628657669,2.10654099935
    ));
#1297 = CARTESIAN_POINT('',(-3.418961996587,0.671310251259,
    2.122166000053));
#1298 = CARTESIAN_POINT('',(-3.418961994766,-0.671310251334,
    2.153416000087));
#1299 = CARTESIAN_POINT('',(-3.268319359474,-1.34262864447,2.16904100075
    ));
#1300 = CARTESIAN_POINT('',(-2.967038445597,-1.974486845771,
    2.184665997166));
#1301 = CARTESIAN_POINT('',(-2.527495729548,-2.527506087396,
    2.200291005059));
#1302 = CARTESIAN_POINT('',(-1.974496909688,-2.967032551216,
    2.215915995987));
#1303 = CARTESIAN_POINT('',(-1.342623209001,-3.268320889147,
    2.231541001317));
#1304 = CARTESIAN_POINT('',(-0.67131160322,-3.418961986913,
    2.247166000229));
#1305 = CARTESIAN_POINT('',(0.671311604938,-3.418962003794,
    2.278415999944));
#1306 = CARTESIAN_POINT('',(1.342623311673,-3.268320984757,
    2.294040998637));
#1307 = CARTESIAN_POINT('',(1.974496570766,-2.967032267782,
    2.309666004476));
#1308 = CARTESIAN_POINT('',(2.527496175281,-2.52750637071,2.325290994879
    ));
#1309 = CARTESIAN_POINT('',(2.967038171987,-1.974486725025,
    2.340916002956));
#1310 = CARTESIAN_POINT('',(3.268319420696,-1.342628657742,
    2.356540999533));
#1311 = CARTESIAN_POINT('',(3.418962003984,-0.671310251173,
    2.372165999929));
#1312 = CARTESIAN_POINT('',(3.418961991375,1.770048E-11,2.387791000143)
  );
#1313 = ADVANCED_FACE('',(#1314),#1325,.F.);
#1314 = FACE_BOUND('',#1315,.F.);
#1315 = EDGE_LOOP('',(#1316,#1322,#1323,#1324));
#1316 = ORIENTED_EDGE('',*,*,#1317,.F.);
#1317 = EDGE_CURVE('',#1142,#963,#1318,.T.);
#1318 = LINE('',#1319,#1320);
#1319 = CARTESIAN_POINT('',(3.4,0.,4.));
#1320 = VECTOR('',#1321,1.);
#1321 = DIRECTION('',(-0.,-0.,-1.));
#1322 = ORIENTED_EDGE('',*,*,#1148,.F.);
#1323 = ORIENTED_EDGE('',*,*,#842,.T.);
#1324 = ORIENTED_EDGE('',*,*,#972,.F.);
#1325 = CYLINDRICAL_SURFACE('',#1326,3.4);
#1326 = AXIS2_PLACEMENT_3D('',#1327,#1328,#1329);
#1327 = CARTESIAN_POINT('',(0.,0.,4.));
#1328 = DIRECTION('',(0.,0.,1.));
#1329 = DIRECTION('',(1.,0.,0.));
#1330 = ADVANCED_FACE('',(#1331),#1350,.T.);
#1331 = FACE_BOUND('',#1332,.F.);
#1332 = EDGE_LOOP('',(#1333,#1341,#1348,#1349));
#1333 = ORIENTED_EDGE('',*,*,#1334,.T.);
#1334 = EDGE_CURVE('',#878,#1335,#1337,.T.);
#1335 = VERTEX_POINT('',#1336);
#1336 = CARTESIAN_POINT('',(-3.455,-3.725,-0.12));
#1337 = LINE('',#1338,#1339);
#1338 = CARTESIAN_POINT('',(-3.455,-3.725,-0.11));
#1339 = VECTOR('',#1340,1.);
#1340 = DIRECTION('',(0.,0.,-1.));
#1341 = ORIENTED_EDGE('',*,*,#1342,.T.);
#1342 = EDGE_CURVE('',#1335,#1335,#1343,.T.);
#1343 = CIRCLE('',#1344,0.27);
#1344 = AXIS2_PLACEMENT_3D('',#1345,#1346,#1347);
#1345 = CARTESIAN_POINT('',(-3.725,-3.725,-0.12));
#1346 = DIRECTION('',(-0.,0.,-1.));
#1347 = DIRECTION('',(1.,0.,-0.));
#1348 = ORIENTED_EDGE('',*,*,#1334,.F.);
#1349 = ORIENTED_EDGE('',*,*,#877,.F.);
#1350 = CYLINDRICAL_SURFACE('',#1351,0.27);
#1351 = AXIS2_PLACEMENT_3D('',#1352,#1353,#1354);
#1352 = CARTESIAN_POINT('',(-3.725,-3.725,-0.11));
#1353 = DIRECTION('',(0.,0.,1.));
#1354 = DIRECTION('',(1.,0.,0.));
#1355 = ADVANCED_FACE('',(#1356),#1375,.T.);
#1356 = FACE_BOUND('',#1357,.F.);
#1357 = EDGE_LOOP('',(#1358,#1366,#1373,#1374));
#1358 = ORIENTED_EDGE('',*,*,#1359,.T.);
#1359 = EDGE_CURVE('',#898,#1360,#1362,.T.);
#1360 = VERTEX_POINT('',#1361);
#1361 = CARTESIAN_POINT('',(3.995,-3.725,-0.12));
#1362 = LINE('',#1363,#1364);
#1363 = CARTESIAN_POINT('',(3.995,-3.725,-0.11));
#1364 = VECTOR('',#1365,1.);
#1365 = DIRECTION('',(0.,0.,-1.));
#1366 = ORIENTED_EDGE('',*,*,#1367,.T.);
#1367 = EDGE_CURVE('',#1360,#1360,#1368,.T.);
#1368 = CIRCLE('',#1369,0.27);
#1369 = AXIS2_PLACEMENT_3D('',#1370,#1371,#1372);
#1370 = CARTESIAN_POINT('',(3.725,-3.725,-0.12));
#1371 = DIRECTION('',(-0.,0.,-1.));
#1372 = DIRECTION('',(1.,0.,-0.));
#1373 = ORIENTED_EDGE('',*,*,#1359,.F.);
#1374 = ORIENTED_EDGE('',*,*,#897,.F.);
#1375 = CYLINDRICAL_SURFACE('',#1376,0.27);
#1376 = AXIS2_PLACEMENT_3D('',#1377,#1378,#1379);
#1377 = CARTESIAN_POINT('',(3.725,-3.725,-0.11));
#1378 = DIRECTION('',(0.,0.,1.));
#1379 = DIRECTION('',(1.,0.,0.));
#1380 = ADVANCED_FACE('',(#1381),#1400,.T.);
#1381 = FACE_BOUND('',#1382,.F.);
#1382 = EDGE_LOOP('',(#1383,#1391,#1398,#1399));
#1383 = ORIENTED_EDGE('',*,*,#1384,.T.);
#1384 = EDGE_CURVE('',#918,#1385,#1387,.T.);
#1385 = VERTEX_POINT('',#1386);
#1386 = CARTESIAN_POINT('',(3.995,3.725,-0.12));
#1387 = LINE('',#1388,#1389);
#1388 = CARTESIAN_POINT('',(3.995,3.725,-0.11));
#1389 = VECTOR('',#1390,1.);
#1390 = DIRECTION('',(0.,0.,-1.));
#1391 = ORIENTED_EDGE('',*,*,#1392,.T.);
#1392 = EDGE_CURVE('',#1385,#1385,#1393,.T.);
#1393 = CIRCLE('',#1394,0.27);
#1394 = AXIS2_PLACEMENT_3D('',#1395,#1396,#1397);
#1395 = CARTESIAN_POINT('',(3.725,3.725,-0.12));
#1396 = DIRECTION('',(-0.,0.,-1.));
#1397 = DIRECTION('',(1.,0.,-0.));
#1398 = ORIENTED_EDGE('',*,*,#1384,.F.);
#1399 = ORIENTED_EDGE('',*,*,#917,.F.);
#1400 = CYLINDRICAL_SURFACE('',#1401,0.27);
#1401 = AXIS2_PLACEMENT_3D('',#1402,#1403,#1404);
#1402 = CARTESIAN_POINT('',(3.725,3.725,-0.11));
#1403 = DIRECTION('',(0.,0.,1.));
#1404 = DIRECTION('',(1.,0.,0.));
#1405 = ADVANCED_FACE('',(#1406),#1426,.T.);
#1406 = FACE_BOUND('',#1407,.T.);
#1407 = EDGE_LOOP('',(#1408,#1417,#1418,#1419));
#1408 = ORIENTED_EDGE('',*,*,#1409,.F.);
#1409 = EDGE_CURVE('',#938,#1410,#1412,.T.);
#1410 = VERTEX_POINT('',#1411);
#1411 = CARTESIAN_POINT('',(3.8,0.,4.));
#1412 = CIRCLE('',#1413,0.1);
#1413 = AXIS2_PLACEMENT_3D('',#1414,#1415,#1416);
#1414 = CARTESIAN_POINT('',(3.8,0.,3.9));
#1415 = DIRECTION('',(0.,-1.,0.));
#1416 = DIRECTION('',(1.,0.,0.));
#1417 = ORIENTED_EDGE('',*,*,#945,.T.);
#1418 = ORIENTED_EDGE('',*,*,#1409,.T.);
#1419 = ORIENTED_EDGE('',*,*,#1420,.F.);
#1420 = EDGE_CURVE('',#1410,#1410,#1421,.T.);
#1421 = CIRCLE('',#1422,3.8);
#1422 = AXIS2_PLACEMENT_3D('',#1423,#1424,#1425);
#1423 = CARTESIAN_POINT('',(0.,0.,4.));
#1424 = DIRECTION('',(0.,0.,1.));
#1425 = DIRECTION('',(1.,0.,0.));
#1426 = TOROIDAL_SURFACE('',#1427,3.8,0.1);
#1427 = AXIS2_PLACEMENT_3D('',#1428,#1429,#1430);
#1428 = CARTESIAN_POINT('',(0.,0.,3.9));
#1429 = DIRECTION('',(0.,0.,1.));
#1430 = DIRECTION('',(1.,0.,0.));
#1431 = ADVANCED_FACE('',(#1432),#1580,.T.);
#1432 = FACE_BOUND('',#1433,.T.);
#1433 = EDGE_LOOP('',(#1434,#1469,#1470,#1575));
#1434 = ORIENTED_EDGE('',*,*,#1435,.F.);
#1435 = EDGE_CURVE('',#965,#1436,#1438,.T.);
#1436 = VERTEX_POINT('',#1437);
#1437 = CARTESIAN_POINT('',(3.418961991375,1.7748E-11,2.587791000144));
#1438 = B_SPLINE_CURVE_WITH_KNOTS('',8,(#1439,#1440,#1441,#1442,#1443,
    #1444,#1445,#1446,#1447,#1448,#1449,#1450,#1451,#1452,#1453,#1454,
    #1455,#1456,#1457,#1458,#1459,#1460,#1461,#1462,#1463,#1464,#1465,
    #1466,#1467,#1468),.UNSPECIFIED.,.F.,.F.,(9,7,7,7,9),(0.,
    1.571823592537,3.143647185075,4.715470777612,6.28729437015),
  .UNSPECIFIED.);
#1439 = CARTESIAN_POINT('',(3.418962000001,4.4E-16,2.087790999998));
#1440 = CARTESIAN_POINT('',(3.418961987344,0.671310251365,2.103416000212
    ));
#1441 = CARTESIAN_POINT('',(3.268319369245,1.342628644487,2.119041000572
    ));
#1442 = CARTESIAN_POINT('',(2.967038435554,1.974486845765,2.134665997363
    ));
#1443 = CARTESIAN_POINT('',(2.527495737584,2.527506087412,2.150291004898
    ));
#1444 = CARTESIAN_POINT('',(1.974496904805,2.967032551226,2.165915996072
    ));
#1445 = CARTESIAN_POINT('',(1.342623211119,3.268320889151,2.18154100128)
  );
#1446 = CARTESIAN_POINT('',(0.67131160268,3.418961986924,2.19716600023)
  );
#1447 = CARTESIAN_POINT('',(-0.671311604399,3.418962003805,
    2.228415999945));
#1448 = CARTESIAN_POINT('',(-1.342623313789,3.268320984763,
    2.244040998597));
#1449 = CARTESIAN_POINT('',(-1.974496565908,2.96703226779,2.259666004596
    ));
#1450 = CARTESIAN_POINT('',(-2.527496183258,2.527506370717,
    2.275290994652));
#1451 = CARTESIAN_POINT('',(-2.967038162007,1.974486725074,2.29091600321
    ));
#1452 = CARTESIAN_POINT('',(-3.268319430426,1.342628657669,
    2.306540999334));
#1453 = CARTESIAN_POINT('',(-3.418961996587,0.671310251259,
    2.322166000054));
#1454 = CARTESIAN_POINT('',(-3.418961994766,-0.671310251334,
    2.353416000088));
#1455 = CARTESIAN_POINT('',(-3.268319359475,-1.34262864447,
    2.369041000734));
#1456 = CARTESIAN_POINT('',(-2.967038445596,-1.974486845771,
    2.384665997196));
#1457 = CARTESIAN_POINT('',(-2.527495729551,-2.527506087397,
    2.40029100503));
#1458 = CARTESIAN_POINT('',(-1.974496909686,-2.967032551216,
    2.415915995994));
#1459 = CARTESIAN_POINT('',(-1.342623209001,-3.268320889148,
    2.431541001313));
#1460 = CARTESIAN_POINT('',(-0.67131160322,-3.418961986913,
    2.447166000226));
#1461 = CARTESIAN_POINT('',(0.671311604938,-3.418962003794,
    2.478415999941));
#1462 = CARTESIAN_POINT('',(1.342623311673,-3.268320984757,
    2.494040998632));
#1463 = CARTESIAN_POINT('',(1.974496570768,-2.967032267784,
    2.509666004483));
#1464 = CARTESIAN_POINT('',(2.527496175279,-2.527506370709,2.52529099485
    ));
#1465 = CARTESIAN_POINT('',(2.967038171989,-1.974486725026,
    2.540916002987));
#1466 = CARTESIAN_POINT('',(3.268319420696,-1.342628657742,
    2.556540999516));
#1467 = CARTESIAN_POINT('',(3.418962003984,-0.671310251173,2.57216599993
    ));
#1468 = CARTESIAN_POINT('',(3.418961991375,1.770226E-11,2.587791000144)
  );
#1469 = ORIENTED_EDGE('',*,*,#962,.F.);
#1470 = ORIENTED_EDGE('',*,*,#1471,.T.);
#1471 = EDGE_CURVE('',#963,#1472,#1474,.T.);
#1472 = VERTEX_POINT('',#1473);
#1473 = CARTESIAN_POINT('',(3.4,8.852E-12,2.587791000144));
#1474 = B_SPLINE_CURVE_WITH_KNOTS('',8,(#1475,#1476,#1477,#1478,#1479,
    #1480,#1481,#1482,#1483,#1484,#1485,#1486,#1487,#1488,#1489,#1490,
    #1491,#1492,#1493,#1494,#1495,#1496,#1497,#1498,#1499,#1500,#1501,
    #1502,#1503,#1504,#1505,#1506,#1507,#1508,#1509,#1510,#1511,#1512,
    #1513,#1514,#1515,#1516,#1517,#1518,#1519,#1520,#1521,#1522,#1523,
    #1524,#1525,#1526,#1527,#1528,#1529,#1530,#1531,#1532,#1533,#1534,
    #1535,#1536,#1537,#1538,#1539,#1540,#1541,#1542,#1543,#1544,#1545,
    #1546,#1547,#1548,#1549,#1550,#1551,#1552,#1553,#1554,#1555,#1556,
    #1557,#1558,#1559,#1560,#1561,#1562,#1563,#1564,#1565,#1566,#1567,
    #1568,#1569,#1570,#1571,#1572,#1573,#1574),.UNSPECIFIED.,.F.,.F.,(9,
    7,7,7,7,7,7,7,7,7,7,7,7,7,9),(0.,0.124937887703,0.25093946477,
    0.375822303755,0.500824691105,0.522945233514,0.555952683125,
    0.584893464586,0.636904925071,0.680914748652,0.749928987765,
    0.775730763824,0.946649503165,0.983605141211,1.),.UNSPECIFIED.);
#1475 = CARTESIAN_POINT('',(3.4,8.9E-16,2.087790999998));
#1476 = CARTESIAN_POINT('',(3.4,0.333552575454,2.095597860387));
#1477 = CARTESIAN_POINT('',(3.362601768234,0.66728969389,2.103408995556)
  );
#1478 = CARTESIAN_POINT('',(3.287737918073,0.99603674268,2.111217859855)
  );
#1479 = CARTESIAN_POINT('',(3.176267555117,1.314898580397,2.119024868287
    ));
#1480 = CARTESIAN_POINT('',(3.029743055519,1.619248891438,2.126831865015
    ));
#1481 = CARTESIAN_POINT('',(2.850336220086,1.904717702726,2.134640719933
    ));
#1482 = CARTESIAN_POINT('',(2.640899481156,2.167234937039,2.142451883165
    ));
#1483 = CARTESIAN_POINT('',(2.16736898271,2.641149661114,2.158132037085)
  );
#1484 = CARTESIAN_POINT('',(1.902556503121,2.852361631694,2.16600985272)
  );
#1485 = CARTESIAN_POINT('',(1.61440550074,3.033015555864,2.173885259057)
  );
#1486 = CARTESIAN_POINT('',(1.307094787484,3.180188707719,2.181758729782
    ));
#1487 = CARTESIAN_POINT('',(0.985111344375,3.291662823635,2.189632198211
    ));
#1488 = CARTESIAN_POINT('',(0.653205209291,3.365859634743,2.197507600805
    ));
#1489 = CARTESIAN_POINT('',(0.316402735137,3.401918451013,2.205385416812
    ));
#1490 = CARTESIAN_POINT('',(-0.353383721488,3.39798164585,2.221062132623
    ));
#1491 = CARTESIAN_POINT('',(-0.686747972289,3.358656299339,
    2.228869847444));
#1492 = CARTESIAN_POINT('',(-1.014909039294,3.281928434107,
    2.236675260355));
#1493 = CARTESIAN_POINT('',(-1.332983257755,3.168684212081,
    2.244478814366));
#1494 = CARTESIAN_POINT('',(-1.636359311286,3.020500425847,
    2.252282370368));
#1495 = CARTESIAN_POINT('',(-1.920685420127,2.839570821371,
    2.260087786772));
#1496 = CARTESIAN_POINT('',(-2.181913043957,2.62876677896,2.267895501936
    ));
#1497 = CARTESIAN_POINT('',(-2.651221247465,2.154622503017,
    2.283509780083));
#1498 = CARTESIAN_POINT('',(-2.859510492842,1.890969710521,
    2.291324986576));
#1499 = CARTESIAN_POINT('',(-3.037628710598,1.604485590116,
    2.299137869026));
#1500 = CARTESIAN_POINT('',(-3.1827387181,1.299260399079,2.306948903582)
  );
#1501 = CARTESIAN_POINT('',(-3.292686818109,0.979681407744,
    2.314759944729));
#1502 = CARTESIAN_POINT('',(-3.365941178309,0.650389691417,
    2.322572831012));
#1503 = CARTESIAN_POINT('',(-3.401665961142,0.316292425424,
    2.330388018032));
#1504 = CARTESIAN_POINT('',(-3.399652618682,-7.648341789088E-02,
    2.33958112826));
#1505 = CARTESIAN_POINT('',(-3.398177600845,-0.135532952836,2.3409633501
    ));
#1506 = CARTESIAN_POINT('',(-3.395530420478,-0.194549324098,
    2.342345571495));
#1507 = CARTESIAN_POINT('',(-3.391711971304,-0.253505370408,
    2.343727792431));
#1508 = CARTESIAN_POINT('',(-3.386723899848,-0.312373991498,
    2.345110012931));
#1509 = CARTESIAN_POINT('',(-3.380568605437,-0.371128148105,
    2.346492233055));
#1510 = CARTESIAN_POINT('',(-3.373249240199,-0.429740861968,
    2.347874452899));
#1511 = CARTESIAN_POINT('',(-3.352116868487,-0.575393704193,
    2.351319169352));
#1512 = CARTESIAN_POINT('',(-3.336880796188,-0.662227677168,
    2.353381668219));
#1513 = CARTESIAN_POINT('',(-3.319074523819,-0.748597458299,
    2.355444168681));
#1514 = CARTESIAN_POINT('',(-3.298714711687,-0.834414289212,
    2.357506670158));
#1515 = CARTESIAN_POINT('',(-3.275821648759,-0.919590329626,
    2.359569172013));
#1516 = CARTESIAN_POINT('',(-3.250419252657,-1.004038657346,
    2.361631673543));
#1517 = CARTESIAN_POINT('',(-3.222535069665,-1.087673268267,
    2.363694173987));
#1518 = CARTESIAN_POINT('',(-3.165602864701,-1.242951456038,
    2.36756506184));
#1519 = CARTESIAN_POINT('',(-3.137121377732,-1.314803202007,
    2.369373452309));
#1520 = CARTESIAN_POINT('',(-3.106776827499,-1.385907027928,
    2.371181843471));
#1521 = CARTESIAN_POINT('',(-3.074592226365,-1.456206594872,
    2.372990234905));
#1522 = CARTESIAN_POINT('',(-3.040592585376,-1.525646511344,
    2.374798626221));
#1523 = CARTESIAN_POINT('',(-3.004804914262,-1.594172333275,
    2.376607017066));
#1524 = CARTESIAN_POINT('',(-2.967258221437,-1.661730564029,
    2.37841540712));
#1525 = CARTESIAN_POINT('',(-2.85740024737,-1.847848813718,
    2.383473775779));
#1526 = CARTESIAN_POINT('',(-2.781234292371,-1.964136379447,
    2.386723808584));
#1527 = CARTESIAN_POINT('',(-2.699666883445,-2.076824699816,
    2.389973817231));
#1528 = CARTESIAN_POINT('',(-2.61289744821,-2.185621368139,
    2.393223795957));
#1529 = CARTESIAN_POINT('',(-2.521143367943,-2.290248509071,
    2.396473774743));
#1530 = CARTESIAN_POINT('',(-2.424639738086,-2.390443064854,
    2.399723783536));
#1531 = CARTESIAN_POINT('',(-2.32363912874,-2.485957081571,
    2.402973816476));
#1532 = CARTESIAN_POINT('',(-2.12937219595,-2.653220527013,
    2.408973786779));
#1533 = CARTESIAN_POINT('',(-2.037304521802,-2.726367133128,
    2.411723801122));
#1534 = CARTESIAN_POINT('',(-1.942371496435,-2.795857420674,
    2.414473805098));
#1535 = CARTESIAN_POINT('',(-1.844742959314,-2.861560779798,
    2.417223796042));
#1536 = CARTESIAN_POINT('',(-1.744595288908,-2.923356465582,
    2.419973786981));
#1537 = CARTESIAN_POINT('',(-1.642111275955,-2.981133679755,
    2.422723790951));
#1538 = CARTESIAN_POINT('',(-1.537479996717,-3.034791652408,
    2.425473805304));
#1539 = CARTESIAN_POINT('',(-1.263757500567,-3.161781979936,
    2.432536208614));
#1540 = CARTESIAN_POINT('',(-1.091807034082,-3.228976899822,2.4368488468
    ));
#1541 = CARTESIAN_POINT('',(-0.915805478524,-3.28546955636,
    2.441161383974));
#1542 = CARTESIAN_POINT('',(-0.736532525203,-3.33097998917,
    2.445473795557));
#1543 = CARTESIAN_POINT('',(-0.554784533347,-3.365297015249,
    2.449786207507));
#1544 = CARTESIAN_POINT('',(-0.371372657727,-3.388276371081,
    2.454098745328));
#1545 = CARTESIAN_POINT('',(-0.187121935551,-3.399843186108,
    2.458411383614));
#1546 = CARTESIAN_POINT('',(6.601289844967E-02,-3.400056960981,
    2.464336041692));
#1547 = CARTESIAN_POINT('',(0.134898560949,-3.398520159828,
    2.465948287894));
#1548 = CARTESIAN_POINT('',(0.203742446645,-3.395388351983,
    2.467560534522));
#1549 = CARTESIAN_POINT('',(0.272501459328,-3.390662898195,
    2.469172781371));
#1550 = CARTESIAN_POINT('',(0.341132614797,-3.384346552084,
    2.470785028229));
#1551 = CARTESIAN_POINT('',(0.409593040861,-3.376443460143,
    2.472397274879));
#1552 = CARTESIAN_POINT('',(0.477839977336,-3.366959161736,
    2.474009521097));
#1553 = CARTESIAN_POINT('',(0.99622231407,-3.282645271727,2.486301767033
    ));
#1554 = CARTESIAN_POINT('',(1.436253678816,-3.140164940919,
    2.497002470132));
#1555 = CARTESIAN_POINT('',(1.852053302441,-2.930240872168,2.50769040598
    ));
#1556 = CARTESIAN_POINT('',(2.231960019299,-2.658235718863,
    2.518371778213));
#1557 = CARTESIAN_POINT('',(2.565595798724,-2.331122335889,
    2.529053119053));
#1558 = CARTESIAN_POINT('',(2.844297067727,-1.957915886653,
    2.539741054661));
#1559 = CARTESIAN_POINT('',(3.060764502277,-1.549173822696,
    2.550441763729));
#1560 = CARTESIAN_POINT('',(3.243293304004,-1.025076965957,
    2.563430971366));
#1561 = CARTESIAN_POINT('',(3.272653191613,-0.930827079206,
    2.565740179263));
#1562 = CARTESIAN_POINT('',(3.298881392485,-0.83562082315,2.568049389081
    ));
#1563 = CARTESIAN_POINT('',(3.321941808549,-0.739579732929,2.57035859952
    ));
#1564 = CARTESIAN_POINT('',(3.341804083631,-0.642826622949,
    2.572667809419));
#1565 = CARTESIAN_POINT('',(3.358443603452,-0.545485586881,
    2.574977017755));
#1566 = CARTESIAN_POINT('',(3.371841495632,-0.447681997664,
    2.577286223644));
#1567 = CARTESIAN_POINT('',(3.386484491125,-0.306004277133,
    2.580619872243));
#1568 = CARTESIAN_POINT('',(3.390343789893,-0.262399840068,2.58164431814
    ));
#1569 = CARTESIAN_POINT('',(3.393561388781,-0.218740197833,
    2.582668764207));
#1570 = CARTESIAN_POINT('',(3.396136377971,-0.175036366775,
    2.583693210578));
#1571 = CARTESIAN_POINT('',(3.398068075031,-0.131299378061,
    2.584717657341));
#1572 = CARTESIAN_POINT('',(3.399356024924,-8.754027768036E-02,
    2.585742104534));
#1573 = CARTESIAN_POINT('',(3.4,-4.377012644356E-02,2.586766552153));
#1574 = CARTESIAN_POINT('',(3.4,1.770228E-11,2.587791000144));
#1575 = ORIENTED_EDGE('',*,*,#1576,.F.);
#1576 = EDGE_CURVE('',#1436,#1472,#1577,.T.);
#1577 = B_SPLINE_CURVE_WITH_KNOTS('',1,(#1578,#1579),.UNSPECIFIED.,.F.,
  .F.,(2,2),(-0.15,-0.),.PIECEWISE_BEZIER_KNOTS.);
#1578 = CARTESIAN_POINT('',(3.418961991375,1.770226E-11,2.587791000144)
  );
#1579 = CARTESIAN_POINT('',(3.268961991375,1.770997E-11,2.587791000144)
  );
#1580 = B_SPLINE_SURFACE_WITH_KNOTS('',1,8,(
    (#1581,#1582,#1583,#1584,#1585,#1586,#1587,#1588,#1589,#1590,#1591
      ,#1592,#1593,#1594,#1595,#1596,#1597,#1598,#1599,#1600,#1601,#1602
      ,#1603,#1604,#1605,#1606,#1607,#1608,#1609,#1610)
    ,(#1611,#1612,#1613,#1614,#1615,#1616,#1617,#1618,#1619,#1620,#1621
      ,#1622,#1623,#1624,#1625,#1626,#1627,#1628,#1629,#1630,#1631,#1632
      ,#1633,#1634,#1635,#1636,#1637,#1638,#1639,#1640
  )),.UNSPECIFIED.,.F.,.F.,.F.,(2,2),(9,7,7,7,9),(-0.15,-0.),(0.,
    1.571823592537,3.143647185075,4.715470777612,6.28729437015),
  .UNSPECIFIED.);
#1581 = CARTESIAN_POINT('',(3.418962000001,4.4E-16,2.087790999998));
#1582 = CARTESIAN_POINT('',(3.418961987344,0.671310251365,2.103416000212
    ));
#1583 = CARTESIAN_POINT('',(3.268319369245,1.342628644487,2.119041000572
    ));
#1584 = CARTESIAN_POINT('',(2.967038435554,1.974486845765,2.134665997363
    ));
#1585 = CARTESIAN_POINT('',(2.527495737584,2.527506087412,2.150291004898
    ));
#1586 = CARTESIAN_POINT('',(1.974496904805,2.967032551226,2.165915996072
    ));
#1587 = CARTESIAN_POINT('',(1.342623211119,3.268320889151,2.18154100128)
  );
#1588 = CARTESIAN_POINT('',(0.67131160268,3.418961986924,2.19716600023)
  );
#1589 = CARTESIAN_POINT('',(-0.671311604399,3.418962003805,
    2.228415999945));
#1590 = CARTESIAN_POINT('',(-1.342623313789,3.268320984763,
    2.244040998597));
#1591 = CARTESIAN_POINT('',(-1.974496565908,2.96703226779,2.259666004596
    ));
#1592 = CARTESIAN_POINT('',(-2.527496183258,2.527506370717,
    2.275290994652));
#1593 = CARTESIAN_POINT('',(-2.967038162007,1.974486725074,2.29091600321
    ));
#1594 = CARTESIAN_POINT('',(-3.268319430426,1.342628657669,
    2.306540999334));
#1595 = CARTESIAN_POINT('',(-3.418961996587,0.671310251259,
    2.322166000054));
#1596 = CARTESIAN_POINT('',(-3.418961994766,-0.671310251334,
    2.353416000088));
#1597 = CARTESIAN_POINT('',(-3.268319359475,-1.34262864447,
    2.369041000734));
#1598 = CARTESIAN_POINT('',(-2.967038445596,-1.974486845771,
    2.384665997196));
#1599 = CARTESIAN_POINT('',(-2.527495729551,-2.527506087397,
    2.40029100503));
#1600 = CARTESIAN_POINT('',(-1.974496909686,-2.967032551216,
    2.415915995994));
#1601 = CARTESIAN_POINT('',(-1.342623209001,-3.268320889148,
    2.431541001313));
#1602 = CARTESIAN_POINT('',(-0.67131160322,-3.418961986913,
    2.447166000226));
#1603 = CARTESIAN_POINT('',(0.671311604938,-3.418962003794,
    2.478415999941));
#1604 = CARTESIAN_POINT('',(1.342623311673,-3.268320984757,
    2.494040998632));
#1605 = CARTESIAN_POINT('',(1.974496570768,-2.967032267784,
    2.509666004483));
#1606 = CARTESIAN_POINT('',(2.527496175279,-2.527506370709,2.52529099485
    ));
#1607 = CARTESIAN_POINT('',(2.967038171989,-1.974486725026,
    2.540916002987));
#1608 = CARTESIAN_POINT('',(3.268319420696,-1.342628657742,
    2.556540999516));
#1609 = CARTESIAN_POINT('',(3.418962003984,-0.671310251173,2.57216599993
    ));
#1610 = CARTESIAN_POINT('',(3.418961991375,1.770226E-11,2.587791000144)
  );
#1611 = CARTESIAN_POINT('',(3.268962000001,8.9E-16,2.087790999998));
#1612 = CARTESIAN_POINT('',(3.268961987344,0.641857819633,2.103416000212
    ));
#1613 = CARTESIAN_POINT('',(3.124928487425,1.283723775265,2.119041000572
    ));
#1614 = CARTESIAN_POINT('',(2.836865726144,1.887859856623,2.134665997364
    ));
#1615 = CARTESIAN_POINT('',(2.416606923674,2.416617277868,2.150291004897
    ));
#1616 = CARTESIAN_POINT('',(1.887869919927,2.836859839322,2.165915996073
    ));
#1617 = CARTESIAN_POINT('',(1.283718339555,3.124930007983,2.18154100128)
  );
#1618 = CARTESIAN_POINT('',(0.64185917155,3.268961986924,2.19716600023)
  );
#1619 = CARTESIAN_POINT('',(-0.64185917327,3.268962003805,2.228415999945
    ));
#1620 = CARTESIAN_POINT('',(-1.283718442225,3.124930103594,
    2.244040998597));
#1621 = CARTESIAN_POINT('',(-1.88786958103,2.836859555886,2.259666004596
    ));
#1622 = CARTESIAN_POINT('',(-2.416607369347,2.416617561173,
    2.275290994653));
#1623 = CARTESIAN_POINT('',(-2.836865452598,1.887859735933,2.29091600321
    ));
#1624 = CARTESIAN_POINT('',(-3.124928548606,1.283723788448,
    2.306540999334));
#1625 = CARTESIAN_POINT('',(-3.268961996587,0.641857819527,
    2.322166000054));
#1626 = CARTESIAN_POINT('',(-3.268961994766,-0.641857819601,
    2.353416000088));
#1627 = CARTESIAN_POINT('',(-3.124928477655,-1.283723775248,
    2.369041000733));
#1628 = CARTESIAN_POINT('',(-2.836865736187,-1.887859856629,
    2.384665997197));
#1629 = CARTESIAN_POINT('',(-2.41660691564,-2.416617277853,
    2.400291005029));
#1630 = CARTESIAN_POINT('',(-1.887869924809,-2.836859839311,
    2.415915995994));
#1631 = CARTESIAN_POINT('',(-1.283718337437,-3.124930007979,
    2.431541001312));
#1632 = CARTESIAN_POINT('',(-0.641859172091,-3.268961986913,
    2.447166000226));
#1633 = CARTESIAN_POINT('',(0.641859173809,-3.268962003794,
    2.478415999941));
#1634 = CARTESIAN_POINT('',(1.283718440108,-3.124930103589,
    2.494040998633));
#1635 = CARTESIAN_POINT('',(1.887869585891,-2.836859555879,
    2.509666004482));
#1636 = CARTESIAN_POINT('',(2.416607361367,-2.416617561165,
    2.525290994851));
#1637 = CARTESIAN_POINT('',(2.83686546258,-1.887859735885,2.540916002986
    ));
#1638 = CARTESIAN_POINT('',(3.124928538876,-1.283723788521,
    2.556540999516));
#1639 = CARTESIAN_POINT('',(3.268962003984,-0.64185781944,2.57216599993)
  );
#1640 = CARTESIAN_POINT('',(3.268961991375,1.770997E-11,2.587791000144)
  );
#1641 = ADVANCED_FACE('',(#1642),#1652,.T.);
#1642 = FACE_BOUND('',#1643,.T.);
#1643 = EDGE_LOOP('',(#1644,#1645,#1646,#1647));
#1644 = ORIENTED_EDGE('',*,*,#1037,.F.);
#1645 = ORIENTED_EDGE('',*,*,#987,.T.);
#1646 = ORIENTED_EDGE('',*,*,#1435,.T.);
#1647 = ORIENTED_EDGE('',*,*,#1648,.F.);
#1648 = EDGE_CURVE('',#1038,#1436,#1649,.T.);
#1649 = B_SPLINE_CURVE_WITH_KNOTS('',1,(#1650,#1651),.UNSPECIFIED.,.F.,
  .F.,(2,2),(-0.185177701212,-0.),.PIECEWISE_BEZIER_KNOTS.);
#1650 = CARTESIAN_POINT('',(3.574816991379,1.76941E-11,2.487791000141));
#1651 = CARTESIAN_POINT('',(3.418961991375,1.770226E-11,2.587791000144)
  );
#1652 = B_SPLINE_SURFACE_WITH_KNOTS('',1,8,(
    (#1653,#1654,#1655,#1656,#1657,#1658,#1659,#1660,#1661,#1662,#1663
      ,#1664,#1665,#1666,#1667,#1668,#1669,#1670,#1671,#1672,#1673,#1674
      ,#1675,#1676,#1677,#1678,#1679,#1680,#1681,#1682)
    ,(#1683,#1684,#1685,#1686,#1687,#1688,#1689,#1690,#1691,#1692,#1693
      ,#1694,#1695,#1696,#1697,#1698,#1699,#1700,#1701,#1702,#1703,#1704
      ,#1705,#1706,#1707,#1708,#1709,#1710,#1711,#1712
  )),.UNSPECIFIED.,.F.,.F.,.F.,(2,2),(9,7,7,7,9),(-0.185177701212,-0.),(
    0.,1.571823592537,3.143647185075,4.715470777612,6.28729437015),
  .UNSPECIFIED.);
#1653 = CARTESIAN_POINT('',(3.574817000005,2.22E-15,1.987790999996));
#1654 = CARTESIAN_POINT('',(3.574816987348,0.701912309684,2.00341600021)
  );
#1655 = CARTESIAN_POINT('',(3.417307275156,1.403832767105,2.019041000573
    ));
#1656 = CARTESIAN_POINT('',(3.102292219724,2.064495175052,2.034665997381
    ));
#1657 = CARTESIAN_POINT('',(2.642712911534,2.642723256823,2.050291004845
    ));
#1658 = CARTESIAN_POINT('',(2.064505229662,3.10228633799,2.065915996137)
  );
#1659 = CARTESIAN_POINT('',(1.403827336172,3.417308794385,2.081541001249
    ));
#1660 = CARTESIAN_POINT('',(0.701913660372,3.574816986928,2.097166000231
    ));
#1661 = CARTESIAN_POINT('',(-0.701913662091,3.574817003809,
    2.128415999946));
#1662 = CARTESIAN_POINT('',(-1.403827438841,3.417308889997,
    2.144040998585));
#1663 = CARTESIAN_POINT('',(-2.064504890764,3.102286054553,
    2.159666004628));
#1664 = CARTESIAN_POINT('',(-2.642713357209,2.64272354013,2.175290994632
    ));
#1665 = CARTESIAN_POINT('',(-3.102291946177,2.064495054361,
    2.190916003209));
#1666 = CARTESIAN_POINT('',(-3.417307336337,1.403832780287,2.20654099934
    ));
#1667 = CARTESIAN_POINT('',(-3.574816996591,0.701912309578,
    2.222166000052));
#1668 = CARTESIAN_POINT('',(-3.57481699477,-0.701912309652,
    2.253416000085));
#1669 = CARTESIAN_POINT('',(-3.417307265386,-1.403832767088,
    2.269041000741));
#1670 = CARTESIAN_POINT('',(-3.102292229766,-2.064495175058,
    2.284665997174));
#1671 = CARTESIAN_POINT('',(-2.6427129035,-2.642723256809,2.300291005048
    ));
#1672 = CARTESIAN_POINT('',(-2.064505234543,-3.102286337979,
    2.315915995994));
#1673 = CARTESIAN_POINT('',(-1.403827334054,-3.417308794382,
    2.33154100131));
#1674 = CARTESIAN_POINT('',(-0.701913660912,-3.574816986917,
    2.347166000228));
#1675 = CARTESIAN_POINT('',(0.70191366263,-3.574817003798,2.378415999943
    ));
#1676 = CARTESIAN_POINT('',(1.403827436725,-3.417308889992,
    2.394040998628));
#1677 = CARTESIAN_POINT('',(2.064504895624,-3.102286054545,
    2.409666004474));
#1678 = CARTESIAN_POINT('',(2.642713349229,-2.642723540123,
    2.425290994901));
#1679 = CARTESIAN_POINT('',(3.102291956159,-2.064495054313,
    2.440916002923));
#1680 = CARTESIAN_POINT('',(3.417307326606,-1.40383278036,2.456540999544
    ));
#1681 = CARTESIAN_POINT('',(3.574817003988,-0.701912309491,
    2.472165999928));
#1682 = CARTESIAN_POINT('',(3.574816991379,1.76941E-11,2.487791000141));
#1683 = CARTESIAN_POINT('',(3.418962000001,4.4E-16,2.087790999998));
#1684 = CARTESIAN_POINT('',(3.418961987344,0.671310251365,2.103416000212
    ));
#1685 = CARTESIAN_POINT('',(3.268319369245,1.342628644487,2.119041000572
    ));
#1686 = CARTESIAN_POINT('',(2.967038435554,1.974486845765,2.134665997363
    ));
#1687 = CARTESIAN_POINT('',(2.527495737584,2.527506087412,2.150291004898
    ));
#1688 = CARTESIAN_POINT('',(1.974496904805,2.967032551226,2.165915996072
    ));
#1689 = CARTESIAN_POINT('',(1.342623211119,3.268320889151,2.18154100128)
  );
#1690 = CARTESIAN_POINT('',(0.67131160268,3.418961986924,2.19716600023)
  );
#1691 = CARTESIAN_POINT('',(-0.671311604399,3.418962003805,
    2.228415999945));
#1692 = CARTESIAN_POINT('',(-1.342623313789,3.268320984763,
    2.244040998597));
#1693 = CARTESIAN_POINT('',(-1.974496565908,2.96703226779,2.259666004596
    ));
#1694 = CARTESIAN_POINT('',(-2.527496183258,2.527506370717,
    2.275290994652));
#1695 = CARTESIAN_POINT('',(-2.967038162007,1.974486725074,2.29091600321
    ));
#1696 = CARTESIAN_POINT('',(-3.268319430426,1.342628657669,
    2.306540999334));
#1697 = CARTESIAN_POINT('',(-3.418961996587,0.671310251259,
    2.322166000054));
#1698 = CARTESIAN_POINT('',(-3.418961994766,-0.671310251334,
    2.353416000088));
#1699 = CARTESIAN_POINT('',(-3.268319359475,-1.34262864447,
    2.369041000734));
#1700 = CARTESIAN_POINT('',(-2.967038445596,-1.974486845771,
    2.384665997196));
#1701 = CARTESIAN_POINT('',(-2.527495729551,-2.527506087397,
    2.40029100503));
#1702 = CARTESIAN_POINT('',(-1.974496909686,-2.967032551216,
    2.415915995994));
#1703 = CARTESIAN_POINT('',(-1.342623209001,-3.268320889148,
    2.431541001313));
#1704 = CARTESIAN_POINT('',(-0.67131160322,-3.418961986913,
    2.447166000226));
#1705 = CARTESIAN_POINT('',(0.671311604938,-3.418962003794,
    2.478415999941));
#1706 = CARTESIAN_POINT('',(1.342623311673,-3.268320984757,
    2.494040998632));
#1707 = CARTESIAN_POINT('',(1.974496570768,-2.967032267784,
    2.509666004483));
#1708 = CARTESIAN_POINT('',(2.527496175279,-2.527506370709,2.52529099485
    ));
#1709 = CARTESIAN_POINT('',(2.967038171989,-1.974486725026,
    2.540916002987));
#1710 = CARTESIAN_POINT('',(3.268319420696,-1.342628657742,
    2.556540999516));
#1711 = CARTESIAN_POINT('',(3.418962003984,-0.671310251173,2.57216599993
    ));
#1712 = CARTESIAN_POINT('',(3.418961991375,1.770226E-11,2.587791000144)
  );
#1713 = ADVANCED_FACE('',(#1714),#1792,.T.);
#1714 = FACE_BOUND('',#1715,.T.);
#1715 = EDGE_LOOP('',(#1716,#1751,#1752,#1787));
#1716 = ORIENTED_EDGE('',*,*,#1717,.F.);
#1717 = EDGE_CURVE('',#1001,#1718,#1720,.T.);
#1718 = VERTEX_POINT('',#1719);
#1719 = CARTESIAN_POINT('',(3.41896198275,-1.6922E-11,2.887791000298));
#1720 = B_SPLINE_CURVE_WITH_KNOTS('',8,(#1721,#1722,#1723,#1724,#1725,
    #1726,#1727,#1728,#1729,#1730,#1731,#1732,#1733,#1734,#1735,#1736,
    #1737,#1738,#1739,#1740,#1741,#1742,#1743,#1744,#1745,#1746,#1747,
    #1748,#1749,#1750),.UNSPECIFIED.,.F.,.F.,(9,7,7,7,9),(0.,
    1.571823592537,3.143647185075,4.715470777612,6.28729437015),
  .UNSPECIFIED.);
#1721 = CARTESIAN_POINT('',(3.418961991374,1.769562E-11,2.387791000147)
  );
#1722 = CARTESIAN_POINT('',(3.418961978706,0.671310249588,2.403416000361
    ));
#1723 = CARTESIAN_POINT('',(3.268319359869,1.342628641145,2.419041000757
    ));
#1724 = CARTESIAN_POINT('',(2.967038429241,1.974486840381,2.434665997497
    ));
#1725 = CARTESIAN_POINT('',(2.527495731323,2.527506082126,2.450291004989
    ));
#1726 = CARTESIAN_POINT('',(1.974496899907,2.967032543614,2.465915996298
    ));
#1727 = CARTESIAN_POINT('',(1.342623207734,3.268320880812,2.481541001398
    ));
#1728 = CARTESIAN_POINT('',(0.671311601004,3.418961978083,2.497166000386
    ));
#1729 = CARTESIAN_POINT('',(-0.671311602684,3.418961995034,2.5284160001)
  );
#1730 = CARTESIAN_POINT('',(-1.342623310377,3.268320976503,
    2.544040998727));
#1731 = CARTESIAN_POINT('',(-1.974496561026,2.967032260486,
    2.559666004769));
#1732 = CARTESIAN_POINT('',(-2.527496176975,2.52750636431,2.575290994827
    ));
#1733 = CARTESIAN_POINT('',(-2.967038154495,1.974486720137,
    2.590916003315));
#1734 = CARTESIAN_POINT('',(-3.26831942217,1.342628654221,2.606540999499
    ));
#1735 = CARTESIAN_POINT('',(-3.418961987956,0.671310249612,
    2.622166000209));
#1736 = CARTESIAN_POINT('',(-3.418961986132,-0.67131024968,
    2.653416000233));
#1737 = CARTESIAN_POINT('',(-3.268319351234,-1.34262864097,
    2.669041000885));
#1738 = CARTESIAN_POINT('',(-2.967038438108,-1.974486840905,
    2.684665997382));
#1739 = CARTESIAN_POINT('',(-2.52749572316,-2.527506080922,
    2.700291005133));
#1740 = CARTESIAN_POINT('',(-1.974496904725,-2.967032543757,
    2.715915996184));
#1741 = CARTESIAN_POINT('',(-1.34262320561,-3.268320880888,
    2.731541001449));
#1742 = CARTESIAN_POINT('',(-0.67131160153,-3.41896197828,2.747166000378
    ));
#1743 = CARTESIAN_POINT('',(0.671311603236,-3.418961995164,
    2.778416000093));
#1744 = CARTESIAN_POINT('',(1.342623308278,-3.268320976512,
    2.794040998749));
#1745 = CARTESIAN_POINT('',(1.974496565764,-2.967032260283,2.80966600469
    ));
#1746 = CARTESIAN_POINT('',(2.527496168934,-2.52750636436,2.825290994992
    ));
#1747 = CARTESIAN_POINT('',(2.967038164446,-1.974486719992,
    2.840916003115));
#1748 = CARTESIAN_POINT('',(3.268319412469,-1.342628654444,
    2.856540999676));
#1749 = CARTESIAN_POINT('',(3.418961995341,-0.671310249407,
    2.872166000083));
#1750 = CARTESIAN_POINT('',(3.41896198275,-1.662761E-11,2.887791000296)
  );
#1751 = ORIENTED_EDGE('',*,*,#1072,.T.);
#1752 = ORIENTED_EDGE('',*,*,#1753,.T.);
#1753 = EDGE_CURVE('',#1038,#1754,#1756,.T.);
#1754 = VERTEX_POINT('',#1755);
#1755 = CARTESIAN_POINT('',(3.574816982754,-1.6915E-11,2.987791000294));
#1756 = B_SPLINE_CURVE_WITH_KNOTS('',8,(#1757,#1758,#1759,#1760,#1761,
    #1762,#1763,#1764,#1765,#1766,#1767,#1768,#1769,#1770,#1771,#1772,
    #1773,#1774,#1775,#1776,#1777,#1778,#1779,#1780,#1781,#1782,#1783,
    #1784,#1785,#1786),.UNSPECIFIED.,.F.,.F.,(9,7,7,7,9),(0.,
    1.571823592537,3.143647185075,4.715470777612,6.28729437015),
  .UNSPECIFIED.);
#1757 = CARTESIAN_POINT('',(3.574816991379,1.768674E-11,2.487791000145)
  );
#1758 = CARTESIAN_POINT('',(3.57481697871,0.701912307906,2.503416000359)
  );
#1759 = CARTESIAN_POINT('',(3.417307265779,1.403832763764,2.519041000734
    ));
#1760 = CARTESIAN_POINT('',(3.102292213412,2.064495169668,2.534665997525
    ));
#1761 = CARTESIAN_POINT('',(2.642712905273,2.642723251539,2.550291004993
    ));
#1762 = CARTESIAN_POINT('',(2.064505224763,3.102286330377,2.565915996249
    ));
#1763 = CARTESIAN_POINT('',(1.403827332787,3.417308786046,2.581541001423
    ));
#1764 = CARTESIAN_POINT('',(0.701913658696,3.574816978087,2.597166000381
    ));
#1765 = CARTESIAN_POINT('',(-0.701913660376,3.574816995039,
    2.628416000095));
#1766 = CARTESIAN_POINT('',(-1.40382743543,3.417308881737,2.644040998748
    ));
#1767 = CARTESIAN_POINT('',(-2.064504885884,3.10228604725,2.65966600472)
  );
#1768 = CARTESIAN_POINT('',(-2.642713350924,2.642723533722,
    2.675290994837));
#1769 = CARTESIAN_POINT('',(-3.102291938666,2.064495049424,
    2.690916003331));
#1770 = CARTESIAN_POINT('',(-3.417307328081,1.40383277684,2.706540999483
    ));
#1771 = CARTESIAN_POINT('',(-3.57481698796,0.701912307931,2.722166000208
    ));
#1772 = CARTESIAN_POINT('',(-3.574816986136,-0.701912307998,
    2.753416000231));
#1773 = CARTESIAN_POINT('',(-3.417307257145,-1.403832763588,
    2.769041000882));
#1774 = CARTESIAN_POINT('',(-3.102292222278,-2.064495170192,
    2.78466599736));
#1775 = CARTESIAN_POINT('',(-2.642712897111,-2.642723250335,
    2.800291005187));
#1776 = CARTESIAN_POINT('',(-2.064505229581,-3.10228633052,
    2.815915996105));
#1777 = CARTESIAN_POINT('',(-1.403827330663,-3.417308786122,
    2.831541001483));
#1778 = CARTESIAN_POINT('',(-0.701913659222,-3.574816978284,
    2.847166000373));
#1779 = CARTESIAN_POINT('',(0.701913660929,-3.574816995168,
    2.878416000088));
#1780 = CARTESIAN_POINT('',(1.40382743333,-3.417308881746,2.894040998774
    ));
#1781 = CARTESIAN_POINT('',(2.064504890622,-3.102286047046,
    2.909666004637));
#1782 = CARTESIAN_POINT('',(2.642713342883,-2.642723533772,
    2.925290995008));
#1783 = CARTESIAN_POINT('',(3.102291948617,-2.06449504928,2.940916003129
    ));
#1784 = CARTESIAN_POINT('',(3.41730731838,-1.403832777062,2.956540999659
    ));
#1785 = CARTESIAN_POINT('',(3.574816995345,-0.701912307726,
    2.972166000081));
#1786 = CARTESIAN_POINT('',(3.574816982754,-1.662023E-11,2.987791000294)
  );
#1787 = ORIENTED_EDGE('',*,*,#1788,.F.);
#1788 = EDGE_CURVE('',#1718,#1754,#1789,.T.);
#1789 = B_SPLINE_CURVE_WITH_KNOTS('',1,(#1790,#1791),.UNSPECIFIED.,.F.,
  .F.,(2,2),(0.,0.185177701212),.PIECEWISE_BEZIER_KNOTS.);
#1790 = CARTESIAN_POINT('',(3.41896198275,-1.662761E-11,2.887791000296)
  );
#1791 = CARTESIAN_POINT('',(3.574816982754,-1.662023E-11,2.987791000294)
  );
#1792 = B_SPLINE_SURFACE_WITH_KNOTS('',1,8,(
    (#1793,#1794,#1795,#1796,#1797,#1798,#1799,#1800,#1801,#1802,#1803
      ,#1804,#1805,#1806,#1807,#1808,#1809,#1810,#1811,#1812,#1813,#1814
      ,#1815,#1816,#1817,#1818,#1819,#1820,#1821,#1822)
    ,(#1823,#1824,#1825,#1826,#1827,#1828,#1829,#1830,#1831,#1832,#1833
      ,#1834,#1835,#1836,#1837,#1838,#1839,#1840,#1841,#1842,#1843,#1844
      ,#1845,#1846,#1847,#1848,#1849,#1850,#1851,#1852
  )),.UNSPECIFIED.,.F.,.F.,.F.,(2,2),(9,7,7,7,9),(0.,0.185177701212),(0.
    ,1.571823592537,3.143647185075,4.715470777612,6.28729437015),
  .UNSPECIFIED.);
#1793 = CARTESIAN_POINT('',(3.418961991374,1.769562E-11,2.387791000147)
  );
#1794 = CARTESIAN_POINT('',(3.418961978706,0.671310249588,2.403416000361
    ));
#1795 = CARTESIAN_POINT('',(3.268319359869,1.342628641145,2.419041000757
    ));
#1796 = CARTESIAN_POINT('',(2.967038429241,1.974486840381,2.434665997497
    ));
#1797 = CARTESIAN_POINT('',(2.527495731323,2.527506082126,2.450291004989
    ));
#1798 = CARTESIAN_POINT('',(1.974496899907,2.967032543614,2.465915996298
    ));
#1799 = CARTESIAN_POINT('',(1.342623207734,3.268320880812,2.481541001398
    ));
#1800 = CARTESIAN_POINT('',(0.671311601004,3.418961978083,2.497166000386
    ));
#1801 = CARTESIAN_POINT('',(-0.671311602684,3.418961995034,2.5284160001)
  );
#1802 = CARTESIAN_POINT('',(-1.342623310377,3.268320976503,
    2.544040998727));
#1803 = CARTESIAN_POINT('',(-1.974496561026,2.967032260486,
    2.559666004769));
#1804 = CARTESIAN_POINT('',(-2.527496176975,2.52750636431,2.575290994827
    ));
#1805 = CARTESIAN_POINT('',(-2.967038154495,1.974486720137,
    2.590916003315));
#1806 = CARTESIAN_POINT('',(-3.26831942217,1.342628654221,2.606540999499
    ));
#1807 = CARTESIAN_POINT('',(-3.418961987956,0.671310249612,
    2.622166000209));
#1808 = CARTESIAN_POINT('',(-3.418961986132,-0.67131024968,
    2.653416000233));
#1809 = CARTESIAN_POINT('',(-3.268319351234,-1.34262864097,
    2.669041000885));
#1810 = CARTESIAN_POINT('',(-2.967038438108,-1.974486840905,
    2.684665997382));
#1811 = CARTESIAN_POINT('',(-2.52749572316,-2.527506080922,
    2.700291005133));
#1812 = CARTESIAN_POINT('',(-1.974496904725,-2.967032543757,
    2.715915996184));
#1813 = CARTESIAN_POINT('',(-1.34262320561,-3.268320880888,
    2.731541001449));
#1814 = CARTESIAN_POINT('',(-0.67131160153,-3.41896197828,2.747166000378
    ));
#1815 = CARTESIAN_POINT('',(0.671311603236,-3.418961995164,
    2.778416000093));
#1816 = CARTESIAN_POINT('',(1.342623308278,-3.268320976512,
    2.794040998749));
#1817 = CARTESIAN_POINT('',(1.974496565764,-2.967032260283,2.80966600469
    ));
#1818 = CARTESIAN_POINT('',(2.527496168934,-2.52750636436,2.825290994992
    ));
#1819 = CARTESIAN_POINT('',(2.967038164446,-1.974486719992,
    2.840916003115));
#1820 = CARTESIAN_POINT('',(3.268319412469,-1.342628654444,
    2.856540999676));
#1821 = CARTESIAN_POINT('',(3.418961995341,-0.671310249407,
    2.872166000083));
#1822 = CARTESIAN_POINT('',(3.41896198275,-1.662761E-11,2.887791000296)
  );
#1823 = CARTESIAN_POINT('',(3.574816991379,1.768674E-11,2.487791000145)
  );
#1824 = CARTESIAN_POINT('',(3.57481697871,0.701912307906,2.503416000359)
  );
#1825 = CARTESIAN_POINT('',(3.417307265779,1.403832763764,2.519041000734
    ));
#1826 = CARTESIAN_POINT('',(3.102292213412,2.064495169668,2.534665997525
    ));
#1827 = CARTESIAN_POINT('',(2.642712905273,2.642723251539,2.550291004993
    ));
#1828 = CARTESIAN_POINT('',(2.064505224763,3.102286330377,2.565915996249
    ));
#1829 = CARTESIAN_POINT('',(1.403827332787,3.417308786046,2.581541001423
    ));
#1830 = CARTESIAN_POINT('',(0.701913658696,3.574816978087,2.597166000381
    ));
#1831 = CARTESIAN_POINT('',(-0.701913660376,3.574816995039,
    2.628416000095));
#1832 = CARTESIAN_POINT('',(-1.40382743543,3.417308881737,2.644040998748
    ));
#1833 = CARTESIAN_POINT('',(-2.064504885884,3.10228604725,2.65966600472)
  );
#1834 = CARTESIAN_POINT('',(-2.642713350924,2.642723533722,
    2.675290994837));
#1835 = CARTESIAN_POINT('',(-3.102291938666,2.064495049424,
    2.690916003331));
#1836 = CARTESIAN_POINT('',(-3.417307328081,1.40383277684,2.706540999483
    ));
#1837 = CARTESIAN_POINT('',(-3.57481698796,0.701912307931,2.722166000208
    ));
#1838 = CARTESIAN_POINT('',(-3.574816986136,-0.701912307998,
    2.753416000231));
#1839 = CARTESIAN_POINT('',(-3.417307257145,-1.403832763588,
    2.769041000882));
#1840 = CARTESIAN_POINT('',(-3.102292222278,-2.064495170192,
    2.78466599736));
#1841 = CARTESIAN_POINT('',(-2.642712897111,-2.642723250335,
    2.800291005187));
#1842 = CARTESIAN_POINT('',(-2.064505229581,-3.10228633052,
    2.815915996105));
#1843 = CARTESIAN_POINT('',(-1.403827330663,-3.417308786122,
    2.831541001483));
#1844 = CARTESIAN_POINT('',(-0.701913659222,-3.574816978284,
    2.847166000373));
#1845 = CARTESIAN_POINT('',(0.701913660929,-3.574816995168,
    2.878416000088));
#1846 = CARTESIAN_POINT('',(1.40382743333,-3.417308881746,2.894040998774
    ));
#1847 = CARTESIAN_POINT('',(2.064504890622,-3.102286047046,
    2.909666004637));
#1848 = CARTESIAN_POINT('',(2.642713342883,-2.642723533772,
    2.925290995008));
#1849 = CARTESIAN_POINT('',(3.102291948617,-2.06449504928,2.940916003129
    ));
#1850 = CARTESIAN_POINT('',(3.41730731838,-1.403832777062,2.956540999659
    ));
#1851 = CARTESIAN_POINT('',(3.574816995345,-0.701912307726,
    2.972166000081));
#1852 = CARTESIAN_POINT('',(3.574816982754,-1.662023E-11,2.987791000294)
  );
#1853 = ADVANCED_FACE('',(#1854),#1924,.T.);
#1854 = FACE_BOUND('',#1855,.T.);
#1855 = EDGE_LOOP('',(#1856,#1917,#1918,#1919));
#1856 = ORIENTED_EDGE('',*,*,#1857,.F.);
#1857 = EDGE_CURVE('',#1142,#1858,#1860,.T.);
#1858 = VERTEX_POINT('',#1859);
#1859 = CARTESIAN_POINT('',(3.4,-8.314E-12,2.887791000296));
#1860 = B_SPLINE_CURVE_WITH_KNOTS('',7,(#1861,#1862,#1863,#1864,#1865,
    #1866,#1867,#1868,#1869,#1870,#1871,#1872,#1873,#1874,#1875,#1876,
    #1877,#1878,#1879,#1880,#1881,#1882,#1883,#1884,#1885,#1886,#1887,
    #1888,#1889,#1890,#1891,#1892,#1893,#1894,#1895,#1896,#1897,#1898,
    #1899,#1900,#1901,#1902,#1903,#1904,#1905,#1906,#1907,#1908,#1909,
    #1910,#1911,#1912,#1913,#1914,#1915,#1916),.UNSPECIFIED.,.F.,.F.,(8,
    6,6,6,6,6,6,6,6,8),(0.,0.124924110063,0.250921112949,0.375786177073,
    0.500784027999,0.520775701447,0.635618082225,0.751206070069,
    0.875000800216,1.),.UNSPECIFIED.);
#1861 = CARTESIAN_POINT('',(3.4,1.769651E-11,2.387791000147));
#1862 = CARTESIAN_POINT('',(3.399999999999,0.381174745342,2.396712466326
    ));
#1863 = CARTESIAN_POINT('',(3.350143068172,0.762595451978,2.405639629983
    ));
#1864 = CARTESIAN_POINT('',(3.250321435254,1.135984655961,2.414562022231
    ));
#1865 = CARTESIAN_POINT('',(3.102279716345,1.493623609346,2.423483089734
    ));
#1866 = CARTESIAN_POINT('',(2.908993274872,1.82832392723,2.432405450801)
  );
#1867 = CARTESIAN_POINT('',(2.674683775316,2.133391880307,2.441332655032
    ));
#1868 = CARTESIAN_POINT('',(2.133557472191,2.675020209214,2.459252170923
    ));
#1869 = CARTESIAN_POINT('',(1.825777205165,2.911328003763,2.468256247067
    ));
#1870 = CARTESIAN_POINT('',(1.487864507573,3.105877958696,2.477255266756
    ));
#1871 = CARTESIAN_POINT('',(1.126694711963,3.25434751594,2.486252943443)
  );
#1872 = CARTESIAN_POINT('',(0.749649202187,3.35370231585,2.49525195699)
  );
#1873 = CARTESIAN_POINT('',(0.364655687013,3.402179718189,2.504256033481
    ));
#1874 = CARTESIAN_POINT('',(-0.400774407509,3.3977252346,2.522171334495)
  );
#1875 = CARTESIAN_POINT('',(-0.781717882569,3.345697644007,
    2.531094309134));
#1876 = CARTESIAN_POINT('',(-1.154351327369,3.243800353603,
    2.540012454253));
#1877 = CARTESIAN_POINT('',(-1.510976752738,3.093819158381,
    2.548929298209));
#1878 = CARTESIAN_POINT('',(-1.844432811245,2.898765809331,
    2.557847448728));
#1879 = CARTESIAN_POINT('',(-2.148059000696,2.662893052286,
    2.566770424166));
#1880 = CARTESIAN_POINT('',(-2.68445941637,2.121118435251,2.584614367751
    ));
#1881 = CARTESIAN_POINT('',(-2.91750432209,1.814792527283,2.593546857451
    ));
#1882 = CARTESIAN_POINT('',(-3.109340316258,1.478988598299,
    2.602474473796));
#1883 = CARTESIAN_POINT('',(-3.255769645794,1.12043220246,2.611400830247
    ));
#1884 = CARTESIAN_POINT('',(-3.353845966026,0.746338216626,
    2.620328464547));
#1885 = CARTESIAN_POINT('',(-3.401858840555,0.36444776313,2.629260925334
    ));
#1886 = CARTESIAN_POINT('',(-3.399653712295,-7.794605408981E-02,
    2.639615361117));
#1887 = CARTESIAN_POINT('',(-3.398072878233,-0.138938596716,
    2.641043067289));
#1888 = CARTESIAN_POINT('',(-3.39521542188,-0.199892696727,
    2.642470772953));
#1889 = CARTESIAN_POINT('',(-3.391082509369,-0.260776283697,
    2.643898478078));
#1890 = CARTESIAN_POINT('',(-3.385676312155,-0.321557362496,
    2.645326182694));
#1891 = CARTESIAN_POINT('',(-3.379000007016,-0.38220401329,
    2.646753886893));
#1892 = CARTESIAN_POINT('',(-3.325433545803,-0.790114567752,
    2.656383051284));
#1893 = CARTESIAN_POINT('',(-3.23801271035,-1.132219564156,
    2.664588308685));
#1894 = CARTESIAN_POINT('',(-3.109560001019,-1.462669889629,
    2.672790451273));
#1895 = CARTESIAN_POINT('',(-2.942071666182,-1.775663549758,
    2.680991591154));
#1896 = CARTESIAN_POINT('',(-2.738403004581,-2.065864569865,
    2.689193714549));
#1897 = CARTESIAN_POINT('',(-2.502273884356,-2.328393159186,
    2.697398975058));
#1898 = CARTESIAN_POINT('',(-1.973065892058,-2.791307912305,
    2.713855153955));
#1899 = CARTESIAN_POINT('',(-1.679377628818,-2.991497861238,
    2.722113788195));
#1900 = CARTESIAN_POINT('',(-1.36231168995,-3.155337740977,
    2.730369182858));
#1901 = CARTESIAN_POINT('',(-1.027309468115,-3.279738501447,
    2.738623565841));
#1902 = CARTESIAN_POINT('',(-0.680155057107,-3.362552266276,
    2.746878956998));
#1903 = CARTESIAN_POINT('',(-0.326987183639,-3.402567893106,
    2.755137589861));
#1904 = CARTESIAN_POINT('',(0.403408974216,-3.397048769145,
    2.772233101367));
#1905 = CARTESIAN_POINT('',(0.780992196245,-3.345234684549,
    2.781079404236));
#1906 = CARTESIAN_POINT('',(1.150393393351,-3.24441931827,2.789921087502
    ));
#1907 = CARTESIAN_POINT('',(1.504111504411,-3.09633819496,2.798761503641
    ));
#1908 = CARTESIAN_POINT('',(1.835161979716,-2.903915357506,
    2.807603191433));
#1909 = CARTESIAN_POINT('',(2.13704455306,-2.671276797809,2.816449494491
    ));
#1910 = CARTESIAN_POINT('',(2.673837444201,-2.134493475008,
    2.834217106395));
#1911 = CARTESIAN_POINT('',(2.908411310758,-1.829331197263,
    2.843149694662));
#1912 = CARTESIAN_POINT('',(3.101922983905,-1.494484921681,
    2.852077424747));
#1913 = CARTESIAN_POINT('',(3.250141030644,-1.136659262677,
    2.861003857731));
#1914 = CARTESIAN_POINT('',(3.350083065429,-0.763054801504,
    2.869931619374));
#1915 = CARTESIAN_POINT('',(3.399999999999,-0.381404034483,
    2.878864167582));
#1916 = CARTESIAN_POINT('',(3.4,-1.662803E-11,2.887791000296));
#1917 = ORIENTED_EDGE('',*,*,#1141,.T.);
#1918 = ORIENTED_EDGE('',*,*,#1717,.T.);
#1919 = ORIENTED_EDGE('',*,*,#1920,.F.);
#1920 = EDGE_CURVE('',#1858,#1718,#1921,.T.);
#1921 = B_SPLINE_CURVE_WITH_KNOTS('',1,(#1922,#1923),.UNSPECIFIED.,.F.,
  .F.,(2,2),(0.,0.15),.PIECEWISE_BEZIER_KNOTS.);
#1922 = CARTESIAN_POINT('',(3.26896198275,-1.663456E-11,2.887791000296)
  );
#1923 = CARTESIAN_POINT('',(3.41896198275,-1.662761E-11,2.887791000296)
  );
#1924 = B_SPLINE_SURFACE_WITH_KNOTS('',1,8,(
    (#1925,#1926,#1927,#1928,#1929,#1930,#1931,#1932,#1933,#1934,#1935
      ,#1936,#1937,#1938,#1939,#1940,#1941,#1942,#1943,#1944,#1945,#1946
      ,#1947,#1948,#1949,#1950,#1951,#1952,#1953,#1954)
    ,(#1955,#1956,#1957,#1958,#1959,#1960,#1961,#1962,#1963,#1964,#1965
      ,#1966,#1967,#1968,#1969,#1970,#1971,#1972,#1973,#1974,#1975,#1976
      ,#1977,#1978,#1979,#1980,#1981,#1982,#1983,#1984
  )),.UNSPECIFIED.,.F.,.F.,.F.,(2,2),(9,7,7,7,9),(0.,0.15),(0.,
    1.571823592537,3.143647185075,4.715470777612,6.28729437015),
  .UNSPECIFIED.);
#1925 = CARTESIAN_POINT('',(3.268961991375,1.770317E-11,2.387791000147)
  );
#1926 = CARTESIAN_POINT('',(3.268961978706,0.641857817855,2.403416000361
    ));
#1927 = CARTESIAN_POINT('',(3.124928478049,1.283723771924,2.419041000759
    ));
#1928 = CARTESIAN_POINT('',(2.836865719832,1.887859851239,2.434665997488
    ));
#1929 = CARTESIAN_POINT('',(2.416606917413,2.416617272582,2.450291005006
    ));
#1930 = CARTESIAN_POINT('',(1.887869915029,2.83685983171,2.46591599628)
  );
#1931 = CARTESIAN_POINT('',(1.28371833617,3.124929999643,2.481541001407)
  );
#1932 = CARTESIAN_POINT('',(0.641859169874,3.268961978083,2.497166000386
    ));
#1933 = CARTESIAN_POINT('',(-0.641859171554,3.268961995034,2.5284160001)
  );
#1934 = CARTESIAN_POINT('',(-1.283718438813,3.124930095335,
    2.544040998727));
#1935 = CARTESIAN_POINT('',(-1.887869576148,2.836859548581,
    2.559666004766));
#1936 = CARTESIAN_POINT('',(-2.416607363065,2.416617554767,2.57529099484
    ));
#1937 = CARTESIAN_POINT('',(-2.836865445086,1.887859730995,
    2.590916003302));
#1938 = CARTESIAN_POINT('',(-3.124928540351,1.283723785,2.606540999504)
  );
#1939 = CARTESIAN_POINT('',(-3.268961987956,0.64185781788,2.622166000209
    ));
#1940 = CARTESIAN_POINT('',(-3.268961986132,-0.641857817947,
    2.653416000233));
#1941 = CARTESIAN_POINT('',(-3.124928469414,-1.283723771748,
    2.669041000885));
#1942 = CARTESIAN_POINT('',(-2.836865728699,-1.887859851764,
    2.684665997383));
#1943 = CARTESIAN_POINT('',(-2.41660690925,-2.416617271378,
    2.700291005132));
#1944 = CARTESIAN_POINT('',(-1.887869919847,-2.836859831853,
    2.715915996185));
#1945 = CARTESIAN_POINT('',(-1.283718334046,-3.12492999972,
    2.731541001449));
#1946 = CARTESIAN_POINT('',(-0.641859170401,-3.26896197828,
    2.747166000378));
#1947 = CARTESIAN_POINT('',(0.641859172107,-3.268961995164,
    2.778416000093));
#1948 = CARTESIAN_POINT('',(1.283718436714,-3.124930095344,2.79404099875
    ));
#1949 = CARTESIAN_POINT('',(1.887869580886,-2.836859548378,
    2.809666004689));
#1950 = CARTESIAN_POINT('',(2.416607355023,-2.416617554817,
    2.825290994993));
#1951 = CARTESIAN_POINT('',(2.836865455037,-1.88785973085,2.840916003114
    ));
#1952 = CARTESIAN_POINT('',(3.12492853065,-1.283723785223,2.856540999676
    ));
#1953 = CARTESIAN_POINT('',(3.268961995341,-0.641857817675,
    2.872166000082));
#1954 = CARTESIAN_POINT('',(3.26896198275,-1.663456E-11,2.887791000296)
  );
#1955 = CARTESIAN_POINT('',(3.418961991374,1.769562E-11,2.387791000147)
  );
#1956 = CARTESIAN_POINT('',(3.418961978706,0.671310249588,2.403416000361
    ));
#1957 = CARTESIAN_POINT('',(3.268319359869,1.342628641145,2.419041000757
    ));
#1958 = CARTESIAN_POINT('',(2.967038429241,1.974486840381,2.434665997497
    ));
#1959 = CARTESIAN_POINT('',(2.527495731323,2.527506082126,2.450291004989
    ));
#1960 = CARTESIAN_POINT('',(1.974496899907,2.967032543614,2.465915996298
    ));
#1961 = CARTESIAN_POINT('',(1.342623207734,3.268320880812,2.481541001398
    ));
#1962 = CARTESIAN_POINT('',(0.671311601004,3.418961978083,2.497166000386
    ));
#1963 = CARTESIAN_POINT('',(-0.671311602684,3.418961995034,2.5284160001)
  );
#1964 = CARTESIAN_POINT('',(-1.342623310377,3.268320976503,
    2.544040998727));
#1965 = CARTESIAN_POINT('',(-1.974496561026,2.967032260486,
    2.559666004769));
#1966 = CARTESIAN_POINT('',(-2.527496176975,2.52750636431,2.575290994827
    ));
#1967 = CARTESIAN_POINT('',(-2.967038154495,1.974486720137,
    2.590916003315));
#1968 = CARTESIAN_POINT('',(-3.26831942217,1.342628654221,2.606540999499
    ));
#1969 = CARTESIAN_POINT('',(-3.418961987956,0.671310249612,
    2.622166000209));
#1970 = CARTESIAN_POINT('',(-3.418961986132,-0.67131024968,
    2.653416000233));
#1971 = CARTESIAN_POINT('',(-3.268319351234,-1.34262864097,
    2.669041000885));
#1972 = CARTESIAN_POINT('',(-2.967038438108,-1.974486840905,
    2.684665997382));
#1973 = CARTESIAN_POINT('',(-2.52749572316,-2.527506080922,
    2.700291005133));
#1974 = CARTESIAN_POINT('',(-1.974496904725,-2.967032543757,
    2.715915996184));
#1975 = CARTESIAN_POINT('',(-1.34262320561,-3.268320880888,
    2.731541001449));
#1976 = CARTESIAN_POINT('',(-0.67131160153,-3.41896197828,2.747166000378
    ));
#1977 = CARTESIAN_POINT('',(0.671311603236,-3.418961995164,
    2.778416000093));
#1978 = CARTESIAN_POINT('',(1.342623308278,-3.268320976512,
    2.794040998749));
#1979 = CARTESIAN_POINT('',(1.974496565764,-2.967032260283,2.80966600469
    ));
#1980 = CARTESIAN_POINT('',(2.527496168934,-2.52750636436,2.825290994992
    ));
#1981 = CARTESIAN_POINT('',(2.967038164446,-1.974486719992,
    2.840916003115));
#1982 = CARTESIAN_POINT('',(3.268319412469,-1.342628654444,
    2.856540999676));
#1983 = CARTESIAN_POINT('',(3.418961995341,-0.671310249407,
    2.872166000083));
#1984 = CARTESIAN_POINT('',(3.41896198275,-1.662761E-11,2.887791000296)
  );
#1985 = ADVANCED_FACE('',(#1986),#1997,.F.);
#1986 = FACE_BOUND('',#1987,.F.);
#1987 = EDGE_LOOP('',(#1988,#1994,#1995,#1996));
#1988 = ORIENTED_EDGE('',*,*,#1989,.F.);
#1989 = EDGE_CURVE('',#1858,#1472,#1990,.T.);
#1990 = LINE('',#1991,#1992);
#1991 = CARTESIAN_POINT('',(3.4,0.,4.));
#1992 = VECTOR('',#1993,1.);
#1993 = DIRECTION('',(-0.,-0.,-1.));
#1994 = ORIENTED_EDGE('',*,*,#1857,.F.);
#1995 = ORIENTED_EDGE('',*,*,#1317,.T.);
#1996 = ORIENTED_EDGE('',*,*,#1471,.T.);
#1997 = CYLINDRICAL_SURFACE('',#1998,3.4);
#1998 = AXIS2_PLACEMENT_3D('',#1999,#2000,#2001);
#1999 = CARTESIAN_POINT('',(0.,0.,4.));
#2000 = DIRECTION('',(0.,0.,1.));
#2001 = DIRECTION('',(1.,0.,0.));
#2002 = ADVANCED_FACE('',(#2003),#2023,.T.);
#2003 = FACE_BOUND('',#2004,.T.);
#2004 = EDGE_LOOP('',(#2005,#2014,#2015,#2016));
#2005 = ORIENTED_EDGE('',*,*,#2006,.F.);
#2006 = EDGE_CURVE('',#1335,#2007,#2009,.T.);
#2007 = VERTEX_POINT('',#2008);
#2008 = CARTESIAN_POINT('',(-3.545,-3.725,-0.21));
#2009 = CIRCLE('',#2010,9.E-02);
#2010 = AXIS2_PLACEMENT_3D('',#2011,#2012,#2013);
#2011 = CARTESIAN_POINT('',(-3.545,-3.725,-0.12));
#2012 = DIRECTION('',(0.,1.,0.));
#2013 = DIRECTION('',(1.,0.,-0.));
#2014 = ORIENTED_EDGE('',*,*,#1342,.T.);
#2015 = ORIENTED_EDGE('',*,*,#2006,.T.);
#2016 = ORIENTED_EDGE('',*,*,#2017,.F.);
#2017 = EDGE_CURVE('',#2007,#2007,#2018,.T.);
#2018 = CIRCLE('',#2019,0.18);
#2019 = AXIS2_PLACEMENT_3D('',#2020,#2021,#2022);
#2020 = CARTESIAN_POINT('',(-3.725,-3.725,-0.21));
#2021 = DIRECTION('',(-0.,0.,-1.));
#2022 = DIRECTION('',(1.,0.,-0.));
#2023 = TOROIDAL_SURFACE('',#2024,0.18,9.E-02);
#2024 = AXIS2_PLACEMENT_3D('',#2025,#2026,#2027);
#2025 = CARTESIAN_POINT('',(-3.725,-3.725,-0.12));
#2026 = DIRECTION('',(-0.,0.,-1.));
#2027 = DIRECTION('',(1.,0.,-0.));
#2028 = ADVANCED_FACE('',(#2029),#2049,.T.);
#2029 = FACE_BOUND('',#2030,.T.);
#2030 = EDGE_LOOP('',(#2031,#2040,#2041,#2042));
#2031 = ORIENTED_EDGE('',*,*,#2032,.F.);
#2032 = EDGE_CURVE('',#1360,#2033,#2035,.T.);
#2033 = VERTEX_POINT('',#2034);
#2034 = CARTESIAN_POINT('',(3.905,-3.725,-0.21));
#2035 = CIRCLE('',#2036,9.E-02);
#2036 = AXIS2_PLACEMENT_3D('',#2037,#2038,#2039);
#2037 = CARTESIAN_POINT('',(3.905,-3.725,-0.12));
#2038 = DIRECTION('',(0.,1.,0.));
#2039 = DIRECTION('',(1.,0.,-0.));
#2040 = ORIENTED_EDGE('',*,*,#1367,.T.);
#2041 = ORIENTED_EDGE('',*,*,#2032,.T.);
#2042 = ORIENTED_EDGE('',*,*,#2043,.F.);
#2043 = EDGE_CURVE('',#2033,#2033,#2044,.T.);
#2044 = CIRCLE('',#2045,0.18);
#2045 = AXIS2_PLACEMENT_3D('',#2046,#2047,#2048);
#2046 = CARTESIAN_POINT('',(3.725,-3.725,-0.21));
#2047 = DIRECTION('',(-0.,0.,-1.));
#2048 = DIRECTION('',(1.,0.,-0.));
#2049 = TOROIDAL_SURFACE('',#2050,0.18,9.E-02);
#2050 = AXIS2_PLACEMENT_3D('',#2051,#2052,#2053);
#2051 = CARTESIAN_POINT('',(3.725,-3.725,-0.12));
#2052 = DIRECTION('',(-0.,0.,-1.));
#2053 = DIRECTION('',(1.,0.,-0.));
#2054 = ADVANCED_FACE('',(#2055),#2075,.T.);
#2055 = FACE_BOUND('',#2056,.T.);
#2056 = EDGE_LOOP('',(#2057,#2066,#2067,#2068));
#2057 = ORIENTED_EDGE('',*,*,#2058,.F.);
#2058 = EDGE_CURVE('',#1385,#2059,#2061,.T.);
#2059 = VERTEX_POINT('',#2060);
#2060 = CARTESIAN_POINT('',(3.905,3.725,-0.21));
#2061 = CIRCLE('',#2062,9.E-02);
#2062 = AXIS2_PLACEMENT_3D('',#2063,#2064,#2065);
#2063 = CARTESIAN_POINT('',(3.905,3.725,-0.12));
#2064 = DIRECTION('',(0.,1.,0.));
#2065 = DIRECTION('',(1.,0.,-0.));
#2066 = ORIENTED_EDGE('',*,*,#1392,.T.);
#2067 = ORIENTED_EDGE('',*,*,#2058,.T.);
#2068 = ORIENTED_EDGE('',*,*,#2069,.F.);
#2069 = EDGE_CURVE('',#2059,#2059,#2070,.T.);
#2070 = CIRCLE('',#2071,0.18);
#2071 = AXIS2_PLACEMENT_3D('',#2072,#2073,#2074);
#2072 = CARTESIAN_POINT('',(3.725,3.725,-0.21));
#2073 = DIRECTION('',(-0.,0.,-1.));
#2074 = DIRECTION('',(1.,0.,-0.));
#2075 = TOROIDAL_SURFACE('',#2076,0.18,9.E-02);
#2076 = AXIS2_PLACEMENT_3D('',#2077,#2078,#2079);
#2077 = CARTESIAN_POINT('',(3.725,3.725,-0.12));
#2078 = DIRECTION('',(-0.,0.,-1.));
#2079 = DIRECTION('',(1.,0.,-0.));
#2080 = ADVANCED_FACE('',(#2081,#2084),#2165,.T.);
#2081 = FACE_BOUND('',#2082,.T.);
#2082 = EDGE_LOOP('',(#2083));
#2083 = ORIENTED_EDGE('',*,*,#1420,.T.);
#2084 = FACE_BOUND('',#2085,.T.);
#2085 = EDGE_LOOP('',(#2086,#2097,#2107,#2130,#2140,#2157));
#2086 = ORIENTED_EDGE('',*,*,#2087,.F.);
#2087 = EDGE_CURVE('',#2088,#2090,#2092,.T.);
#2088 = VERTEX_POINT('',#2089);
#2089 = CARTESIAN_POINT('',(0.544153590908,3.356172949879,4.));
#2090 = VERTEX_POINT('',#2091);
#2091 = CARTESIAN_POINT('',(1.53247936821,-3.03504645533,4.));
#2092 = CIRCLE('',#2093,3.4);
#2093 = AXIS2_PLACEMENT_3D('',#2094,#2095,#2096);
#2094 = CARTESIAN_POINT('',(0.,0.,4.));
#2095 = DIRECTION('',(0.,0.,1.));
#2096 = DIRECTION('',(1.,0.,0.));
#2097 = ORIENTED_EDGE('',*,*,#2098,.F.);
#2098 = EDGE_CURVE('',#2099,#2088,#2101,.T.);
#2099 = VERTEX_POINT('',#2100);
#2100 = CARTESIAN_POINT('',(0.547188381041,3.374890605958,4.));
#2101 = B_SPLINE_CURVE_WITH_KNOTS('',4,(#2102,#2103,#2104,#2105,#2106),
  .UNSPECIFIED.,.F.,.F.,(5,5),(0.,1.),.PIECEWISE_BEZIER_KNOTS.);
#2102 = CARTESIAN_POINT('',(0.547188381041,3.374890605958,4.));
#2103 = CARTESIAN_POINT('',(0.541186686574,3.337873992613,4.));
#2104 = CARTESIAN_POINT('',(0.535184992108,3.300857379267,4.));
#2105 = CARTESIAN_POINT('',(0.529183297643,3.263840765921,4.));
#2106 = CARTESIAN_POINT('',(0.523181603178,3.226824152576,4.));
#2107 = ORIENTED_EDGE('',*,*,#2108,.F.);
#2108 = EDGE_CURVE('',#2109,#2099,#2111,.T.);
#2109 = VERTEX_POINT('',#2110);
#2110 = CARTESIAN_POINT('',(3.532826496643,0.546309495811,4.));
#2111 = B_SPLINE_CURVE_WITH_KNOTS('',5,(#2112,#2113,#2114,#2115,#2116,
    #2117,#2118,#2119,#2120,#2121,#2122,#2123,#2124,#2125,#2126,#2127,
    #2128,#2129),.UNSPECIFIED.,.F.,.F.,(6,4,4,4,6),(0.,0.257893453662,
    0.513134045063,0.7578090281,1.),.UNSPECIFIED.);
#2112 = CARTESIAN_POINT('',(3.532826496643,0.546309495811,4.));
#2113 = CARTESIAN_POINT('',(3.49034610019,0.769475259263,4.));
#2114 = CARTESIAN_POINT('',(3.430134794212,0.989225606764,4.));
#2115 = CARTESIAN_POINT('',(3.352504249938,1.203652180348,4.));
#2116 = CARTESIAN_POINT('',(3.258059666876,1.41091771003,4.));
#2117 = CARTESIAN_POINT('',(3.038498617015,1.805589566483,4.));
#2118 = CARTESIAN_POINT('',(2.913701568125,1.993189189438,4.));
#2119 = CARTESIAN_POINT('',(2.774205682144,2.170377930133,4.));
#2120 = CARTESIAN_POINT('',(2.621149808939,2.335618625449,4.));
#2121 = CARTESIAN_POINT('',(2.297553103724,2.63319689587,4.));
#2122 = CARTESIAN_POINT('',(2.127990233462,2.766620859511,4.));
#2123 = CARTESIAN_POINT('',(1.948476056197,2.886628686564,4.));
#2124 = CARTESIAN_POINT('',(1.760410833026,2.992223682801,4.));
#2125 = CARTESIAN_POINT('',(1.372292402128,3.172110594612,4.));
#2126 = CARTESIAN_POINT('',(1.172370816472,3.246713816381,4.));
#2127 = CARTESIAN_POINT('',(0.967118075331,3.305680694493,4.));
#2128 = CARTESIAN_POINT('',(0.758153540701,3.348493892385,4.));
#2129 = CARTESIAN_POINT('',(0.547188381041,3.374890605958,4.));
#2130 = ORIENTED_EDGE('',*,*,#2131,.F.);
#2131 = EDGE_CURVE('',#2132,#2109,#2134,.T.);
#2132 = VERTEX_POINT('',#2133);
#2133 = CARTESIAN_POINT('',(3.555788629482,-8.458E-12,4.));
#2134 = B_SPLINE_CURVE_WITH_KNOTS('',4,(#2135,#2136,#2137,#2138,#2139),
  .UNSPECIFIED.,.F.,.F.,(5,5),(0.,1.),.PIECEWISE_BEZIER_KNOTS.);
#2135 = CARTESIAN_POINT('',(3.555788629486,-8.46388E-12,4.));
#2136 = CARTESIAN_POINT('',(3.56055763789,0.136722023035,4.));
#2137 = CARTESIAN_POINT('',(3.558309133494,0.2737074047,4.));
#2138 = CARTESIAN_POINT('',(3.549039376065,0.410413761238,4.));
#2139 = CARTESIAN_POINT('',(3.532826496643,0.546309495811,4.));
#2140 = ORIENTED_EDGE('',*,*,#2141,.F.);
#2141 = EDGE_CURVE('',#2142,#2132,#2144,.T.);
#2142 = VERTEX_POINT('',#2143);
#2143 = CARTESIAN_POINT('',(1.541026070812,-3.051973038801,4.));
#2144 = B_SPLINE_CURVE_WITH_KNOTS('',6,(#2145,#2146,#2147,#2148,#2149,
    #2150,#2151,#2152,#2153,#2154,#2155,#2156),.UNSPECIFIED.,.F.,.F.,(7,
    5,7),(0.,0.48755825639,1.),.UNSPECIFIED.);
#2145 = CARTESIAN_POINT('',(1.541026070812,-3.051973038801,4.));
#2146 = CARTESIAN_POINT('',(1.824751338612,-2.921396368416,4.));
#2147 = CARTESIAN_POINT('',(2.094293951429,-2.759631412646,4.));
#2148 = CARTESIAN_POINT('',(2.345310776297,-2.568796475983,4.));
#2149 = CARTESIAN_POINT('',(2.574126859958,-2.351739190526,4.));
#2150 = CARTESIAN_POINT('',(2.777569621244,-2.111785715656,4.));
#2151 = CARTESIAN_POINT('',(3.13766134421,-1.580790726674,4.));
#2152 = CARTESIAN_POINT('',(3.291469910141,-1.287651745212,4.));
#2153 = CARTESIAN_POINT('',(3.411612148423,-0.978037394122,4.));
#2154 = CARTESIAN_POINT('',(3.496247305769,-0.656825841757,4.));
#2155 = CARTESIAN_POINT('',(3.544311067533,-0.329059228963,4.));
#2156 = CARTESIAN_POINT('',(3.555788629482,-8.45784E-12,4.));
#2157 = ORIENTED_EDGE('',*,*,#2158,.F.);
#2158 = EDGE_CURVE('',#2090,#2142,#2159,.T.);
#2159 = B_SPLINE_CURVE_WITH_KNOTS('',4,(#2160,#2161,#2162,#2163,#2164),
  .UNSPECIFIED.,.F.,.F.,(5,5),(0.,1.),.PIECEWISE_BEZIER_KNOTS.);
#2160 = CARTESIAN_POINT('',(1.473416687946,-2.918073929891,4.));
#2161 = CARTESIAN_POINT('',(1.490319033662,-2.951548707119,4.));
#2162 = CARTESIAN_POINT('',(1.507221379379,-2.985023484346,4.));
#2163 = CARTESIAN_POINT('',(1.524123725095,-3.018498261574,4.));
#2164 = CARTESIAN_POINT('',(1.541026070812,-3.051973038801,4.));
#2165 = PLANE('',#2166);
#2166 = AXIS2_PLACEMENT_3D('',#2167,#2168,#2169);
#2167 = CARTESIAN_POINT('',(-3.5E-16,-1.6E-16,4.));
#2168 = DIRECTION('',(0.,0.,1.));
#2169 = DIRECTION('',(1.,0.,0.));
#2170 = ADVANCED_FACE('',(#2171),#2275,.T.);
#2171 = FACE_BOUND('',#2172,.T.);
#2172 = EDGE_LOOP('',(#2173,#2208,#2209,#2270));
#2173 = ORIENTED_EDGE('',*,*,#2174,.F.);
#2174 = EDGE_CURVE('',#1436,#2175,#2177,.T.);
#2175 = VERTEX_POINT('',#2176);
#2176 = CARTESIAN_POINT('',(3.41896198275,-1.6921E-11,3.087791000295));
#2177 = B_SPLINE_CURVE_WITH_KNOTS('',8,(#2178,#2179,#2180,#2181,#2182,
    #2183,#2184,#2185,#2186,#2187,#2188,#2189,#2190,#2191,#2192,#2193,
    #2194,#2195,#2196,#2197,#2198,#2199,#2200,#2201,#2202,#2203,#2204,
    #2205,#2206,#2207),.UNSPECIFIED.,.F.,.F.,(9,7,7,7,9),(0.,
    1.571823592537,3.143647185075,4.715470777612,6.28729437015),
  .UNSPECIFIED.);
#2178 = CARTESIAN_POINT('',(3.418961991375,1.769562E-11,2.587791000144)
  );
#2179 = CARTESIAN_POINT('',(3.418961978706,0.671310249588,2.603416000358
    ));
#2180 = CARTESIAN_POINT('',(3.268319359869,1.342628641145,2.61904100075)
  );
#2181 = CARTESIAN_POINT('',(2.96703842924,1.97448684038,2.634665997507)
  );
#2182 = CARTESIAN_POINT('',(2.527495731326,2.527506082128,2.650291004983
    ));
#2183 = CARTESIAN_POINT('',(1.974496899905,2.967032543613,2.665915996279
    ));
#2184 = CARTESIAN_POINT('',(1.342623207735,3.268320880813,2.68154100141)
  );
#2185 = CARTESIAN_POINT('',(0.671311601004,3.418961978083,2.697166000383
    ));
#2186 = CARTESIAN_POINT('',(-0.671311602684,3.418961995035,
    2.728416000097));
#2187 = CARTESIAN_POINT('',(-1.342623310377,3.268320976503,
    2.744040998741));
#2188 = CARTESIAN_POINT('',(-1.974496561028,2.967032260487,
    2.759666004735));
#2189 = CARTESIAN_POINT('',(-2.527496176974,2.527506364309,
    2.775290994848));
#2190 = CARTESIAN_POINT('',(-2.967038154497,1.974486720138,
    2.790916003304));
#2191 = CARTESIAN_POINT('',(-3.26831942217,1.342628654221,2.806540999499
    ));
#2192 = CARTESIAN_POINT('',(-3.418961987956,0.671310249612,
    2.822166000206));
#2193 = CARTESIAN_POINT('',(-3.418961986132,-0.67131024968,2.85341600023
    ));
#2194 = CARTESIAN_POINT('',(-3.268319351235,-1.34262864097,
    2.869041000892));
#2195 = CARTESIAN_POINT('',(-2.967038438106,-1.974486840905,
    2.884665997353));
#2196 = CARTESIAN_POINT('',(-2.527495723164,-2.527506080922,
    2.900291005164));
#2197 = CARTESIAN_POINT('',(-1.974496904722,-2.967032543757,
    2.915915996151));
#2198 = CARTESIAN_POINT('',(-1.342623205611,-3.268320880888,
    2.931541001462));
#2199 = CARTESIAN_POINT('',(-0.67131160153,-3.41896197828,2.947166000375
    ));
#2200 = CARTESIAN_POINT('',(0.671311603237,-3.418961995164,
    2.978416000091));
#2201 = CARTESIAN_POINT('',(1.342623308278,-3.268320976512,
    2.994040998764));
#2202 = CARTESIAN_POINT('',(1.974496565766,-2.967032260285,
    3.009666004666));
#2203 = CARTESIAN_POINT('',(2.527496168932,-2.527506364358,
    3.025290994992));
#2204 = CARTESIAN_POINT('',(2.967038164448,-1.974486719994,
    3.040916003122));
#2205 = CARTESIAN_POINT('',(3.268319412469,-1.342628654444,
    3.056540999669));
#2206 = CARTESIAN_POINT('',(3.418961995341,-0.671310249407,3.07216600008
    ));
#2207 = CARTESIAN_POINT('',(3.41896198275,-1.662717E-11,3.087791000293)
  );
#2208 = ORIENTED_EDGE('',*,*,#1576,.T.);
#2209 = ORIENTED_EDGE('',*,*,#2210,.T.);
#2210 = EDGE_CURVE('',#1472,#2211,#2213,.T.);
#2211 = VERTEX_POINT('',#2212);
#2212 = CARTESIAN_POINT('',(3.4,-8.314E-12,3.087791000293));
#2213 = B_SPLINE_CURVE_WITH_KNOTS('',7,(#2214,#2215,#2216,#2217,#2218,
    #2219,#2220,#2221,#2222,#2223,#2224,#2225,#2226,#2227,#2228,#2229,
    #2230,#2231,#2232,#2233,#2234,#2235,#2236,#2237,#2238,#2239,#2240,
    #2241,#2242,#2243,#2244,#2245,#2246,#2247,#2248,#2249,#2250,#2251,
    #2252,#2253,#2254,#2255,#2256,#2257,#2258,#2259,#2260,#2261,#2262,
    #2263,#2264,#2265,#2266,#2267,#2268,#2269),.UNSPECIFIED.,.F.,.F.,(8,
    6,6,6,6,6,6,6,6,8),(0.,0.12492411003,0.250921112915,0.375786175894,
    0.50078402682,0.520775699621,0.635618081484,0.751206067905,
    0.875000794447,1.),.UNSPECIFIED.);
#2214 = CARTESIAN_POINT('',(3.4,1.769696E-11,2.587791000144));
#2215 = CARTESIAN_POINT('',(3.399999999999,0.38117474524,2.596712466321)
  );
#2216 = CARTESIAN_POINT('',(3.350143068199,0.762595451771,2.605639629974
    ));
#2217 = CARTESIAN_POINT('',(3.250321435333,1.135984655663,2.614562022221
    ));
#2218 = CARTESIAN_POINT('',(3.102279716506,1.49362360896,2.623483089724)
  );
#2219 = CARTESIAN_POINT('',(2.908993275131,1.828323926781,2.632405450787
    ));
#2220 = CARTESIAN_POINT('',(2.674683775694,2.133391879815,2.641332655016
    ));
#2221 = CARTESIAN_POINT('',(2.133557472755,2.675020208764,2.659252170903
    ));
#2222 = CARTESIAN_POINT('',(1.825777205778,2.911328003378,2.668256247047
    ));
#2223 = CARTESIAN_POINT('',(1.487864508232,3.105877958382,2.677255266736
    ));
#2224 = CARTESIAN_POINT('',(1.126694712646,3.254347515702,2.686252943427
    ));
#2225 = CARTESIAN_POINT('',(0.749649202897,3.353702315692,2.695251956976
    ));
#2226 = CARTESIAN_POINT('',(0.36465568773,3.402179718112,2.704256033461)
  );
#2227 = CARTESIAN_POINT('',(-0.400774403295,3.397725234705,
    2.722171334394));
#2228 = CARTESIAN_POINT('',(-0.781717874863,3.345697645128,
    2.731094308956));
#2229 = CARTESIAN_POINT('',(-1.154351316413,3.243800356654,
    2.740012453988));
#2230 = CARTESIAN_POINT('',(-1.51097673898,3.093819164214,2.74892929786)
  );
#2231 = CARTESIAN_POINT('',(-1.84443279532,2.898765818678,2.757847448298
    ));
#2232 = CARTESIAN_POINT('',(-2.148058983403,2.662893065735,
    2.766770423654));
#2233 = CARTESIAN_POINT('',(-2.684459400635,2.121118455164,
    2.784614367159));
#2234 = CARTESIAN_POINT('',(-2.917504308628,1.814792548925,
    2.793546856859));
#2235 = CARTESIAN_POINT('',(-3.109340305286,1.478988621366,
    2.802474473204));
#2236 = CARTESIAN_POINT('',(-3.255769637483,1.120432226609,
    2.811400829653));
#2237 = CARTESIAN_POINT('',(-3.35384596049,0.746338241507,2.820328463955
    ));
#2238 = CARTESIAN_POINT('',(-3.401858837851,0.364447788365,
    2.829260924741));
#2239 = CARTESIAN_POINT('',(-3.399653712883,-7.794602689768E-02,
    2.839615360477));
#2240 = CARTESIAN_POINT('',(-3.398072879366,-0.138938567563,
    2.841043066603));
#2241 = CARTESIAN_POINT('',(-3.395215423641,-0.199892665626,
    2.842470772222));
#2242 = CARTESIAN_POINT('',(-3.391082511838,-0.260776250665,
    2.843898477301));
#2243 = CARTESIAN_POINT('',(-3.385676315414,-0.321557327551,
    2.84532618187));
#2244 = CARTESIAN_POINT('',(-3.379000011146,-0.382203976454,
    2.846753886024));
#2245 = CARTESIAN_POINT('',(-3.325433554443,-0.790114532857,
    2.856383050446));
#2246 = CARTESIAN_POINT('',(-3.238012721696,-1.132219533449,
    2.864588307925));
#2247 = CARTESIAN_POINT('',(-3.109560014168,-1.462669863302,
    2.872790450588));
#2248 = CARTESIAN_POINT('',(-2.942071680234,-1.775663527815,
    2.880991590548));
#2249 = CARTESIAN_POINT('',(-2.738403018674,-2.065864552139,
    2.88919371402));
#2250 = CARTESIAN_POINT('',(-2.5022738977,-2.328393145344,2.897398974606
    ));
#2251 = CARTESIAN_POINT('',(-1.973065908336,-2.791307900251,
    2.913855153479));
#2252 = CARTESIAN_POINT('',(-1.679377649997,-2.991497848477,
    2.922113787617));
#2253 = CARTESIAN_POINT('',(-1.362311716373,-3.155337728573,
    2.93036918218));
#2254 = CARTESIAN_POINT('',(-1.02730949991,-3.27973849053,2.938623565062
    ));
#2255 = CARTESIAN_POINT('',(-0.680155094154,-3.362552258008,
    2.94687895612));
#2256 = CARTESIAN_POINT('',(-0.326987225591,-3.402567888624,
    2.955137588877));
#2257 = CARTESIAN_POINT('',(0.403408916997,-3.397048774716,
    2.972233100024));
#2258 = CARTESIAN_POINT('',(0.780992128719,-3.345234698193,2.98107940264
    ));
#2259 = CARTESIAN_POINT('',(1.150393316897,-3.24441934274,2.989921085646
    ));
#2260 = CARTESIAN_POINT('',(1.504111421045,-3.096338232691,
    2.998761501525));
#2261 = CARTESIAN_POINT('',(1.835161891969,-2.903915410515,
    3.007603189058));
#2262 = CARTESIAN_POINT('',(2.137044463935,-2.671276867554,
    3.016449491858));
#2263 = CARTESIAN_POINT('',(2.673837379215,-2.13449355956,3.034217103918
    ));
#2264 = CARTESIAN_POINT('',(2.908411266074,-1.829331274575,
    3.043149692599));
#2265 = CARTESIAN_POINT('',(3.10192295651,-1.494484987804,3.052077423096
    ));
#2266 = CARTESIAN_POINT('',(3.250141016794,-1.136659314454,
    3.061003856491));
#2267 = CARTESIAN_POINT('',(3.35008306082,-0.763054836769,3.069931618545
    ));
#2268 = CARTESIAN_POINT('',(3.399999999999,-0.381404052085,
    3.078864167167));
#2269 = CARTESIAN_POINT('',(3.4,-1.662803E-11,3.087791000293));
#2270 = ORIENTED_EDGE('',*,*,#2271,.F.);
#2271 = EDGE_CURVE('',#2175,#2211,#2272,.T.);
#2272 = B_SPLINE_CURVE_WITH_KNOTS('',1,(#2273,#2274),.UNSPECIFIED.,.F.,
  .F.,(2,2),(-0.15,-0.),.PIECEWISE_BEZIER_KNOTS.);
#2273 = CARTESIAN_POINT('',(3.41896198275,-1.662717E-11,3.087791000293)
  );
#2274 = CARTESIAN_POINT('',(3.26896198275,-1.663412E-11,3.087791000293)
  );
#2275 = B_SPLINE_SURFACE_WITH_KNOTS('',1,8,(
    (#2276,#2277,#2278,#2279,#2280,#2281,#2282,#2283,#2284,#2285,#2286
      ,#2287,#2288,#2289,#2290,#2291,#2292,#2293,#2294,#2295,#2296,#2297
      ,#2298,#2299,#2300,#2301,#2302,#2303,#2304,#2305)
    ,(#2306,#2307,#2308,#2309,#2310,#2311,#2312,#2313,#2314,#2315,#2316
      ,#2317,#2318,#2319,#2320,#2321,#2322,#2323,#2324,#2325,#2326,#2327
      ,#2328,#2329,#2330,#2331,#2332,#2333,#2334,#2335
  )),.UNSPECIFIED.,.F.,.F.,.F.,(2,2),(9,7,7,7,9),(-0.15,-0.),(0.,
    1.571823592537,3.143647185075,4.715470777612,6.28729437015),
  .UNSPECIFIED.);
#2276 = CARTESIAN_POINT('',(3.418961991375,1.769562E-11,2.587791000144)
  );
#2277 = CARTESIAN_POINT('',(3.418961978706,0.671310249588,2.603416000358
    ));
#2278 = CARTESIAN_POINT('',(3.268319359869,1.342628641145,2.61904100075)
  );
#2279 = CARTESIAN_POINT('',(2.96703842924,1.97448684038,2.634665997507)
  );
#2280 = CARTESIAN_POINT('',(2.527495731326,2.527506082128,2.650291004983
    ));
#2281 = CARTESIAN_POINT('',(1.974496899905,2.967032543613,2.665915996279
    ));
#2282 = CARTESIAN_POINT('',(1.342623207735,3.268320880813,2.68154100141)
  );
#2283 = CARTESIAN_POINT('',(0.671311601004,3.418961978083,2.697166000383
    ));
#2284 = CARTESIAN_POINT('',(-0.671311602684,3.418961995035,
    2.728416000097));
#2285 = CARTESIAN_POINT('',(-1.342623310377,3.268320976503,
    2.744040998741));
#2286 = CARTESIAN_POINT('',(-1.974496561028,2.967032260487,
    2.759666004735));
#2287 = CARTESIAN_POINT('',(-2.527496176974,2.527506364309,
    2.775290994848));
#2288 = CARTESIAN_POINT('',(-2.967038154497,1.974486720138,
    2.790916003304));
#2289 = CARTESIAN_POINT('',(-3.26831942217,1.342628654221,2.806540999499
    ));
#2290 = CARTESIAN_POINT('',(-3.418961987956,0.671310249612,
    2.822166000206));
#2291 = CARTESIAN_POINT('',(-3.418961986132,-0.67131024968,2.85341600023
    ));
#2292 = CARTESIAN_POINT('',(-3.268319351235,-1.34262864097,
    2.869041000892));
#2293 = CARTESIAN_POINT('',(-2.967038438106,-1.974486840905,
    2.884665997353));
#2294 = CARTESIAN_POINT('',(-2.527495723164,-2.527506080922,
    2.900291005164));
#2295 = CARTESIAN_POINT('',(-1.974496904722,-2.967032543757,
    2.915915996151));
#2296 = CARTESIAN_POINT('',(-1.342623205611,-3.268320880888,
    2.931541001462));
#2297 = CARTESIAN_POINT('',(-0.67131160153,-3.41896197828,2.947166000375
    ));
#2298 = CARTESIAN_POINT('',(0.671311603237,-3.418961995164,
    2.978416000091));
#2299 = CARTESIAN_POINT('',(1.342623308278,-3.268320976512,
    2.994040998764));
#2300 = CARTESIAN_POINT('',(1.974496565766,-2.967032260285,
    3.009666004666));
#2301 = CARTESIAN_POINT('',(2.527496168932,-2.527506364358,
    3.025290994992));
#2302 = CARTESIAN_POINT('',(2.967038164448,-1.974486719994,
    3.040916003122));
#2303 = CARTESIAN_POINT('',(3.268319412469,-1.342628654444,
    3.056540999669));
#2304 = CARTESIAN_POINT('',(3.418961995341,-0.671310249407,3.07216600008
    ));
#2305 = CARTESIAN_POINT('',(3.41896198275,-1.662717E-11,3.087791000293)
  );
#2306 = CARTESIAN_POINT('',(3.268961991375,1.770317E-11,2.587791000144)
  );
#2307 = CARTESIAN_POINT('',(3.268961978706,0.641857817855,2.603416000358
    ));
#2308 = CARTESIAN_POINT('',(3.124928478049,1.283723771924,2.619041000752
    ));
#2309 = CARTESIAN_POINT('',(2.836865719832,1.887859851238,2.634665997498
    ));
#2310 = CARTESIAN_POINT('',(2.416606917415,2.416617272584,2.650291005001
    ));
#2311 = CARTESIAN_POINT('',(1.887869915027,2.836859831709,2.665915996261
    ));
#2312 = CARTESIAN_POINT('',(1.28371833617,3.124929999644,2.681541001419)
  );
#2313 = CARTESIAN_POINT('',(0.641859169874,3.268961978084,2.697166000383
    ));
#2314 = CARTESIAN_POINT('',(-0.641859171554,3.268961995035,
    2.728416000097));
#2315 = CARTESIAN_POINT('',(-1.283718438813,3.124930095334,2.74404099874
    ));
#2316 = CARTESIAN_POINT('',(-1.88786957615,2.836859548583,2.759666004732
    ));
#2317 = CARTESIAN_POINT('',(-2.416607363063,2.416617554765,
    2.775290994862));
#2318 = CARTESIAN_POINT('',(-2.836865445087,1.887859730996,
    2.790916003291));
#2319 = CARTESIAN_POINT('',(-3.124928540351,1.283723785,2.806540999503)
  );
#2320 = CARTESIAN_POINT('',(-3.268961987956,0.64185781788,2.822166000206
    ));
#2321 = CARTESIAN_POINT('',(-3.268961986132,-0.641857817947,
    2.85341600023));
#2322 = CARTESIAN_POINT('',(-3.124928469415,-1.283723771748,
    2.869041000892));
#2323 = CARTESIAN_POINT('',(-2.836865728698,-1.887859851764,
    2.884665997354));
#2324 = CARTESIAN_POINT('',(-2.416606909252,-2.416617271379,
    2.900291005163));
#2325 = CARTESIAN_POINT('',(-1.887869919845,-2.836859831853,
    2.915915996152));
#2326 = CARTESIAN_POINT('',(-1.283718334047,-3.12492999972,
    2.931541001462));
#2327 = CARTESIAN_POINT('',(-0.641859170401,-3.26896197828,
    2.947166000375));
#2328 = CARTESIAN_POINT('',(0.641859172107,-3.268961995164,2.97841600009
    ));
#2329 = CARTESIAN_POINT('',(1.283718436713,-3.124930095343,
    2.994040998764));
#2330 = CARTESIAN_POINT('',(1.887869580889,-2.83685954838,3.009666004666
    ));
#2331 = CARTESIAN_POINT('',(2.416607355021,-2.416617554814,
    3.025290994992));
#2332 = CARTESIAN_POINT('',(2.836865455038,-1.887859730852,
    3.040916003122));
#2333 = CARTESIAN_POINT('',(3.12492853065,-1.283723785223,3.05654099967)
  );
#2334 = CARTESIAN_POINT('',(3.268961995341,-0.641857817675,3.07216600008
    ));
#2335 = CARTESIAN_POINT('',(3.26896198275,-1.663412E-11,3.087791000293)
  );
#2336 = ADVANCED_FACE('',(#2337),#2347,.T.);
#2337 = FACE_BOUND('',#2338,.T.);
#2338 = EDGE_LOOP('',(#2339,#2340,#2341,#2342));
#2339 = ORIENTED_EDGE('',*,*,#1753,.F.);
#2340 = ORIENTED_EDGE('',*,*,#1648,.T.);
#2341 = ORIENTED_EDGE('',*,*,#2174,.T.);
#2342 = ORIENTED_EDGE('',*,*,#2343,.F.);
#2343 = EDGE_CURVE('',#1754,#2175,#2344,.T.);
#2344 = B_SPLINE_CURVE_WITH_KNOTS('',1,(#2345,#2346),.UNSPECIFIED.,.F.,
  .F.,(2,2),(-0.185177701212,-0.),.PIECEWISE_BEZIER_KNOTS.);
#2345 = CARTESIAN_POINT('',(3.574816982754,-1.661934E-11,2.987791000294)
  );
#2346 = CARTESIAN_POINT('',(3.41896198275,-1.662717E-11,3.087791000293)
  );
#2347 = B_SPLINE_SURFACE_WITH_KNOTS('',1,8,(
    (#2348,#2349,#2350,#2351,#2352,#2353,#2354,#2355,#2356,#2357,#2358
      ,#2359,#2360,#2361,#2362,#2363,#2364,#2365,#2366,#2367,#2368,#2369
      ,#2370,#2371,#2372,#2373,#2374,#2375,#2376,#2377)
    ,(#2378,#2379,#2380,#2381,#2382,#2383,#2384,#2385,#2386,#2387,#2388
      ,#2389,#2390,#2391,#2392,#2393,#2394,#2395,#2396,#2397,#2398,#2399
      ,#2400,#2401,#2402,#2403,#2404,#2405,#2406,#2407
  )),.UNSPECIFIED.,.F.,.F.,.F.,(2,2),(9,7,7,7,9),(-0.185177701212,-0.),(
    0.,1.571823592537,3.143647185075,4.715470777612,6.28729437015),
  .UNSPECIFIED.);
#2348 = CARTESIAN_POINT('',(3.574816991379,1.768763E-11,2.487791000145)
  );
#2349 = CARTESIAN_POINT('',(3.57481697871,0.701912307906,2.503416000359)
  );
#2350 = CARTESIAN_POINT('',(3.417307265779,1.403832763763,2.519041000734
    ));
#2351 = CARTESIAN_POINT('',(3.102292213412,2.064495169668,2.534665997525
    ));
#2352 = CARTESIAN_POINT('',(2.642712905273,2.642723251538,2.550291004993
    ));
#2353 = CARTESIAN_POINT('',(2.064505224763,3.102286330377,2.565915996249
    ));
#2354 = CARTESIAN_POINT('',(1.403827332787,3.417308786046,2.581541001423
    ));
#2355 = CARTESIAN_POINT('',(0.701913658696,3.574816978087,2.597166000381
    ));
#2356 = CARTESIAN_POINT('',(-0.701913660376,3.574816995038,
    2.628416000095));
#2357 = CARTESIAN_POINT('',(-1.40382743543,3.417308881737,2.644040998748
    ));
#2358 = CARTESIAN_POINT('',(-2.064504885883,3.10228604725,2.65966600472)
  );
#2359 = CARTESIAN_POINT('',(-2.642713350924,2.642723533722,
    2.675290994837));
#2360 = CARTESIAN_POINT('',(-3.102291938666,2.064495049424,
    2.690916003331));
#2361 = CARTESIAN_POINT('',(-3.417307328081,1.40383277684,2.706540999483
    ));
#2362 = CARTESIAN_POINT('',(-3.57481698796,0.701912307931,2.722166000208
    ));
#2363 = CARTESIAN_POINT('',(-3.574816986136,-0.701912307998,
    2.753416000231));
#2364 = CARTESIAN_POINT('',(-3.417307257145,-1.403832763588,
    2.769041000882));
#2365 = CARTESIAN_POINT('',(-3.102292222278,-2.064495170192,
    2.78466599736));
#2366 = CARTESIAN_POINT('',(-2.642712897111,-2.642723250334,
    2.800291005187));
#2367 = CARTESIAN_POINT('',(-2.064505229581,-3.102286330521,
    2.815915996105));
#2368 = CARTESIAN_POINT('',(-1.403827330663,-3.417308786122,
    2.831541001483));
#2369 = CARTESIAN_POINT('',(-0.701913659222,-3.574816978284,
    2.847166000373));
#2370 = CARTESIAN_POINT('',(0.701913660928,-3.574816995168,
    2.878416000088));
#2371 = CARTESIAN_POINT('',(1.40382743333,-3.417308881746,2.894040998774
    ));
#2372 = CARTESIAN_POINT('',(2.064504890622,-3.102286047046,
    2.909666004637));
#2373 = CARTESIAN_POINT('',(2.642713342882,-2.642723533772,
    2.925290995008));
#2374 = CARTESIAN_POINT('',(3.102291948617,-2.06449504928,2.940916003129
    ));
#2375 = CARTESIAN_POINT('',(3.41730731838,-1.403832777062,2.956540999659
    ));
#2376 = CARTESIAN_POINT('',(3.574816995345,-0.701912307726,
    2.972166000081));
#2377 = CARTESIAN_POINT('',(3.574816982754,-1.661934E-11,2.987791000294)
  );
#2378 = CARTESIAN_POINT('',(3.418961991375,1.769562E-11,2.587791000144)
  );
#2379 = CARTESIAN_POINT('',(3.418961978706,0.671310249588,2.603416000358
    ));
#2380 = CARTESIAN_POINT('',(3.268319359869,1.342628641145,2.61904100075)
  );
#2381 = CARTESIAN_POINT('',(2.96703842924,1.97448684038,2.634665997507)
  );
#2382 = CARTESIAN_POINT('',(2.527495731326,2.527506082128,2.650291004983
    ));
#2383 = CARTESIAN_POINT('',(1.974496899905,2.967032543613,2.665915996279
    ));
#2384 = CARTESIAN_POINT('',(1.342623207735,3.268320880813,2.68154100141)
  );
#2385 = CARTESIAN_POINT('',(0.671311601004,3.418961978083,2.697166000383
    ));
#2386 = CARTESIAN_POINT('',(-0.671311602684,3.418961995035,
    2.728416000097));
#2387 = CARTESIAN_POINT('',(-1.342623310377,3.268320976503,
    2.744040998741));
#2388 = CARTESIAN_POINT('',(-1.974496561028,2.967032260487,
    2.759666004735));
#2389 = CARTESIAN_POINT('',(-2.527496176974,2.527506364309,
    2.775290994848));
#2390 = CARTESIAN_POINT('',(-2.967038154497,1.974486720138,
    2.790916003304));
#2391 = CARTESIAN_POINT('',(-3.26831942217,1.342628654221,2.806540999499
    ));
#2392 = CARTESIAN_POINT('',(-3.418961987956,0.671310249612,
    2.822166000206));
#2393 = CARTESIAN_POINT('',(-3.418961986132,-0.67131024968,2.85341600023
    ));
#2394 = CARTESIAN_POINT('',(-3.268319351235,-1.34262864097,
    2.869041000892));
#2395 = CARTESIAN_POINT('',(-2.967038438106,-1.974486840905,
    2.884665997353));
#2396 = CARTESIAN_POINT('',(-2.527495723164,-2.527506080922,
    2.900291005164));
#2397 = CARTESIAN_POINT('',(-1.974496904722,-2.967032543757,
    2.915915996151));
#2398 = CARTESIAN_POINT('',(-1.342623205611,-3.268320880888,
    2.931541001462));
#2399 = CARTESIAN_POINT('',(-0.67131160153,-3.41896197828,2.947166000375
    ));
#2400 = CARTESIAN_POINT('',(0.671311603237,-3.418961995164,
    2.978416000091));
#2401 = CARTESIAN_POINT('',(1.342623308278,-3.268320976512,
    2.994040998764));
#2402 = CARTESIAN_POINT('',(1.974496565766,-2.967032260285,
    3.009666004666));
#2403 = CARTESIAN_POINT('',(2.527496168932,-2.527506364358,
    3.025290994992));
#2404 = CARTESIAN_POINT('',(2.967038164448,-1.974486719994,
    3.040916003122));
#2405 = CARTESIAN_POINT('',(3.268319412469,-1.342628654444,
    3.056540999669));
#2406 = CARTESIAN_POINT('',(3.418961995341,-0.671310249407,3.07216600008
    ));
#2407 = CARTESIAN_POINT('',(3.41896198275,-1.662717E-11,3.087791000293)
  );
#2408 = ADVANCED_FACE('',(#2409),#2487,.T.);
#2409 = FACE_BOUND('',#2410,.T.);
#2410 = EDGE_LOOP('',(#2411,#2446,#2447,#2482));
#2411 = ORIENTED_EDGE('',*,*,#2412,.F.);
#2412 = EDGE_CURVE('',#1718,#2413,#2415,.T.);
#2413 = VERTEX_POINT('',#2414);
#2414 = CARTESIAN_POINT('',(3.418961974137,-1.5762E-11,3.387791000445));
#2415 = B_SPLINE_CURVE_WITH_KNOTS('',8,(#2416,#2417,#2418,#2419,#2420,
    #2421,#2422,#2423,#2424,#2425,#2426,#2427,#2428,#2429,#2430,#2431,
    #2432,#2433,#2434,#2435,#2436,#2437,#2438,#2439,#2440,#2441,#2442,
    #2443,#2444,#2445),.UNSPECIFIED.,.F.,.F.,(9,7,7,7,9),(0.,
    1.571823592537,3.143647185075,4.715470777612,6.28729437015),
  .UNSPECIFIED.);
#2416 = CARTESIAN_POINT('',(3.41896198275,-1.697487E-11,2.887791000299)
  );
#2417 = CARTESIAN_POINT('',(3.418961970065,0.671310247955,2.903416000514
    ));
#2418 = CARTESIAN_POINT('',(3.268319351639,1.34262863765,2.919041000873)
  );
#2419 = CARTESIAN_POINT('',(2.967038421723,1.974486835519,2.934665997709
    ));
#2420 = CARTESIAN_POINT('',(2.52749572451,2.527506075474,2.950291005113)
  );
#2421 = CARTESIAN_POINT('',(1.974496894965,2.967032535986,2.965915996429
    ));
#2422 = CARTESIAN_POINT('',(1.342623204334,3.268320872685,2.981541001562
    ));
#2423 = CARTESIAN_POINT('',(0.671311599317,3.418961969683,2.997166000531
    ));
#2424 = CARTESIAN_POINT('',(-0.671311600979,3.41896198664,3.028416000245
    ));
#2425 = CARTESIAN_POINT('',(-1.342623306967,3.268320968382,
    3.044040998877));
#2426 = CARTESIAN_POINT('',(-1.97449655602,2.967032252854,3.059666004917
    ));
#2427 = CARTESIAN_POINT('',(-2.527496170229,2.527506357745,
    3.075290994962));
#2428 = CARTESIAN_POINT('',(-2.967038146908,1.974486715139,
    3.090916003494));
#2429 = CARTESIAN_POINT('',(-3.268319413937,1.342628650927,
    3.106540999642));
#2430 = CARTESIAN_POINT('',(-3.418961979328,0.67131024788,3.122166000355
    ));
#2431 = CARTESIAN_POINT('',(-3.418961977507,-0.671310247947,
    3.153416000389));
#2432 = CARTESIAN_POINT('',(-3.268319342987,-1.342628637584,
    3.169041001012));
#2433 = CARTESIAN_POINT('',(-2.967038430642,-1.974486835947,
    3.184665997559));
#2434 = CARTESIAN_POINT('',(-2.527495716686,-2.527506074506,
    3.200291005252));
#2435 = CARTESIAN_POINT('',(-1.97449689964,-2.967032536104,
    3.215915996352));
#2436 = CARTESIAN_POINT('',(-1.342623202252,-3.268320872641,
    3.231541001597));
#2437 = CARTESIAN_POINT('',(-0.671311599857,-3.418961969787,
    3.247166000524));
#2438 = CARTESIAN_POINT('',(0.67131160152,-3.418961986745,3.278416000238
    ));
#2439 = CARTESIAN_POINT('',(1.342623304886,-3.26832096833,3.294040998921
    ));
#2440 = CARTESIAN_POINT('',(1.974496560662,-2.967032253002,
    3.309666004795));
#2441 = CARTESIAN_POINT('',(2.527496162488,-2.527506356739,
    3.325290995173));
#2442 = CARTESIAN_POINT('',(2.967038155717,-1.974486715545,3.34091600328
    ));
#2443 = CARTESIAN_POINT('',(3.268319405392,-1.342628650961,
    3.356540999807));
#2444 = CARTESIAN_POINT('',(3.41896198668,-0.671310247786,3.372166000232
    ));
#2445 = CARTESIAN_POINT('',(3.418961974137,-1.560887E-11,3.387791000445)
  );
#2446 = ORIENTED_EDGE('',*,*,#1788,.T.);
#2447 = ORIENTED_EDGE('',*,*,#2448,.T.);
#2448 = EDGE_CURVE('',#1754,#2449,#2451,.T.);
#2449 = VERTEX_POINT('',#2450);
#2450 = CARTESIAN_POINT('',(3.574816974142,-1.5756E-11,3.487791000442));
#2451 = B_SPLINE_CURVE_WITH_KNOTS('',8,(#2452,#2453,#2454,#2455,#2456,
    #2457,#2458,#2459,#2460,#2461,#2462,#2463,#2464,#2465,#2466,#2467,
    #2468,#2469,#2470,#2471,#2472,#2473,#2474,#2475,#2476,#2477,#2478,
    #2479,#2480,#2481),.UNSPECIFIED.,.F.,.F.,(9,7,7,7,9),(0.,
    1.571823592537,3.143647185075,4.715470777612,6.28729437015),
  .UNSPECIFIED.);
#2452 = CARTESIAN_POINT('',(3.574816982754,-1.696643E-11,2.987791000294)
  );
#2453 = CARTESIAN_POINT('',(3.57481697007,0.701912306274,3.003416000509)
  );
#2454 = CARTESIAN_POINT('',(3.41730725755,1.403832760268,3.019041000885)
  );
#2455 = CARTESIAN_POINT('',(3.102292205894,2.064495164806,3.034665997673
    ));
#2456 = CARTESIAN_POINT('',(2.64271289846,2.642723244886,3.050291005139)
  );
#2457 = CARTESIAN_POINT('',(2.064505219822,3.10228632275,3.065915996417)
  );
#2458 = CARTESIAN_POINT('',(1.403827329387,3.41730877792,3.081541001563)
  );
#2459 = CARTESIAN_POINT('',(0.701913657009,3.574816969687,3.09716600053)
  );
#2460 = CARTESIAN_POINT('',(-0.701913658671,3.574816986645,
    3.128416000244));
#2461 = CARTESIAN_POINT('',(-1.403827432019,3.417308873617,
    3.144040998854));
#2462 = CARTESIAN_POINT('',(-2.064504880878,3.102286039617,
    3.159666004962));
#2463 = CARTESIAN_POINT('',(-2.642713344177,2.642723527157,
    3.175290994917));
#2464 = CARTESIAN_POINT('',(-3.10229193108,2.064495044427,3.190916003502
    ));
#2465 = CARTESIAN_POINT('',(-3.417307319848,1.403832773545,
    3.206540999643));
#2466 = CARTESIAN_POINT('',(-3.574816979333,0.701912306199,3.22216600035
    ));
#2467 = CARTESIAN_POINT('',(-3.574816977511,-0.701912306266,
    3.253416000383));
#2468 = CARTESIAN_POINT('',(-3.417307248898,-1.403832760203,
    3.269041001021));
#2469 = CARTESIAN_POINT('',(-3.102292214813,-2.064495165233,
    3.284665997536));
#2470 = CARTESIAN_POINT('',(-2.642712890636,-2.64272324392,
    3.300291005255));
#2471 = CARTESIAN_POINT('',(-2.064505224496,-3.102286322867,
    3.315915996361));
#2472 = CARTESIAN_POINT('',(-1.403827327305,-3.417308777876,
    3.331541001588));
#2473 = CARTESIAN_POINT('',(-0.701913657549,-3.574816969792,
    3.347166000523));
#2474 = CARTESIAN_POINT('',(0.701913659212,-3.574816986749,
    3.378416000237));
#2475 = CARTESIAN_POINT('',(1.403827429939,-3.417308873565,
    3.394040998906));
#2476 = CARTESIAN_POINT('',(2.06450488552,-3.102286039765,3.409666004809
    ));
#2477 = CARTESIAN_POINT('',(2.642713336437,-2.642723526152,
    3.425290995182));
#2478 = CARTESIAN_POINT('',(3.102291939888,-2.064495044832,
    3.440916003248));
#2479 = CARTESIAN_POINT('',(3.417307311303,-1.403832773579,
    3.456540999817));
#2480 = CARTESIAN_POINT('',(3.574816986684,-0.701912306104,
    3.472166000227));
#2481 = CARTESIAN_POINT('',(3.574816974142,-1.560326E-11,3.48779100044)
  );
#2482 = ORIENTED_EDGE('',*,*,#2483,.F.);
#2483 = EDGE_CURVE('',#2413,#2449,#2484,.T.);
#2484 = B_SPLINE_CURVE_WITH_KNOTS('',1,(#2485,#2486),.UNSPECIFIED.,.F.,
  .F.,(2,2),(0.,0.185177701212),.PIECEWISE_BEZIER_KNOTS.);
#2485 = CARTESIAN_POINT('',(3.418961974137,-1.560887E-11,3.387791000445)
  );
#2486 = CARTESIAN_POINT('',(3.574816974142,-1.560326E-11,3.48779100044)
  );
#2487 = B_SPLINE_SURFACE_WITH_KNOTS('',1,8,(
    (#2488,#2489,#2490,#2491,#2492,#2493,#2494,#2495,#2496,#2497,#2498
      ,#2499,#2500,#2501,#2502,#2503,#2504,#2505,#2506,#2507,#2508,#2509
      ,#2510,#2511,#2512,#2513,#2514,#2515,#2516,#2517)
    ,(#2518,#2519,#2520,#2521,#2522,#2523,#2524,#2525,#2526,#2527,#2528
      ,#2529,#2530,#2531,#2532,#2533,#2534,#2535,#2536,#2537,#2538,#2539
      ,#2540,#2541,#2542,#2543,#2544,#2545,#2546,#2547
  )),.UNSPECIFIED.,.F.,.F.,.F.,(2,2),(9,7,7,7,9),(0.,0.185177701212),(0.
    ,1.571823592537,3.143647185075,4.715470777612,6.28729437015),
  .UNSPECIFIED.);
#2488 = CARTESIAN_POINT('',(3.41896198275,-1.697487E-11,2.887791000299)
  );
#2489 = CARTESIAN_POINT('',(3.418961970065,0.671310247955,2.903416000514
    ));
#2490 = CARTESIAN_POINT('',(3.268319351639,1.34262863765,2.919041000873)
  );
#2491 = CARTESIAN_POINT('',(2.967038421723,1.974486835519,2.934665997709
    ));
#2492 = CARTESIAN_POINT('',(2.52749572451,2.527506075474,2.950291005113)
  );
#2493 = CARTESIAN_POINT('',(1.974496894965,2.967032535986,2.965915996429
    ));
#2494 = CARTESIAN_POINT('',(1.342623204334,3.268320872685,2.981541001562
    ));
#2495 = CARTESIAN_POINT('',(0.671311599317,3.418961969683,2.997166000531
    ));
#2496 = CARTESIAN_POINT('',(-0.671311600979,3.41896198664,3.028416000245
    ));
#2497 = CARTESIAN_POINT('',(-1.342623306967,3.268320968382,
    3.044040998877));
#2498 = CARTESIAN_POINT('',(-1.97449655602,2.967032252854,3.059666004917
    ));
#2499 = CARTESIAN_POINT('',(-2.527496170229,2.527506357745,
    3.075290994962));
#2500 = CARTESIAN_POINT('',(-2.967038146908,1.974486715139,
    3.090916003494));
#2501 = CARTESIAN_POINT('',(-3.268319413937,1.342628650927,
    3.106540999642));
#2502 = CARTESIAN_POINT('',(-3.418961979328,0.67131024788,3.122166000355
    ));
#2503 = CARTESIAN_POINT('',(-3.418961977507,-0.671310247947,
    3.153416000389));
#2504 = CARTESIAN_POINT('',(-3.268319342987,-1.342628637584,
    3.169041001012));
#2505 = CARTESIAN_POINT('',(-2.967038430642,-1.974486835947,
    3.184665997559));
#2506 = CARTESIAN_POINT('',(-2.527495716686,-2.527506074506,
    3.200291005252));
#2507 = CARTESIAN_POINT('',(-1.97449689964,-2.967032536104,
    3.215915996352));
#2508 = CARTESIAN_POINT('',(-1.342623202252,-3.268320872641,
    3.231541001597));
#2509 = CARTESIAN_POINT('',(-0.671311599857,-3.418961969787,
    3.247166000524));
#2510 = CARTESIAN_POINT('',(0.67131160152,-3.418961986745,3.278416000238
    ));
#2511 = CARTESIAN_POINT('',(1.342623304886,-3.26832096833,3.294040998921
    ));
#2512 = CARTESIAN_POINT('',(1.974496560662,-2.967032253002,
    3.309666004795));
#2513 = CARTESIAN_POINT('',(2.527496162488,-2.527506356739,
    3.325290995173));
#2514 = CARTESIAN_POINT('',(2.967038155717,-1.974486715545,3.34091600328
    ));
#2515 = CARTESIAN_POINT('',(3.268319405392,-1.342628650961,
    3.356540999807));
#2516 = CARTESIAN_POINT('',(3.41896198668,-0.671310247786,3.372166000232
    ));
#2517 = CARTESIAN_POINT('',(3.418961974137,-1.560887E-11,3.387791000445)
  );
#2518 = CARTESIAN_POINT('',(3.574816982754,-1.696643E-11,2.987791000294)
  );
#2519 = CARTESIAN_POINT('',(3.57481697007,0.701912306274,3.003416000509)
  );
#2520 = CARTESIAN_POINT('',(3.41730725755,1.403832760268,3.019041000885)
  );
#2521 = CARTESIAN_POINT('',(3.102292205894,2.064495164806,3.034665997673
    ));
#2522 = CARTESIAN_POINT('',(2.64271289846,2.642723244886,3.050291005139)
  );
#2523 = CARTESIAN_POINT('',(2.064505219822,3.10228632275,3.065915996417)
  );
#2524 = CARTESIAN_POINT('',(1.403827329387,3.41730877792,3.081541001563)
  );
#2525 = CARTESIAN_POINT('',(0.701913657009,3.574816969687,3.09716600053)
  );
#2526 = CARTESIAN_POINT('',(-0.701913658671,3.574816986645,
    3.128416000244));
#2527 = CARTESIAN_POINT('',(-1.403827432019,3.417308873617,
    3.144040998854));
#2528 = CARTESIAN_POINT('',(-2.064504880878,3.102286039617,
    3.159666004962));
#2529 = CARTESIAN_POINT('',(-2.642713344177,2.642723527157,
    3.175290994917));
#2530 = CARTESIAN_POINT('',(-3.10229193108,2.064495044427,3.190916003502
    ));
#2531 = CARTESIAN_POINT('',(-3.417307319848,1.403832773545,
    3.206540999643));
#2532 = CARTESIAN_POINT('',(-3.574816979333,0.701912306199,3.22216600035
    ));
#2533 = CARTESIAN_POINT('',(-3.574816977511,-0.701912306266,
    3.253416000383));
#2534 = CARTESIAN_POINT('',(-3.417307248898,-1.403832760203,
    3.269041001021));
#2535 = CARTESIAN_POINT('',(-3.102292214813,-2.064495165233,
    3.284665997536));
#2536 = CARTESIAN_POINT('',(-2.642712890636,-2.64272324392,
    3.300291005255));
#2537 = CARTESIAN_POINT('',(-2.064505224496,-3.102286322867,
    3.315915996361));
#2538 = CARTESIAN_POINT('',(-1.403827327305,-3.417308777876,
    3.331541001588));
#2539 = CARTESIAN_POINT('',(-0.701913657549,-3.574816969792,
    3.347166000523));
#2540 = CARTESIAN_POINT('',(0.701913659212,-3.574816986749,
    3.378416000237));
#2541 = CARTESIAN_POINT('',(1.403827429939,-3.417308873565,
    3.394040998906));
#2542 = CARTESIAN_POINT('',(2.06450488552,-3.102286039765,3.409666004809
    ));
#2543 = CARTESIAN_POINT('',(2.642713336437,-2.642723526152,
    3.425290995182));
#2544 = CARTESIAN_POINT('',(3.102291939888,-2.064495044832,
    3.440916003248));
#2545 = CARTESIAN_POINT('',(3.417307311303,-1.403832773579,
    3.456540999817));
#2546 = CARTESIAN_POINT('',(3.574816986684,-0.701912306104,
    3.472166000227));
#2547 = CARTESIAN_POINT('',(3.574816974142,-1.560326E-11,3.48779100044)
  );
#2548 = ADVANCED_FACE('',(#2549),#2631,.T.);
#2549 = FACE_BOUND('',#2550,.T.);
#2550 = EDGE_LOOP('',(#2551,#2624,#2625,#2626));
#2551 = ORIENTED_EDGE('',*,*,#2552,.F.);
#2552 = EDGE_CURVE('',#1858,#2553,#2555,.T.);
#2553 = VERTEX_POINT('',#2554);
#2554 = CARTESIAN_POINT('',(3.4,-7.805E-12,3.387791000445));
#2555 = B_SPLINE_CURVE_WITH_KNOTS('',7,(#2556,#2557,#2558,#2559,#2560,
    #2561,#2562,#2563,#2564,#2565,#2566,#2567,#2568,#2569,#2570,#2571,
    #2572,#2573,#2574,#2575,#2576,#2577,#2578,#2579,#2580,#2581,#2582,
    #2583,#2584,#2585,#2586,#2587,#2588,#2589,#2590,#2591,#2592,#2593,
    #2594,#2595,#2596,#2597,#2598,#2599,#2600,#2601,#2602,#2603,#2604,
    #2605,#2606,#2607,#2608,#2609,#2610,#2611,#2612,#2613,#2614,#2615,
    #2616,#2617,#2618,#2619,#2620,#2621,#2622,#2623),.UNSPECIFIED.,.F.,
  .F.,(8,6,6,6,6,6,6,6,6,6,6,8),(0.,0.124923641755,0.250916817824,
    0.375785144929,0.500779198513,0.521748163141,0.635749844527,
    0.750729026788,0.774352127209,0.878299270042,0.983080097807,1.),
  .UNSPECIFIED.);
#2556 = CARTESIAN_POINT('',(3.4,-1.697531E-11,2.887791000299));
#2557 = CARTESIAN_POINT('',(3.400000000001,0.381184893222,2.896712703991
    ));
#2558 = CARTESIAN_POINT('',(3.350140413342,0.762615782155,2.905640105952
    ));
#2559 = CARTESIAN_POINT('',(3.250313453052,1.136014513491,2.91456273583)
  );
#2560 = CARTESIAN_POINT('',(3.102263932349,1.493661731146,2.923484040841
    ));
#2561 = CARTESIAN_POINT('',(2.908967524985,1.828368510981,2.932406639518
    ));
#2562 = CARTESIAN_POINT('',(2.674646327376,2.133440642056,2.941334082033
    ));
#2563 = CARTESIAN_POINT('',(2.133501523211,2.675064832354,2.959253835447
    ));
#2564 = CARTESIAN_POINT('',(1.825716313839,2.91136618957,2.968257911589)
  );
#2565 = CARTESIAN_POINT('',(1.487799547282,3.105909076953,2.977256931276
    ));
#2566 = CARTESIAN_POINT('',(1.126626646488,3.254371080239,2.986254607969
    ));
#2567 = CARTESIAN_POINT('',(0.749579058783,3.353717994151,2.995253621516
    ));
#2568 = CARTESIAN_POINT('',(0.364584529789,3.402187344277,3.004257698002
    ));
#2569 = CARTESIAN_POINT('',(-0.400866999511,3.397716725861,
    3.022173502894));
#2570 = CARTESIAN_POINT('',(-0.781830955766,3.345675412101,
    3.031096983153));
#2571 = CARTESIAN_POINT('',(-1.15448241914,3.243758912886,3.040015632431
    ));
#2572 = CARTESIAN_POINT('',(-1.51112214699,3.093753610908,3.048932980269
    ));
#2573 = CARTESIAN_POINT('',(-1.844587718721,2.898672073565,
    3.057851634894));
#2574 = CARTESIAN_POINT('',(-2.148217705414,2.662768103958,
    3.066775115894));
#2575 = CARTESIAN_POINT('',(-2.684597895818,2.120943165721,
    3.084619563417));
#2576 = CARTESIAN_POINT('',(-2.917622801425,1.814602043291,
    3.093552053154));
#2577 = CARTESIAN_POINT('',(-3.109436870845,1.478785589956,
    3.102479669342));
#2578 = CARTESIAN_POINT('',(-3.255842790432,1.120219635619,
    3.111406026097));
#2579 = CARTESIAN_POINT('',(-3.353894686327,0.746119246401,
    3.120333660062));
#2580 = CARTESIAN_POINT('',(-3.40188262761,0.364225659559,3.129266121027
    ));
#2581 = CARTESIAN_POINT('',(-3.399633548051,-8.11518783773E-02,
    3.139690395583));
#2582 = CARTESIAN_POINT('',(-3.397905696523,-0.145127542767,
    3.141187940408));
#2583 = CARTESIAN_POINT('',(-3.394773283104,-0.209059088632,
    3.142685484695));
#2584 = CARTESIAN_POINT('',(-3.390237712765,-0.272909509981,
    3.144183028468));
#2585 = CARTESIAN_POINT('',(-3.384301607314,-0.336641892591,
    3.145680571754));
#2586 = CARTESIAN_POINT('',(-3.376968805396,-0.400219414009,
    3.147178114583));
#2587 = CARTESIAN_POINT('',(-3.320812303812,-0.808214754248,
    3.156817325151));
#2588 = CARTESIAN_POINT('',(-3.232224714801,-1.147317332851,
    3.16496265581));
#2589 = CARTESIAN_POINT('',(-3.103268889377,-1.474730216145,
    3.173104985816));
#2590 = CARTESIAN_POINT('',(-2.935922751576,-1.78478702625,
    3.181246339185));
#2591 = CARTESIAN_POINT('',(-2.732998516546,-2.072277194463,
    3.189388650969));
#2592 = CARTESIAN_POINT('',(-2.49814754838,-2.332437408104,
    3.197533983902));
#2593 = CARTESIAN_POINT('',(-1.971818046997,-2.791956846107,
    3.213887140349));
#2594 = CARTESIAN_POINT('',(-1.679628549356,-2.990987450145,
    3.22210244435));
#2595 = CARTESIAN_POINT('',(-1.364314627635,-3.154049487258,
    3.230314594953));
#2596 = CARTESIAN_POINT('',(-1.031231059306,-3.27810083379,
    3.238525752308));
#2597 = CARTESIAN_POINT('',(-0.686069870876,-3.36102158791,
    3.246737899757));
#2598 = CARTESIAN_POINT('',(-0.334871266777,-3.401610013329,
    3.254953202698));
#2599 = CARTESIAN_POINT('',(8.804733828363E-02,-3.399624024977,
    3.264851780517));
#2600 = CARTESIAN_POINT('',(0.16012045771,-3.397502665622,3.266538875278
    ));
#2601 = CARTESIAN_POINT('',(0.232132237061,-3.393598687543,
    3.268225970443));
#2602 = CARTESIAN_POINT('',(0.30402978632,-3.387914301795,3.269913065763
    ));
#2603 = CARTESIAN_POINT('',(0.375760369819,-3.380453677804,
    3.271600160969));
#2604 = CARTESIAN_POINT('',(0.447271406238,-3.371222943371,
    3.273287255768));
#2605 = CARTESIAN_POINT('',(0.831978932078,-3.311859486543,
    3.282397956638));
#2606 = CARTESIAN_POINT('',(1.140281433508,-3.229356557925,
    3.289823840214));
#2607 = CARTESIAN_POINT('',(1.438776415249,-3.113401350558,
    3.297248044906));
#2608 = CARTESIAN_POINT('',(1.723176196843,-2.965469496092,
    3.304671185302));
#2609 = CARTESIAN_POINT('',(1.989486310233,-2.787638738154,
    3.312095393826));
#2610 = CARTESIAN_POINT('',(2.234036971036,-2.582572558325,
    3.319521277447));
#2611 = CARTESIAN_POINT('',(2.674937410762,-2.122953659865,
    3.334428028995));
#2612 = CARTESIAN_POINT('',(2.871026840229,-1.867869216502,
    3.341913542522));
#2613 = CARTESIAN_POINT('',(3.038519593083,-1.591871241779,
    3.349397306839));
#2614 = CARTESIAN_POINT('',(3.174852377168,-1.298833230469,
    3.356879972092));
#2615 = CARTESIAN_POINT('',(3.278079849112,-0.99293656306,3.364363750778
    ));
#2616 = CARTESIAN_POINT('',(3.346890250345,-0.67863690079,3.371849258478
    ));
#2617 = CARTESIAN_POINT('',(3.38628827862,-0.30938194899,3.380540770571)
  );
#2618 = CARTESIAN_POINT('',(3.390856270452,-0.25794783141,3.381749141147
    ));
#2619 = CARTESIAN_POINT('',(3.394512729442,-0.206436020461,
    3.382957512006));
#2620 = CARTESIAN_POINT('',(3.39725610648,-0.154865905316,3.384165883169
    ));
#2621 = CARTESIAN_POINT('',(3.399085368804,-0.103256900054,
    3.385374254772));
#2622 = CARTESIAN_POINT('',(3.4,-5.162844365866E-02,3.386582627072));
#2623 = CARTESIAN_POINT('',(3.4,-1.560974E-11,3.387791000445));
#2624 = ORIENTED_EDGE('',*,*,#1920,.T.);
#2625 = ORIENTED_EDGE('',*,*,#2412,.T.);
#2626 = ORIENTED_EDGE('',*,*,#2627,.F.);
#2627 = EDGE_CURVE('',#2553,#2413,#2628,.T.);
#2628 = B_SPLINE_CURVE_WITH_KNOTS('',1,(#2629,#2630),.UNSPECIFIED.,.F.,
  .F.,(2,2),(0.,0.15),.PIECEWISE_BEZIER_KNOTS.);
#2629 = CARTESIAN_POINT('',(3.268961974138,-1.561449E-11,3.387791000445)
  );
#2630 = CARTESIAN_POINT('',(3.418961974137,-1.560887E-11,3.387791000445)
  );
#2631 = B_SPLINE_SURFACE_WITH_KNOTS('',1,8,(
    (#2632,#2633,#2634,#2635,#2636,#2637,#2638,#2639,#2640,#2641,#2642
      ,#2643,#2644,#2645,#2646,#2647,#2648,#2649,#2650,#2651,#2652,#2653
      ,#2654,#2655,#2656,#2657,#2658,#2659,#2660,#2661)
    ,(#2662,#2663,#2664,#2665,#2666,#2667,#2668,#2669,#2670,#2671,#2672
      ,#2673,#2674,#2675,#2676,#2677,#2678,#2679,#2680,#2681,#2682,#2683
      ,#2684,#2685,#2686,#2687,#2688,#2689,#2690,#2691
  )),.UNSPECIFIED.,.F.,.F.,.F.,(2,2),(9,7,7,7,9),(0.,0.15),(0.,
    1.571823592537,3.143647185075,4.715470777612,6.28729437015),
  .UNSPECIFIED.);
#2632 = CARTESIAN_POINT('',(3.26896198275,-1.698153E-11,2.887791000299)
  );
#2633 = CARTESIAN_POINT('',(3.268961970065,0.641857816222,2.903416000514
    ));
#2634 = CARTESIAN_POINT('',(3.12492846982,1.283723768429,2.919041000868)
  );
#2635 = CARTESIAN_POINT('',(2.836865712314,1.887859846377,2.934665997731
    ));
#2636 = CARTESIAN_POINT('',(2.416606910599,2.416617265931,2.950291005078
    ));
#2637 = CARTESIAN_POINT('',(1.887869910088,2.836859824082,2.965915996459
    ));
#2638 = CARTESIAN_POINT('',(1.28371833277,3.124929991517,2.981541001553)
  );
#2639 = CARTESIAN_POINT('',(0.641859168188,3.268961969683,2.997166000531
    ));
#2640 = CARTESIAN_POINT('',(-0.64185916985,3.26896198664,3.028416000245)
  );
#2641 = CARTESIAN_POINT('',(-1.283718435403,3.124930087214,
    3.044040998877));
#2642 = CARTESIAN_POINT('',(-1.887869571142,2.836859540949,
    3.059666004916));
#2643 = CARTESIAN_POINT('',(-2.416607356319,2.416617548202,
    3.075290994963));
#2644 = CARTESIAN_POINT('',(-2.836865437498,1.887859725997,
    3.090916003494));
#2645 = CARTESIAN_POINT('',(-3.124928532118,1.283723781705,
    3.106540999643));
#2646 = CARTESIAN_POINT('',(-3.268961979329,0.641857816148,
    3.122166000355));
#2647 = CARTESIAN_POINT('',(-3.268961977507,-0.641857816215,
    3.153416000389));
#2648 = CARTESIAN_POINT('',(-3.124928461168,-1.283723768363,
    3.169041001008));
#2649 = CARTESIAN_POINT('',(-2.836865721233,-1.887859846805,
    3.184665997565));
#2650 = CARTESIAN_POINT('',(-2.416606902775,-2.416617264962,
    3.200291005265));
#2651 = CARTESIAN_POINT('',(-1.887869914762,-2.8368598242,3.21591599633)
  );
#2652 = CARTESIAN_POINT('',(-1.283718330688,-3.124929991473,
    3.231541001608));
#2653 = CARTESIAN_POINT('',(-0.641859168728,-3.268961969787,
    3.247166000524));
#2654 = CARTESIAN_POINT('',(0.64185917039,-3.268961986745,3.278416000238
    ));
#2655 = CARTESIAN_POINT('',(1.283718433322,-3.124930087162,
    3.294040998921));
#2656 = CARTESIAN_POINT('',(1.887869575785,-2.836859541098,
    3.309666004794));
#2657 = CARTESIAN_POINT('',(2.416607348577,-2.416617547195,
    3.325290995174));
#2658 = CARTESIAN_POINT('',(2.836865446309,-1.887859726404,
    3.340916003279));
#2659 = CARTESIAN_POINT('',(3.124928523572,-1.283723781739,
    3.356540999807));
#2660 = CARTESIAN_POINT('',(3.26896198668,-0.641857816053,3.372166000232
    ));
#2661 = CARTESIAN_POINT('',(3.268961974138,-1.561449E-11,3.387791000445)
  );
#2662 = CARTESIAN_POINT('',(3.41896198275,-1.697487E-11,2.887791000299)
  );
#2663 = CARTESIAN_POINT('',(3.418961970065,0.671310247955,2.903416000514
    ));
#2664 = CARTESIAN_POINT('',(3.268319351639,1.34262863765,2.919041000873)
  );
#2665 = CARTESIAN_POINT('',(2.967038421723,1.974486835519,2.934665997709
    ));
#2666 = CARTESIAN_POINT('',(2.52749572451,2.527506075474,2.950291005113)
  );
#2667 = CARTESIAN_POINT('',(1.974496894965,2.967032535986,2.965915996429
    ));
#2668 = CARTESIAN_POINT('',(1.342623204334,3.268320872685,2.981541001562
    ));
#2669 = CARTESIAN_POINT('',(0.671311599317,3.418961969683,2.997166000531
    ));
#2670 = CARTESIAN_POINT('',(-0.671311600979,3.41896198664,3.028416000245
    ));
#2671 = CARTESIAN_POINT('',(-1.342623306967,3.268320968382,
    3.044040998877));
#2672 = CARTESIAN_POINT('',(-1.97449655602,2.967032252854,3.059666004917
    ));
#2673 = CARTESIAN_POINT('',(-2.527496170229,2.527506357745,
    3.075290994962));
#2674 = CARTESIAN_POINT('',(-2.967038146908,1.974486715139,
    3.090916003494));
#2675 = CARTESIAN_POINT('',(-3.268319413937,1.342628650927,
    3.106540999642));
#2676 = CARTESIAN_POINT('',(-3.418961979328,0.67131024788,3.122166000355
    ));
#2677 = CARTESIAN_POINT('',(-3.418961977507,-0.671310247947,
    3.153416000389));
#2678 = CARTESIAN_POINT('',(-3.268319342987,-1.342628637584,
    3.169041001012));
#2679 = CARTESIAN_POINT('',(-2.967038430642,-1.974486835947,
    3.184665997559));
#2680 = CARTESIAN_POINT('',(-2.527495716686,-2.527506074506,
    3.200291005252));
#2681 = CARTESIAN_POINT('',(-1.97449689964,-2.967032536104,
    3.215915996352));
#2682 = CARTESIAN_POINT('',(-1.342623202252,-3.268320872641,
    3.231541001597));
#2683 = CARTESIAN_POINT('',(-0.671311599857,-3.418961969787,
    3.247166000524));
#2684 = CARTESIAN_POINT('',(0.67131160152,-3.418961986745,3.278416000238
    ));
#2685 = CARTESIAN_POINT('',(1.342623304886,-3.26832096833,3.294040998921
    ));
#2686 = CARTESIAN_POINT('',(1.974496560662,-2.967032253002,
    3.309666004795));
#2687 = CARTESIAN_POINT('',(2.527496162488,-2.527506356739,
    3.325290995173));
#2688 = CARTESIAN_POINT('',(2.967038155717,-1.974486715545,3.34091600328
    ));
#2689 = CARTESIAN_POINT('',(3.268319405392,-1.342628650961,
    3.356540999807));
#2690 = CARTESIAN_POINT('',(3.41896198668,-0.671310247786,3.372166000232
    ));
#2691 = CARTESIAN_POINT('',(3.418961974137,-1.560887E-11,3.387791000445)
  );
#2692 = ADVANCED_FACE('',(#2693),#2704,.F.);
#2693 = FACE_BOUND('',#2694,.F.);
#2694 = EDGE_LOOP('',(#2695,#2701,#2702,#2703));
#2695 = ORIENTED_EDGE('',*,*,#2696,.F.);
#2696 = EDGE_CURVE('',#2553,#2211,#2697,.T.);
#2697 = LINE('',#2698,#2699);
#2698 = CARTESIAN_POINT('',(3.4,0.,4.));
#2699 = VECTOR('',#2700,1.);
#2700 = DIRECTION('',(-0.,-0.,-1.));
#2701 = ORIENTED_EDGE('',*,*,#2552,.F.);
#2702 = ORIENTED_EDGE('',*,*,#1989,.T.);
#2703 = ORIENTED_EDGE('',*,*,#2210,.T.);
#2704 = CYLINDRICAL_SURFACE('',#2705,3.4);
#2705 = AXIS2_PLACEMENT_3D('',#2706,#2707,#2708);
#2706 = CARTESIAN_POINT('',(0.,0.,4.));
#2707 = DIRECTION('',(0.,0.,1.));
#2708 = DIRECTION('',(1.,0.,0.));
#2709 = ADVANCED_FACE('',(#2710),#2713,.F.);
#2710 = FACE_BOUND('',#2711,.F.);
#2711 = EDGE_LOOP('',(#2712));
#2712 = ORIENTED_EDGE('',*,*,#2017,.F.);
#2713 = PLANE('',#2714);
#2714 = AXIS2_PLACEMENT_3D('',#2715,#2716,#2717);
#2715 = CARTESIAN_POINT('',(1.6E-16,-4.E-17,-0.21));
#2716 = DIRECTION('',(0.,0.,1.));
#2717 = DIRECTION('',(0.,1.,0.));
#2718 = ADVANCED_FACE('',(#2719),#2722,.F.);
#2719 = FACE_BOUND('',#2720,.F.);
#2720 = EDGE_LOOP('',(#2721));
#2721 = ORIENTED_EDGE('',*,*,#2043,.F.);
#2722 = PLANE('',#2723);
#2723 = AXIS2_PLACEMENT_3D('',#2724,#2725,#2726);
#2724 = CARTESIAN_POINT('',(1.6E-16,-4.E-17,-0.21));
#2725 = DIRECTION('',(0.,0.,1.));
#2726 = DIRECTION('',(0.,1.,0.));
#2727 = ADVANCED_FACE('',(#2728),#2731,.F.);
#2728 = FACE_BOUND('',#2729,.F.);
#2729 = EDGE_LOOP('',(#2730));
#2730 = ORIENTED_EDGE('',*,*,#2069,.F.);
#2731 = PLANE('',#2732);
#2732 = AXIS2_PLACEMENT_3D('',#2733,#2734,#2735);
#2733 = CARTESIAN_POINT('',(1.6E-16,-4.E-17,-0.21));
#2734 = DIRECTION('',(0.,0.,1.));
#2735 = DIRECTION('',(0.,1.,0.));
#2736 = ADVANCED_FACE('',(#2737),#2832,.F.);
#2737 = FACE_BOUND('',#2738,.F.);
#2738 = EDGE_LOOP('',(#2739,#2764,#2772,#2831));
#2739 = ORIENTED_EDGE('',*,*,#2740,.F.);
#2740 = EDGE_CURVE('',#2741,#2088,#2743,.T.);
#2741 = VERTEX_POINT('',#2742);
#2742 = CARTESIAN_POINT('',(3.4,-4.231E-12,3.88779100059));
#2743 = B_SPLINE_CURVE_WITH_KNOTS('',7,(#2744,#2745,#2746,#2747,#2748,
    #2749,#2750,#2751,#2752,#2753,#2754,#2755,#2756,#2757,#2758,#2759,
    #2760,#2761,#2762,#2763),.UNSPECIFIED.,.F.,.F.,(8,6,6,8),(0.,
    4.099927785964E-02,0.527583191768,1.),.UNSPECIFIED.);
#2744 = CARTESIAN_POINT('',(3.4,-8.46584E-12,3.887791000594));
#2745 = CARTESIAN_POINT('',(3.4,2.807685114903E-02,3.88844814324));
#2746 = CARTESIAN_POINT('',(3.399729501608,5.615370351037E-02,
    3.889105285831));
#2747 = CARTESIAN_POINT('',(3.399188504819,8.422742861037E-02,
    3.889762428377));
#2748 = CARTESIAN_POINT('',(3.398377054811,0.112294899301,3.890419570887
    ));
#2749 = CARTESIAN_POINT('',(3.397295241941,0.140352989749,3.891076713368
    ));
#2750 = CARTESIAN_POINT('',(3.395943201746,0.16839857544,3.891733855827)
  );
#2751 = CARTESIAN_POINT('',(3.37507001136,0.529091137346,3.900190036658)
  );
#2752 = CARTESIAN_POINT('',(3.317774597284,0.859678745489,3.907992032471
    ));
#2753 = CARTESIAN_POINT('',(3.222701149863,1.182740305103,3.915791619905
    ));
#2754 = CARTESIAN_POINT('',(3.09113834814,1.493164810136,3.923590382324)
  );
#2755 = CARTESIAN_POINT('',(2.925118012071,1.786158002107,3.931389959034
    ));
#2756 = CARTESIAN_POINT('',(2.727416622698,2.057239309885,3.93919195804)
  );
#2757 = CARTESIAN_POINT('',(2.282685001042,2.540474887972,3.954562966467
    ));
#2758 = CARTESIAN_POINT('',(2.03710329334,2.754283569241,3.962137445078)
  );
#2759 = CARTESIAN_POINT('',(1.768367574842,2.940156533836,3.969710075519
    ));
#2760 = CARTESIAN_POINT('',(1.480325477636,3.095202870293,3.97728152838)
  );
#2761 = CARTESIAN_POINT('',(1.177184227461,3.217157924993,3.984854154945
    ));
#2762 = CARTESIAN_POINT('',(0.863475780153,3.304402071155,3.992428631976
    ));
#2763 = CARTESIAN_POINT('',(0.544128285944,3.356177052605,4.0000006));
#2764 = ORIENTED_EDGE('',*,*,#2765,.T.);
#2765 = EDGE_CURVE('',#2741,#2766,#2768,.T.);
#2766 = VERTEX_POINT('',#2767);
#2767 = CARTESIAN_POINT('',(3.4,-7.804E-12,3.587791000442));
#2768 = LINE('',#2769,#2770);
#2769 = CARTESIAN_POINT('',(3.4,0.,4.));
#2770 = VECTOR('',#2771,1.);
#2771 = DIRECTION('',(-0.,-0.,-1.));
#2772 = ORIENTED_EDGE('',*,*,#2773,.T.);
#2773 = EDGE_CURVE('',#2766,#2090,#2774,.T.);
#2774 = B_SPLINE_CURVE_WITH_KNOTS('',7,(#2775,#2776,#2777,#2778,#2779,
    #2780,#2781,#2782,#2783,#2784,#2785,#2786,#2787,#2788,#2789,#2790,
    #2791,#2792,#2793,#2794,#2795,#2796,#2797,#2798,#2799,#2800,#2801,
    #2802,#2803,#2804,#2805,#2806,#2807,#2808,#2809,#2810,#2811,#2812,
    #2813,#2814,#2815,#2816,#2817,#2818,#2819,#2820,#2821,#2822,#2823,
    #2824,#2825,#2826,#2827,#2828,#2829,#2830),.UNSPECIFIED.,.F.,.F.,(8,
    6,6,6,6,6,6,6,6,8),(0.,0.15153077007,0.304358626483,0.455822190308,
    0.607438125936,0.632845169094,0.771127523584,0.910588337657,
    0.939119593463,1.),.UNSPECIFIED.);
#2775 = CARTESIAN_POINT('',(3.4,-1.584066E-11,3.587791000446));
#2776 = CARTESIAN_POINT('',(3.400000000001,0.381185504338,3.596712718442
    ));
#2777 = CARTESIAN_POINT('',(3.350140253462,0.762617006366,3.605640134749
    ));
#2778 = CARTESIAN_POINT('',(3.250312972393,1.136016311418,3.614562778942
    ));
#2779 = CARTESIAN_POINT('',(3.102262981864,1.493664026749,3.623484098253
    ));
#2780 = CARTESIAN_POINT('',(2.908965974357,1.828371195712,3.632406711238
    ));
#2781 = CARTESIAN_POINT('',(2.674644072319,2.133443578358,3.641334168101
    ));
#2782 = CARTESIAN_POINT('',(2.133498154056,2.675067519424,3.659253935819
    ));
#2783 = CARTESIAN_POINT('',(1.825712647069,2.911368488997,3.668258011963
    ));
#2784 = CARTESIAN_POINT('',(1.487795635496,3.105910950781,3.677257031653
    ));
#2785 = CARTESIAN_POINT('',(1.126622547716,3.254372499186,3.686254708345
    ));
#2786 = CARTESIAN_POINT('',(0.749574834889,3.353718938217,3.695253721889
    ));
#2787 = CARTESIAN_POINT('',(0.36458024485,3.402187803456,3.704257798373)
  );
#2788 = CARTESIAN_POINT('',(-0.400871612239,3.397716219032,3.72217361107
    ));
#2789 = CARTESIAN_POINT('',(-0.781835836969,3.345674336317,
    3.731097099169));
#2790 = CARTESIAN_POINT('',(-1.154487484028,3.243757190979,
    3.740015756239));
#2791 = CARTESIAN_POINT('',(-1.511127293037,3.093751181998,
    3.748933111885));
#2792 = CARTESIAN_POINT('',(-1.844592829575,2.898668896113,
    3.757851774319));
#2793 = CARTESIAN_POINT('',(-2.14822265435,2.662764159055,3.76677526315)
  );
#2794 = CARTESIAN_POINT('',(-2.684602024584,2.120937939698,
    3.784619718476));
#2795 = CARTESIAN_POINT('',(-2.917626333845,1.814596363651,
    3.793552208211));
#2796 = CARTESIAN_POINT('',(-3.109439749538,1.478779536909,
    3.802479824391));
#2797 = CARTESIAN_POINT('',(-3.255844971117,1.1202132976,3.811406181155)
  );
#2798 = CARTESIAN_POINT('',(-3.353896138764,0.746112717482,
    3.820333815127));
#2799 = CARTESIAN_POINT('',(-3.401883336628,0.364219037244,
    3.829266276086));
#2800 = CARTESIAN_POINT('',(-3.399633745895,-8.108806051085E-02,
    3.839688902057));
#2801 = CARTESIAN_POINT('',(-3.397909216874,-0.144993300413,
    3.841184798284));
#2802 = CARTESIAN_POINT('',(-3.394783216558,-0.208854557038,
    3.842680693975));
#2803 = CARTESIAN_POINT('',(-3.390257143998,-0.272634946748,
    3.844176589164));
#2804 = CARTESIAN_POINT('',(-3.384333609791,-0.33629767672,
    3.845672483873));
#2805 = CARTESIAN_POINT('',(-3.377016436082,-0.399806044941,
    3.847168378117));
#2806 = CARTESIAN_POINT('',(-3.320927902031,-0.8077396336,3.85680594007)
  );
#2807 = CARTESIAN_POINT('',(-3.232388829692,-1.146854883168,
    3.864951270711));
#2808 = CARTESIAN_POINT('',(-3.103479848879,-1.474286212965,
    3.873093600726));
#2809 = CARTESIAN_POINT('',(-2.936178072968,-1.784366962313,
    3.881234954101));
#2810 = CARTESIAN_POINT('',(-2.733294971513,-2.071886160217,
    3.889377265882));
#2811 = CARTESIAN_POINT('',(-2.498481227115,-2.332079971611,
    3.897522598813));
#2812 = CARTESIAN_POINT('',(-1.972231182504,-2.791662736479,
    3.913875329311));
#2813 = CARTESIAN_POINT('',(-1.680086784666,-2.990726444377,
    3.922090206386));
#2814 = CARTESIAN_POINT('',(-1.364814969435,-3.153828858741,
    3.930301930945));
#2815 = CARTESIAN_POINT('',(-1.031769202893,-3.277927498021,
    3.938512662413));
#2816 = CARTESIAN_POINT('',(-0.68664028898,-3.360901868618,
    3.946724383748));
#2817 = CARTESIAN_POINT('',(-0.335467282018,-3.401549409189,
    3.954939259709));
#2818 = CARTESIAN_POINT('',(8.712352488521E-02,-3.399641267501,
    3.964830157057));
#2819 = CARTESIAN_POINT('',(0.158887142083,-3.397549621646,
    3.966509997271));
#2820 = CARTESIAN_POINT('',(0.230590492108,-3.393690642638,
    3.968189837907));
#2821 = CARTESIAN_POINT('',(0.302181362797,-3.388066495334,
    3.969869678702));
#2822 = CARTESIAN_POINT('',(0.373607692942,-3.380681269648,
    3.971549519373));
#2823 = CARTESIAN_POINT('',(0.444817572295,-3.371540980556,
    3.973229359623));
#2824 = CARTESIAN_POINT('',(0.667135602104,-3.337421849822,
    3.978493664992));
#2825 = CARTESIAN_POINT('',(0.817293602478,-3.306234572811,
    3.982078190814));
#2826 = CARTESIAN_POINT('',(0.9657272727,-3.267169648961,3.985662672543)
  );
#2827 = CARTESIAN_POINT('',(1.111941688548,-3.220343516253,
    3.989247126262));
#2828 = CARTESIAN_POINT('',(1.255453752409,-3.165910889449,
    3.992831608083));
#2829 = CARTESIAN_POINT('',(1.395792974132,-3.104064510777,
    3.996416134044));
#2830 = CARTESIAN_POINT('',(1.532502251876,-3.035034900622,4.0000006));
#2831 = ORIENTED_EDGE('',*,*,#2087,.F.);
#2832 = CYLINDRICAL_SURFACE('',#2833,3.4);
#2833 = AXIS2_PLACEMENT_3D('',#2834,#2835,#2836);
#2834 = CARTESIAN_POINT('',(0.,0.,4.));
#2835 = DIRECTION('',(0.,0.,1.));
#2836 = DIRECTION('',(1.,0.,0.));
#2837 = ADVANCED_FACE('',(#2838),#2882,.T.);
#2838 = FACE_BOUND('',#2839,.T.);
#2839 = EDGE_LOOP('',(#2840,#2875,#2880,#2881));
#2840 = ORIENTED_EDGE('',*,*,#2841,.F.);
#2841 = EDGE_CURVE('',#2842,#2142,#2844,.T.);
#2842 = VERTEX_POINT('',#2843);
#2843 = CARTESIAN_POINT('',(3.418961974138,-1.5761E-11,3.587791000444));
#2844 = B_SPLINE_CURVE_WITH_KNOTS('',8,(#2845,#2846,#2847,#2848,#2849,
    #2850,#2851,#2852,#2853,#2854,#2855,#2856,#2857,#2858,#2859,#2860,
    #2861,#2862,#2863,#2864,#2865,#2866,#2867,#2868,#2869,#2870,#2871,
    #2872,#2873,#2874),.UNSPECIFIED.,.F.,.F.,(9,7,7,7,9),(0.,
    1.571823592537,3.143647185075,4.715470777612,6.28729437015),
  .UNSPECIFIED.);
#2845 = CARTESIAN_POINT('',(3.418961974138,-1.584022E-11,3.587791000446)
  );
#2846 = CARTESIAN_POINT('',(3.418961961439,0.671310246194,3.603416000661
    ));
#2847 = CARTESIAN_POINT('',(3.268319343419,1.342628634359,3.619041001009
    ));
#2848 = CARTESIAN_POINT('',(2.967038414243,1.974486830397,3.634665997896
    ));
#2849 = CARTESIAN_POINT('',(2.527495718148,2.527506069206,3.650291005199
    ));
#2850 = CARTESIAN_POINT('',(1.974496890003,2.967032528444,3.665915996615
    ));
#2851 = CARTESIAN_POINT('',(1.342623200962,3.268320864455,3.681541001707
    ));
#2852 = CARTESIAN_POINT('',(0.671311597637,3.418961961064,3.697166000678
    ));
#2853 = CARTESIAN_POINT('',(-0.671311599274,3.418961978022,
    3.728416000391));
#2854 = CARTESIAN_POINT('',(-1.342623303567,3.268320960163,
    3.744040999058));
#2855 = CARTESIAN_POINT('',(-1.974496551044,2.967032245358,
    3.759666004966));
#2856 = CARTESIAN_POINT('',(-2.527496163834,2.527506351406,
    3.775290995254));
#2857 = CARTESIAN_POINT('',(-2.967038139432,1.974486710163,
    3.790916003529));
#2858 = CARTESIAN_POINT('',(-3.268319405688,1.342628647564,
    3.806540999828));
#2859 = CARTESIAN_POINT('',(-3.418961970709,0.671310246186,
    3.822166000501));
#2860 = CARTESIAN_POINT('',(-3.418961968891,-0.671310246199,
    3.853416000535));
#2861 = CARTESIAN_POINT('',(-3.268319333627,-1.342628634243,
    3.869041001176));
#2862 = CARTESIAN_POINT('',(-2.967038424278,-1.974486830569,
    3.884665997721));
#2863 = CARTESIAN_POINT('',(-2.527495710143,-2.527506069028,
    3.900291005351));
#2864 = CARTESIAN_POINT('',(-1.974496894861,-2.967032528525,
    3.915915996519));
#2865 = CARTESIAN_POINT('',(-1.342623198851,-3.268320864427,
    3.931541001742));
#2866 = CARTESIAN_POINT('',(-0.671311598179,-3.418961961054,
    3.947166000674));
#2867 = CARTESIAN_POINT('',(0.671311599815,-3.418961978012,
    3.978416000388));
#2868 = CARTESIAN_POINT('',(1.342623301455,-3.268320960122,
    3.994040999087));
#2869 = CARTESIAN_POINT('',(1.974496555886,-2.967032245492,
    4.009666004892));
#2870 = CARTESIAN_POINT('',(2.527496155882,-2.527506351132,
    4.025290995378));
#2871 = CARTESIAN_POINT('',(2.967038149383,-1.974486710409,
    4.040916003372));
#2872 = CARTESIAN_POINT('',(3.268319395992,-1.342628647444,
    4.056540999985));
#2873 = CARTESIAN_POINT('',(3.418961978078,-0.671310246167,
    4.072166000378));
#2874 = CARTESIAN_POINT('',(3.41896196551,-8.45992E-12,4.087791000591));
#2875 = ORIENTED_EDGE('',*,*,#2876,.T.);
#2876 = EDGE_CURVE('',#2842,#2766,#2877,.T.);
#2877 = B_SPLINE_CURVE_WITH_KNOTS('',1,(#2878,#2879),.UNSPECIFIED.,.F.,
  .F.,(2,2),(-0.15,-0.),.PIECEWISE_BEZIER_KNOTS.);
#2878 = CARTESIAN_POINT('',(3.418961974138,-1.560798E-11,3.587791000442)
  );
#2879 = CARTESIAN_POINT('',(3.268961974138,-1.561271E-11,3.587791000442)
  );
#2880 = ORIENTED_EDGE('',*,*,#2773,.T.);
#2881 = ORIENTED_EDGE('',*,*,#2158,.T.);
#2882 = B_SPLINE_SURFACE_WITH_KNOTS('',1,8,(
    (#2883,#2884,#2885,#2886,#2887,#2888,#2889,#2890,#2891,#2892,#2893
      ,#2894,#2895,#2896,#2897,#2898,#2899,#2900,#2901,#2902,#2903,#2904
      ,#2905,#2906,#2907,#2908,#2909,#2910,#2911,#2912)
    ,(#2913,#2914,#2915,#2916,#2917,#2918,#2919,#2920,#2921,#2922,#2923
      ,#2924,#2925,#2926,#2927,#2928,#2929,#2930,#2931,#2932,#2933,#2934
      ,#2935,#2936,#2937,#2938,#2939,#2940,#2941,#2942
  )),.UNSPECIFIED.,.F.,.F.,.F.,(2,2),(9,7,7,7,9),(-0.15,-0.),(0.,
    1.571823592537,3.143647185075,4.715470777612,6.28729437015),
  .UNSPECIFIED.);
#2883 = CARTESIAN_POINT('',(3.418961974138,-1.584022E-11,3.587791000446)
  );
#2884 = CARTESIAN_POINT('',(3.418961961439,0.671310246194,3.603416000661
    ));
#2885 = CARTESIAN_POINT('',(3.268319343419,1.342628634359,3.619041001009
    ));
#2886 = CARTESIAN_POINT('',(2.967038414243,1.974486830397,3.634665997896
    ));
#2887 = CARTESIAN_POINT('',(2.527495718148,2.527506069206,3.650291005199
    ));
#2888 = CARTESIAN_POINT('',(1.974496890003,2.967032528444,3.665915996615
    ));
#2889 = CARTESIAN_POINT('',(1.342623200962,3.268320864455,3.681541001707
    ));
#2890 = CARTESIAN_POINT('',(0.671311597637,3.418961961064,3.697166000678
    ));
#2891 = CARTESIAN_POINT('',(-0.671311599274,3.418961978022,
    3.728416000391));
#2892 = CARTESIAN_POINT('',(-1.342623303567,3.268320960163,
    3.744040999058));
#2893 = CARTESIAN_POINT('',(-1.974496551044,2.967032245358,
    3.759666004966));
#2894 = CARTESIAN_POINT('',(-2.527496163834,2.527506351406,
    3.775290995254));
#2895 = CARTESIAN_POINT('',(-2.967038139432,1.974486710163,
    3.790916003529));
#2896 = CARTESIAN_POINT('',(-3.268319405688,1.342628647564,
    3.806540999828));
#2897 = CARTESIAN_POINT('',(-3.418961970709,0.671310246186,
    3.822166000501));
#2898 = CARTESIAN_POINT('',(-3.418961968891,-0.671310246199,
    3.853416000535));
#2899 = CARTESIAN_POINT('',(-3.268319333627,-1.342628634243,
    3.869041001176));
#2900 = CARTESIAN_POINT('',(-2.967038424278,-1.974486830569,
    3.884665997721));
#2901 = CARTESIAN_POINT('',(-2.527495710143,-2.527506069028,
    3.900291005351));
#2902 = CARTESIAN_POINT('',(-1.974496894861,-2.967032528525,
    3.915915996519));
#2903 = CARTESIAN_POINT('',(-1.342623198851,-3.268320864427,
    3.931541001742));
#2904 = CARTESIAN_POINT('',(-0.671311598179,-3.418961961054,
    3.947166000674));
#2905 = CARTESIAN_POINT('',(0.671311599815,-3.418961978012,
    3.978416000388));
#2906 = CARTESIAN_POINT('',(1.342623301455,-3.268320960122,
    3.994040999087));
#2907 = CARTESIAN_POINT('',(1.974496555886,-2.967032245492,
    4.009666004892));
#2908 = CARTESIAN_POINT('',(2.527496155882,-2.527506351132,
    4.025290995378));
#2909 = CARTESIAN_POINT('',(2.967038149383,-1.974486710409,
    4.040916003372));
#2910 = CARTESIAN_POINT('',(3.268319395992,-1.342628647444,
    4.056540999985));
#2911 = CARTESIAN_POINT('',(3.418961978078,-0.671310246167,
    4.072166000378));
#2912 = CARTESIAN_POINT('',(3.41896196551,-8.45992E-12,4.087791000591));
#2913 = CARTESIAN_POINT('',(3.268961974138,-1.584555E-11,3.587791000446)
  );
#2914 = CARTESIAN_POINT('',(3.268961961439,0.641857814462,3.603416000661
    ));
#2915 = CARTESIAN_POINT('',(3.124928461599,1.283723765138,3.619041001025
    ));
#2916 = CARTESIAN_POINT('',(2.836865704835,1.887859841255,3.634665997847
    ));
#2917 = CARTESIAN_POINT('',(2.416606904236,2.416617259662,3.65029100527)
  );
#2918 = CARTESIAN_POINT('',(1.887869905125,2.836859816539,3.665915996565
    ));
#2919 = CARTESIAN_POINT('',(1.283718329398,3.124929983286,3.681541001723
    ));
#2920 = CARTESIAN_POINT('',(0.641859166508,3.268961961064,3.697166000678
    ));
#2921 = CARTESIAN_POINT('',(-0.641859168144,3.268961978022,
    3.728416000392));
#2922 = CARTESIAN_POINT('',(-1.283718432003,3.124930078994,3.74404099906
    ));
#2923 = CARTESIAN_POINT('',(-1.887869566166,2.836859533454,
    3.759666004976));
#2924 = CARTESIAN_POINT('',(-2.416607349923,2.416617541861,
    3.775290995219));
#2925 = CARTESIAN_POINT('',(-2.836865430023,1.887859721022,
    3.790916003573));
#2926 = CARTESIAN_POINT('',(-3.124928523869,1.283723778342,3.8065409998)
  );
#2927 = CARTESIAN_POINT('',(-3.268961970709,0.641857814453,
    3.822166000508));
#2928 = CARTESIAN_POINT('',(-3.268961968891,-0.641857814466,
    3.853416000532));
#2929 = CARTESIAN_POINT('',(-3.124928451807,-1.283723765022,
    3.869041001196));
#2930 = CARTESIAN_POINT('',(-2.83686571487,-1.887859841428,
    3.884665997668));
#2931 = CARTESIAN_POINT('',(-2.416606896231,-2.416617259484,
    3.900291005425));
#2932 = CARTESIAN_POINT('',(-1.887869909983,-2.836859816621,
    3.915915996467));
#2933 = CARTESIAN_POINT('',(-1.283718327287,-3.124929983258,
    3.931541001759));
#2934 = CARTESIAN_POINT('',(-0.641859167049,-3.268961961054,
    3.947166000674));
#2935 = CARTESIAN_POINT('',(0.641859168685,-3.268961978012,
    3.978416000388));
#2936 = CARTESIAN_POINT('',(1.283718429891,-3.124930078953,
    3.994040999097));
#2937 = CARTESIAN_POINT('',(1.887869571008,-2.836859533588,
    4.009666004873));
#2938 = CARTESIAN_POINT('',(2.416607341972,-2.416617541588,
    4.025290995396));
#2939 = CARTESIAN_POINT('',(2.836865439973,-1.887859721267,
    4.040916003363));
#2940 = CARTESIAN_POINT('',(3.124928514172,-1.283723778223,
    4.056540999988));
#2941 = CARTESIAN_POINT('',(3.268961978078,-0.641857814434,
    4.072166000378));
#2942 = CARTESIAN_POINT('',(3.26896196551,-8.45932E-12,4.087791000591));
#2943 = ADVANCED_FACE('',(#2944),#2993,.T.);
#2944 = FACE_BOUND('',#2945,.T.);
#2945 = EDGE_LOOP('',(#2946,#2981,#2986,#2987,#2988));
#2946 = ORIENTED_EDGE('',*,*,#2947,.F.);
#2947 = EDGE_CURVE('',#2449,#2948,#2950,.T.);
#2948 = VERTEX_POINT('',#2949);
#2949 = CARTESIAN_POINT('',(3.574816965514,-8.441E-12,3.987791000591));
#2950 = B_SPLINE_CURVE_WITH_KNOTS('',8,(#2951,#2952,#2953,#2954,#2955,
    #2956,#2957,#2958,#2959,#2960,#2961,#2962,#2963,#2964,#2965,#2966,
    #2967,#2968,#2969,#2970,#2971,#2972,#2973,#2974,#2975,#2976,#2977,
    #2978,#2979,#2980),.UNSPECIFIED.,.F.,.F.,(9,7,7,7,9),(0.,
    1.571823592537,3.143647185075,4.715470777612,6.28729437015),
  .UNSPECIFIED.);
#2951 = CARTESIAN_POINT('',(3.574816974142,-1.583578E-11,3.487791000443)
  );
#2952 = CARTESIAN_POINT('',(3.574816961443,0.701912304513,3.503416000658
    ));
#2953 = CARTESIAN_POINT('',(3.417307249329,1.403832756977,3.519041001019
    ));
#2954 = CARTESIAN_POINT('',(3.102292198415,2.064495159684,3.534665997887
    ));
#2955 = CARTESIAN_POINT('',(2.642712892095,2.642723238617,3.550291005169
    ));
#2956 = CARTESIAN_POINT('',(2.06450521486,3.102286315207,3.565915996675)
  );
#2957 = CARTESIAN_POINT('',(1.403827326015,3.417308769688,3.581541001675
    ));
#2958 = CARTESIAN_POINT('',(0.701913655329,3.574816961068,3.597166000679
    ));
#2959 = CARTESIAN_POINT('',(-0.701913656966,3.574816978026,
    3.628416000393));
#2960 = CARTESIAN_POINT('',(-1.40382742862,3.417308865397,3.644040999039
    ));
#2961 = CARTESIAN_POINT('',(-2.064504875899,3.102286032121,3.65966600498
    ));
#2962 = CARTESIAN_POINT('',(-2.642713337785,2.642723520817,
    3.675290995277));
#2963 = CARTESIAN_POINT('',(-3.102291923601,2.064495039451,3.69091600349
    ));
#2964 = CARTESIAN_POINT('',(-3.417307311599,1.403832770182,
    3.706540999845));
#2965 = CARTESIAN_POINT('',(-3.574816970713,0.701912304504,
    3.722166000499));
#2966 = CARTESIAN_POINT('',(-3.574816968895,-0.701912304517,
    3.753416000533));
#2967 = CARTESIAN_POINT('',(-3.417307239538,-1.403832756861,
    3.769041001189));
#2968 = CARTESIAN_POINT('',(-3.102292208448,-2.064495159857,
    3.784665997703));
#2969 = CARTESIAN_POINT('',(-2.642712884092,-2.642723238439,
    3.800291005343));
#2970 = CARTESIAN_POINT('',(-2.064505219718,-3.102286315288,
    3.815915996556));
#2971 = CARTESIAN_POINT('',(-1.403827323904,-3.41730876966,
    3.831541001716));
#2972 = CARTESIAN_POINT('',(-0.701913655871,-3.574816961058,
    3.847166000676));
#2973 = CARTESIAN_POINT('',(0.701913657507,-3.574816978016,3.87841600039
    ));
#2974 = CARTESIAN_POINT('',(1.403827426508,-3.417308865356,
    3.894040999072));
#2975 = CARTESIAN_POINT('',(2.064504880742,-3.102286032254,
    3.909666004896));
#2976 = CARTESIAN_POINT('',(2.642713329834,-2.642723520545,
    3.925290995414));
#2977 = CARTESIAN_POINT('',(3.102291933551,-2.064495039695,
    3.940916003324));
#2978 = CARTESIAN_POINT('',(3.417307301903,-1.403832770063,
    3.956541000006));
#2979 = CARTESIAN_POINT('',(3.574816978082,-0.701912304485,
    3.972166000376));
#2980 = CARTESIAN_POINT('',(3.574816965514,-8.45831E-12,3.987791000589)
  );
#2981 = ORIENTED_EDGE('',*,*,#2982,.T.);
#2982 = EDGE_CURVE('',#2449,#2842,#2983,.T.);
#2983 = B_SPLINE_CURVE_WITH_KNOTS('',1,(#2984,#2985),.UNSPECIFIED.,.F.,
  .F.,(2,2),(-0.185177701212,-0.),.PIECEWISE_BEZIER_KNOTS.);
#2984 = CARTESIAN_POINT('',(3.574816974142,-1.560282E-11,3.48779100044)
  );
#2985 = CARTESIAN_POINT('',(3.418961974138,-1.560798E-11,3.587791000442)
  );
#2986 = ORIENTED_EDGE('',*,*,#2841,.T.);
#2987 = ORIENTED_EDGE('',*,*,#2141,.T.);
#2988 = ORIENTED_EDGE('',*,*,#2989,.F.);
#2989 = EDGE_CURVE('',#2948,#2132,#2990,.T.);
#2990 = B_SPLINE_CURVE_WITH_KNOTS('',1,(#2991,#2992),.UNSPECIFIED.,.F.,
  .F.,(2,2),(-0.185177701212,-0.),.PIECEWISE_BEZIER_KNOTS.);
#2991 = CARTESIAN_POINT('',(3.574816965514,-8.45787E-12,3.987791000589)
  );
#2992 = CARTESIAN_POINT('',(3.41896196551,-8.45992E-12,4.087791000591));
#2993 = B_SPLINE_SURFACE_WITH_KNOTS('',1,8,(
    (#2994,#2995,#2996,#2997,#2998,#2999,#3000,#3001,#3002,#3003,#3004
      ,#3005,#3006,#3007,#3008,#3009,#3010,#3011,#3012,#3013,#3014,#3015
      ,#3016,#3017,#3018,#3019,#3020,#3021,#3022,#3023)
    ,(#3024,#3025,#3026,#3027,#3028,#3029,#3030,#3031,#3032,#3033,#3034
      ,#3035,#3036,#3037,#3038,#3039,#3040,#3041,#3042,#3043,#3044,#3045
      ,#3046,#3047,#3048,#3049,#3050,#3051,#3052,#3053
  )),.UNSPECIFIED.,.F.,.F.,.F.,(2,2),(9,7,7,7,9),(-0.185177701212,-0.),(
    0.,1.571823592537,3.143647185075,4.715470777612,6.28729437015),
  .UNSPECIFIED.);
#2994 = CARTESIAN_POINT('',(3.574816974142,-1.583578E-11,3.487791000443)
  );
#2995 = CARTESIAN_POINT('',(3.574816961443,0.701912304513,3.503416000658
    ));
#2996 = CARTESIAN_POINT('',(3.417307249329,1.403832756977,3.519041001019
    ));
#2997 = CARTESIAN_POINT('',(3.102292198415,2.064495159685,3.534665997887
    ));
#2998 = CARTESIAN_POINT('',(2.642712892096,2.642723238617,3.550291005169
    ));
#2999 = CARTESIAN_POINT('',(2.06450521486,3.102286315208,3.565915996675)
  );
#3000 = CARTESIAN_POINT('',(1.403827326015,3.417308769688,3.581541001675
    ));
#3001 = CARTESIAN_POINT('',(0.701913655329,3.574816961067,3.597166000679
    ));
#3002 = CARTESIAN_POINT('',(-0.701913656966,3.574816978026,
    3.628416000393));
#3003 = CARTESIAN_POINT('',(-1.40382742862,3.417308865397,3.644040999039
    ));
#3004 = CARTESIAN_POINT('',(-2.064504875899,3.102286032121,3.65966600498
    ));
#3005 = CARTESIAN_POINT('',(-2.642713337785,2.642723520818,
    3.675290995277));
#3006 = CARTESIAN_POINT('',(-3.102291923601,2.064495039451,3.69091600349
    ));
#3007 = CARTESIAN_POINT('',(-3.417307311599,1.403832770182,
    3.706540999845));
#3008 = CARTESIAN_POINT('',(-3.574816970713,0.701912304504,
    3.722166000499));
#3009 = CARTESIAN_POINT('',(-3.574816968895,-0.701912304517,
    3.753416000533));
#3010 = CARTESIAN_POINT('',(-3.417307239538,-1.403832756861,
    3.769041001189));
#3011 = CARTESIAN_POINT('',(-3.102292208448,-2.064495159856,
    3.784665997703));
#3012 = CARTESIAN_POINT('',(-2.642712884092,-2.64272323844,
    3.800291005343));
#3013 = CARTESIAN_POINT('',(-2.064505219718,-3.102286315288,
    3.815915996556));
#3014 = CARTESIAN_POINT('',(-1.403827323903,-3.41730876966,
    3.831541001716));
#3015 = CARTESIAN_POINT('',(-0.701913655871,-3.574816961058,
    3.847166000676));
#3016 = CARTESIAN_POINT('',(0.701913657507,-3.574816978016,3.87841600039
    ));
#3017 = CARTESIAN_POINT('',(1.403827426508,-3.417308865356,
    3.894040999072));
#3018 = CARTESIAN_POINT('',(2.064504880741,-3.102286032255,
    3.909666004896));
#3019 = CARTESIAN_POINT('',(2.642713329834,-2.642723520545,
    3.925290995414));
#3020 = CARTESIAN_POINT('',(3.102291933551,-2.064495039695,
    3.940916003324));
#3021 = CARTESIAN_POINT('',(3.417307301903,-1.403832770062,
    3.956541000006));
#3022 = CARTESIAN_POINT('',(3.574816978082,-0.701912304485,
    3.972166000376));
#3023 = CARTESIAN_POINT('',(3.574816965514,-8.45787E-12,3.987791000589)
  );
#3024 = CARTESIAN_POINT('',(3.418961974138,-1.584022E-11,3.587791000446)
  );
#3025 = CARTESIAN_POINT('',(3.418961961439,0.671310246194,3.603416000661
    ));
#3026 = CARTESIAN_POINT('',(3.268319343419,1.342628634359,3.619041001009
    ));
#3027 = CARTESIAN_POINT('',(2.967038414243,1.974486830397,3.634665997896
    ));
#3028 = CARTESIAN_POINT('',(2.527495718148,2.527506069206,3.650291005199
    ));
#3029 = CARTESIAN_POINT('',(1.974496890003,2.967032528444,3.665915996615
    ));
#3030 = CARTESIAN_POINT('',(1.342623200962,3.268320864455,3.681541001707
    ));
#3031 = CARTESIAN_POINT('',(0.671311597637,3.418961961064,3.697166000678
    ));
#3032 = CARTESIAN_POINT('',(-0.671311599274,3.418961978022,
    3.728416000391));
#3033 = CARTESIAN_POINT('',(-1.342623303567,3.268320960163,
    3.744040999058));
#3034 = CARTESIAN_POINT('',(-1.974496551044,2.967032245358,
    3.759666004966));
#3035 = CARTESIAN_POINT('',(-2.527496163834,2.527506351406,
    3.775290995254));
#3036 = CARTESIAN_POINT('',(-2.967038139432,1.974486710163,
    3.790916003529));
#3037 = CARTESIAN_POINT('',(-3.268319405688,1.342628647564,
    3.806540999828));
#3038 = CARTESIAN_POINT('',(-3.418961970709,0.671310246186,
    3.822166000501));
#3039 = CARTESIAN_POINT('',(-3.418961968891,-0.671310246199,
    3.853416000535));
#3040 = CARTESIAN_POINT('',(-3.268319333627,-1.342628634243,
    3.869041001176));
#3041 = CARTESIAN_POINT('',(-2.967038424278,-1.974486830569,
    3.884665997721));
#3042 = CARTESIAN_POINT('',(-2.527495710143,-2.527506069028,
    3.900291005351));
#3043 = CARTESIAN_POINT('',(-1.974496894861,-2.967032528525,
    3.915915996519));
#3044 = CARTESIAN_POINT('',(-1.342623198851,-3.268320864427,
    3.931541001742));
#3045 = CARTESIAN_POINT('',(-0.671311598179,-3.418961961054,
    3.947166000674));
#3046 = CARTESIAN_POINT('',(0.671311599815,-3.418961978012,
    3.978416000388));
#3047 = CARTESIAN_POINT('',(1.342623301455,-3.268320960122,
    3.994040999087));
#3048 = CARTESIAN_POINT('',(1.974496555886,-2.967032245492,
    4.009666004892));
#3049 = CARTESIAN_POINT('',(2.527496155882,-2.527506351132,
    4.025290995378));
#3050 = CARTESIAN_POINT('',(2.967038149383,-1.974486710409,
    4.040916003372));
#3051 = CARTESIAN_POINT('',(3.268319395992,-1.342628647444,
    4.056540999985));
#3052 = CARTESIAN_POINT('',(3.418961978078,-0.671310246167,
    4.072166000378));
#3053 = CARTESIAN_POINT('',(3.41896196551,-8.45992E-12,4.087791000591));
#3054 = ADVANCED_FACE('',(#3055),#3074,.T.);
#3055 = FACE_BOUND('',#3056,.T.);
#3056 = EDGE_LOOP('',(#3057,#3072,#3073));
#3057 = ORIENTED_EDGE('',*,*,#3058,.F.);
#3058 = EDGE_CURVE('',#2948,#2109,#3059,.T.);
#3059 = B_SPLINE_CURVE_WITH_KNOTS('',11,(#3060,#3061,#3062,#3063,#3064,
    #3065,#3066,#3067,#3068,#3069,#3070,#3071),.UNSPECIFIED.,.F.,.F.,(12
    ,12),(0.,2.51491774806),.PIECEWISE_BEZIER_KNOTS.);
#3060 = CARTESIAN_POINT('',(3.574816965514,-8.46656E-12,3.987791000593)
  );
#3061 = CARTESIAN_POINT('',(3.574817921955,0.816771513948,4.005972802479
    ));
#3062 = CARTESIAN_POINT('',(3.369535650736,1.633549180488,4.024154684394
    ));
#3063 = CARTESIAN_POINT('',(2.958998758729,2.392980287095,4.042336341248
    ));
#3064 = CARTESIAN_POINT('',(2.361133575466,3.037811251084,4.060518454508
    ));
#3065 = CARTESIAN_POINT('',(1.612130939937,3.517069164402,4.078699858147
    ));
#3066 = CARTESIAN_POINT('',(0.763042231305,3.792948285373,4.096882139079
    ));
#3067 = CARTESIAN_POINT('',(-0.124624127817,3.845488508386,
    4.115063542243));
#3068 = CARTESIAN_POINT('',(-0.987314312319,3.675211306797,
    4.133245656021));
#3069 = CARTESIAN_POINT('',(-1.765839658209,3.302135599698,
    4.151427312622));
#3070 = CARTESIAN_POINT('',(-2.41200084847,2.762006307324,4.169609194584
    ));
#3071 = CARTESIAN_POINT('',(-2.892087872611,2.101224834167,
    4.187790996471));
#3072 = ORIENTED_EDGE('',*,*,#2989,.T.);
#3073 = ORIENTED_EDGE('',*,*,#2131,.T.);
#3074 = B_SPLINE_SURFACE_WITH_KNOTS('',1,11,(
    (#3075,#3076,#3077,#3078,#3079,#3080,#3081,#3082,#3083,#3084,#3085
      ,#3086)
    ,(#3087,#3088,#3089,#3090,#3091,#3092,#3093,#3094,#3095,#3096,#3097
      ,#3098
    )),.UNSPECIFIED.,.F.,.F.,.F.,(2,2),(12,12),(-0.185177701212,-0.),(0.
    ,2.51491774806),.PIECEWISE_BEZIER_KNOTS.);
#3075 = CARTESIAN_POINT('',(3.574816965514,-8.46434E-12,3.987791000593)
  );
#3076 = CARTESIAN_POINT('',(3.574817921955,0.816771513948,4.005972802479
    ));
#3077 = CARTESIAN_POINT('',(3.369535650736,1.633549180487,4.024154684394
    ));
#3078 = CARTESIAN_POINT('',(2.958998758728,2.392980287096,4.042336341248
    ));
#3079 = CARTESIAN_POINT('',(2.361133575467,3.037811251083,4.060518454508
    ));
#3080 = CARTESIAN_POINT('',(1.612130939936,3.517069164404,4.078699858147
    ));
#3081 = CARTESIAN_POINT('',(0.763042231306,3.792948285372,4.096882139079
    ));
#3082 = CARTESIAN_POINT('',(-0.124624127818,3.845488508386,
    4.115063542243));
#3083 = CARTESIAN_POINT('',(-0.987314312319,3.675211306797,
    4.133245656021));
#3084 = CARTESIAN_POINT('',(-1.765839658209,3.302135599698,
    4.151427312622));
#3085 = CARTESIAN_POINT('',(-2.41200084847,2.762006307324,4.169609194584
    ));
#3086 = CARTESIAN_POINT('',(-2.892087872611,2.101224834167,
    4.187790996471));
#3087 = CARTESIAN_POINT('',(3.41896196551,-8.46434E-12,4.087791000591));
#3088 = CARTESIAN_POINT('',(3.418962921946,0.781161846457,4.10597280247)
  );
#3089 = CARTESIAN_POINT('',(3.222630335618,1.562329848597,4.124154684462
    ));
#3090 = CARTESIAN_POINT('',(2.829992818507,2.288650501978,4.142336340999
    ));
#3091 = CARTESIAN_POINT('',(2.25819152582,2.905369491798,4.160518455081)
  );
#3092 = CARTESIAN_POINT('',(1.541847034875,3.363731142861,4.178699857287
    ));
#3093 = CARTESIAN_POINT('',(0.729773277242,3.627583377226,4.196882139944
    ));
#3094 = CARTESIAN_POINT('',(-0.119189573076,3.677833055697,
    4.215063541663));
#3095 = CARTESIAN_POINT('',(-0.944269823408,3.514978948528,
    4.233245656267));
#3096 = CARTESIAN_POINT('',(-1.688852434657,3.158169172145,4.25142731256
    ));
#3097 = CARTESIAN_POINT('',(-2.306842342202,2.641588210664,4.26960919459
    ));
#3098 = CARTESIAN_POINT('',(-2.765998528949,2.009615563668,4.28779099647
    ));
#3099 = ADVANCED_FACE('',(#3100),#3126,.T.);
#3100 = FACE_BOUND('',#3101,.T.);
#3101 = EDGE_LOOP('',(#3102,#3119,#3124,#3125));
#3102 = ORIENTED_EDGE('',*,*,#3103,.F.);
#3103 = EDGE_CURVE('',#3104,#2099,#3106,.T.);
#3104 = VERTEX_POINT('',#3105);
#3105 = CARTESIAN_POINT('',(3.418961965509,-8.443E-12,3.887791000592));
#3106 = B_SPLINE_CURVE_WITH_KNOTS('',11,(#3107,#3108,#3109,#3110,#3111,
    #3112,#3113,#3114,#3115,#3116,#3117,#3118),.UNSPECIFIED.,.F.,.F.,(12
    ,12),(0.,2.51491774806),.PIECEWISE_BEZIER_KNOTS.);
#3107 = CARTESIAN_POINT('',(3.418961965509,-8.46567E-12,3.887791000594)
  );
#3108 = CARTESIAN_POINT('',(3.418962921955,0.781161846457,3.905972802473
    ));
#3109 = CARTESIAN_POINT('',(3.222630335592,1.562329848596,3.924154684452
    ));
#3110 = CARTESIAN_POINT('',(2.829992818558,2.288650501982,3.942336341036
    ));
#3111 = CARTESIAN_POINT('',(2.258191525762,2.905369491789,3.960518455005
    ));
#3112 = CARTESIAN_POINT('',(1.54184703491,3.363731142885,3.978699857375)
  );
#3113 = CARTESIAN_POINT('',(0.729773277248,3.627583377189,3.996882139909
    ));
#3114 = CARTESIAN_POINT('',(-0.11918957311,3.677833055741,4.015063541645
    ));
#3115 = CARTESIAN_POINT('',(-0.944269823373,3.514978948496,
    4.033245656299));
#3116 = CARTESIAN_POINT('',(-1.688852434678,3.158169172162,
    4.051427312548));
#3117 = CARTESIAN_POINT('',(-2.306842342196,2.641588210659,
    4.069609194593));
#3118 = CARTESIAN_POINT('',(-2.76599852895,2.009615563669,4.087790996473
    ));
#3119 = ORIENTED_EDGE('',*,*,#3120,.T.);
#3120 = EDGE_CURVE('',#3104,#2948,#3121,.T.);
#3121 = B_SPLINE_CURVE_WITH_KNOTS('',1,(#3122,#3123),.UNSPECIFIED.,.F.,
  .F.,(2,2),(0.,0.185177701212),.PIECEWISE_BEZIER_KNOTS.);
#3122 = CARTESIAN_POINT('',(3.418961965509,-8.46126E-12,3.88779100059));
#3123 = CARTESIAN_POINT('',(3.574816965514,-8.45831E-12,3.987791000589)
  );
#3124 = ORIENTED_EDGE('',*,*,#3058,.T.);
#3125 = ORIENTED_EDGE('',*,*,#2108,.T.);
#3126 = B_SPLINE_SURFACE_WITH_KNOTS('',1,11,(
    (#3127,#3128,#3129,#3130,#3131,#3132,#3133,#3134,#3135,#3136,#3137
      ,#3138)
    ,(#3139,#3140,#3141,#3142,#3143,#3144,#3145,#3146,#3147,#3148,#3149
      ,#3150
    )),.UNSPECIFIED.,.F.,.F.,.F.,(2,2),(12,12),(0.,0.185177701212),(0.,
    2.51491774806),.PIECEWISE_BEZIER_KNOTS.);
#3127 = CARTESIAN_POINT('',(3.418961965509,-8.46567E-12,3.887791000594)
  );
#3128 = CARTESIAN_POINT('',(3.418962921955,0.781161846457,3.905972802473
    ));
#3129 = CARTESIAN_POINT('',(3.222630335592,1.562329848596,3.924154684452
    ));
#3130 = CARTESIAN_POINT('',(2.829992818558,2.288650501982,3.942336341036
    ));
#3131 = CARTESIAN_POINT('',(2.258191525762,2.905369491789,3.960518455005
    ));
#3132 = CARTESIAN_POINT('',(1.54184703491,3.363731142885,3.978699857375)
  );
#3133 = CARTESIAN_POINT('',(0.729773277248,3.627583377189,3.996882139909
    ));
#3134 = CARTESIAN_POINT('',(-0.11918957311,3.677833055741,4.015063541645
    ));
#3135 = CARTESIAN_POINT('',(-0.944269823373,3.514978948496,
    4.033245656299));
#3136 = CARTESIAN_POINT('',(-1.688852434678,3.158169172162,
    4.051427312548));
#3137 = CARTESIAN_POINT('',(-2.306842342196,2.641588210659,
    4.069609194593));
#3138 = CARTESIAN_POINT('',(-2.76599852895,2.009615563669,4.087790996473
    ));
#3139 = CARTESIAN_POINT('',(3.574816965514,-8.46656E-12,3.987791000593)
  );
#3140 = CARTESIAN_POINT('',(3.574817921955,0.816771513948,4.005972802479
    ));
#3141 = CARTESIAN_POINT('',(3.369535650736,1.633549180488,4.024154684394
    ));
#3142 = CARTESIAN_POINT('',(2.958998758729,2.392980287095,4.042336341248
    ));
#3143 = CARTESIAN_POINT('',(2.361133575466,3.037811251084,4.060518454508
    ));
#3144 = CARTESIAN_POINT('',(1.612130939937,3.517069164402,4.078699858147
    ));
#3145 = CARTESIAN_POINT('',(0.763042231305,3.792948285373,4.096882139079
    ));
#3146 = CARTESIAN_POINT('',(-0.124624127817,3.845488508386,
    4.115063542243));
#3147 = CARTESIAN_POINT('',(-0.987314312319,3.675211306797,
    4.133245656021));
#3148 = CARTESIAN_POINT('',(-1.765839658209,3.302135599698,
    4.151427312622));
#3149 = CARTESIAN_POINT('',(-2.41200084847,2.762006307324,4.169609194584
    ));
#3150 = CARTESIAN_POINT('',(-2.892087872611,2.101224834167,
    4.187790996471));
#3151 = ADVANCED_FACE('',(#3152),#3162,.T.);
#3152 = FACE_BOUND('',#3153,.T.);
#3153 = EDGE_LOOP('',(#3154,#3155,#3160,#3161));
#3154 = ORIENTED_EDGE('',*,*,#2740,.F.);
#3155 = ORIENTED_EDGE('',*,*,#3156,.T.);
#3156 = EDGE_CURVE('',#2741,#3104,#3157,.T.);
#3157 = B_SPLINE_CURVE_WITH_KNOTS('',1,(#3158,#3159),.UNSPECIFIED.,.F.,
  .F.,(2,2),(0.,0.15),.PIECEWISE_BEZIER_KNOTS.);
#3158 = CARTESIAN_POINT('',(3.26896196551,-8.46021E-12,3.88779100059));
#3159 = CARTESIAN_POINT('',(3.418961965509,-8.46126E-12,3.88779100059));
#3160 = ORIENTED_EDGE('',*,*,#3103,.T.);
#3161 = ORIENTED_EDGE('',*,*,#2098,.T.);
#3162 = B_SPLINE_SURFACE_WITH_KNOTS('',1,11,(
    (#3163,#3164,#3165,#3166,#3167,#3168,#3169,#3170,#3171,#3172,#3173
      ,#3174)
    ,(#3175,#3176,#3177,#3178,#3179,#3180,#3181,#3182,#3183,#3184,#3185
      ,#3186
    )),.UNSPECIFIED.,.F.,.F.,.F.,(2,2),(12,12),(0.,0.15),(0.,
    2.51491774806),.PIECEWISE_BEZIER_KNOTS.);
#3163 = CARTESIAN_POINT('',(3.268961965509,-8.46523E-12,3.887791000594)
  );
#3164 = CARTESIAN_POINT('',(3.268962921956,0.746889926253,3.905972802466
    ));
#3165 = CARTESIAN_POINT('',(3.081243807929,1.493786011162,3.924154684505
    ));
#3166 = CARTESIAN_POINT('',(2.705833240556,2.188240070703,3.942336340854
    ));
#3167 = CARTESIAN_POINT('',(2.15911669692,2.77790316801,3.960518455276)
  );
#3168 = CARTESIAN_POINT('',(1.474203483155,3.2161535661,3.978699857231)
  );
#3169 = CARTESIAN_POINT('',(0.697754136979,3.468430727465,3.996882139782
    ));
#3170 = CARTESIAN_POINT('',(-0.113959178145,3.516475910314,
    4.015063541892));
#3171 = CARTESIAN_POINT('',(-0.902842385436,3.360766034304,
    4.033245656144));
#3172 = CARTESIAN_POINT('',(-1.614757387802,3.019611126983,
    4.051427312579));
#3173 = CARTESIAN_POINT('',(-2.205634322304,2.52569385694,4.069609194597
    ));
#3174 = CARTESIAN_POINT('',(-2.644645979794,1.921447775825,
    4.087790996469));
#3175 = CARTESIAN_POINT('',(3.418961965509,-8.46567E-12,3.887791000594)
  );
#3176 = CARTESIAN_POINT('',(3.418962921955,0.781161846457,3.905972802473
    ));
#3177 = CARTESIAN_POINT('',(3.222630335592,1.562329848596,3.924154684452
    ));
#3178 = CARTESIAN_POINT('',(2.829992818558,2.288650501982,3.942336341036
    ));
#3179 = CARTESIAN_POINT('',(2.258191525762,2.905369491789,3.960518455005
    ));
#3180 = CARTESIAN_POINT('',(1.54184703491,3.363731142885,3.978699857375)
  );
#3181 = CARTESIAN_POINT('',(0.729773277248,3.627583377189,3.996882139909
    ));
#3182 = CARTESIAN_POINT('',(-0.11918957311,3.677833055741,4.015063541645
    ));
#3183 = CARTESIAN_POINT('',(-0.944269823373,3.514978948496,
    4.033245656299));
#3184 = CARTESIAN_POINT('',(-1.688852434678,3.158169172162,
    4.051427312548));
#3185 = CARTESIAN_POINT('',(-2.306842342196,2.641588210659,
    4.069609194593));
#3186 = CARTESIAN_POINT('',(-2.76599852895,2.009615563669,4.087790996473
    ));
#3187 = ADVANCED_FACE('',(#3188),#3296,.T.);
#3188 = FACE_BOUND('',#3189,.T.);
#3189 = EDGE_LOOP('',(#3190,#3223,#3224,#3295));
#3190 = ORIENTED_EDGE('',*,*,#3191,.F.);
#3191 = EDGE_CURVE('',#2175,#2842,#3192,.T.);
#3192 = B_SPLINE_CURVE_WITH_KNOTS('',8,(#3193,#3194,#3195,#3196,#3197,
    #3198,#3199,#3200,#3201,#3202,#3203,#3204,#3205,#3206,#3207,#3208,
    #3209,#3210,#3211,#3212,#3213,#3214,#3215,#3216,#3217,#3218,#3219,
    #3220,#3221,#3222),.UNSPECIFIED.,.F.,.F.,(9,7,7,7,9),(0.,
    1.571823592537,3.143647185075,4.715470777612,6.28729437015),
  .UNSPECIFIED.);
#3193 = CARTESIAN_POINT('',(3.41896198275,-1.697353E-11,3.087791000296)
  );
#3194 = CARTESIAN_POINT('',(3.418961970066,0.671310247955,3.103416000511
    ));
#3195 = CARTESIAN_POINT('',(3.26831935164,1.34262863765,3.119041000891)
  );
#3196 = CARTESIAN_POINT('',(2.967038421722,1.974486835519,3.134665997666
    ));
#3197 = CARTESIAN_POINT('',(2.527495724512,2.527506075475,3.150291005138
    ));
#3198 = CARTESIAN_POINT('',(1.974496894964,2.967032535986,3.16591599644)
  );
#3199 = CARTESIAN_POINT('',(1.342623204335,3.268320872686,3.181541001548
    ));
#3200 = CARTESIAN_POINT('',(0.671311599317,3.418961969683,3.197166000532
    ));
#3201 = CARTESIAN_POINT('',(-0.671311600979,3.418961986641,
    3.228416000246));
#3202 = CARTESIAN_POINT('',(-1.342623306966,3.268320968383,
    3.244040998847));
#3203 = CARTESIAN_POINT('',(-1.974496556022,2.967032252855,
    3.259666004963));
#3204 = CARTESIAN_POINT('',(-2.527496170227,2.527506357745,
    3.275290994945));
#3205 = CARTESIAN_POINT('',(-2.967038146909,1.974486715139,3.29091600348
    ));
#3206 = CARTESIAN_POINT('',(-3.268319413937,1.342628650927,
    3.306540999651));
#3207 = CARTESIAN_POINT('',(-3.418961979329,0.67131024788,3.322166000352
    ));
#3208 = CARTESIAN_POINT('',(-3.418961977507,-0.671310247948,
    3.353416000386));
#3209 = CARTESIAN_POINT('',(-3.268319342988,-1.342628637584,
    3.369041001011));
#3210 = CARTESIAN_POINT('',(-2.967038430642,-1.974486835946,
    3.384665997573));
#3211 = CARTESIAN_POINT('',(-2.527495716688,-2.527506074508,
    3.400291005209));
#3212 = CARTESIAN_POINT('',(-1.974496899639,-2.967032536104,
    3.415915996406));
#3213 = CARTESIAN_POINT('',(-1.342623202252,-3.268320872642,
    3.431541001569));
#3214 = CARTESIAN_POINT('',(-0.671311599857,-3.418961969788,
    3.447166000525));
#3215 = CARTESIAN_POINT('',(0.67131160152,-3.418961986745,3.478416000239
    ));
#3216 = CARTESIAN_POINT('',(1.342623304886,-3.26832096833,3.494040998889
    ));
#3217 = CARTESIAN_POINT('',(1.974496560663,-2.967032253004,
    3.509666004842));
#3218 = CARTESIAN_POINT('',(2.527496162487,-2.527506356738,
    3.525290995161));
#3219 = CARTESIAN_POINT('',(2.967038155718,-1.974486715546,
    3.540916003257));
#3220 = CARTESIAN_POINT('',(3.268319405393,-1.342628650961,3.55654099982
    ));
#3221 = CARTESIAN_POINT('',(3.41896198668,-0.671310247786,3.57216600023)
  );
#3222 = CARTESIAN_POINT('',(3.418961974138,-1.560798E-11,3.587791000442)
  );
#3223 = ORIENTED_EDGE('',*,*,#2271,.T.);
#3224 = ORIENTED_EDGE('',*,*,#3225,.T.);
#3225 = EDGE_CURVE('',#2211,#2766,#3226,.T.);
#3226 = B_SPLINE_CURVE_WITH_KNOTS('',7,(#3227,#3228,#3229,#3230,#3231,
    #3232,#3233,#3234,#3235,#3236,#3237,#3238,#3239,#3240,#3241,#3242,
    #3243,#3244,#3245,#3246,#3247,#3248,#3249,#3250,#3251,#3252,#3253,
    #3254,#3255,#3256,#3257,#3258,#3259,#3260,#3261,#3262,#3263,#3264,
    #3265,#3266,#3267,#3268,#3269,#3270,#3271,#3272,#3273,#3274,#3275,
    #3276,#3277,#3278,#3279,#3280,#3281,#3282,#3283,#3284,#3285,#3286,
    #3287,#3288,#3289,#3290,#3291,#3292,#3293,#3294),.UNSPECIFIED.,.F.,
  .F.,(8,6,6,6,6,6,6,6,6,6,6,8),(0.,0.124923638715,0.250916814724,
    0.375785137559,0.500779191084,0.521748050189,0.635749731526,
    0.750728872901,0.774351471703,0.878298295183,0.983078445469,1.),
  .UNSPECIFIED.);
#3227 = CARTESIAN_POINT('',(3.4,-1.697487E-11,3.087791000296));
#3228 = CARTESIAN_POINT('',(3.400000000001,0.38118488413,3.096712703776)
  );
#3229 = CARTESIAN_POINT('',(3.35014041572,0.762615763942,3.10564010553)
  );
#3230 = CARTESIAN_POINT('',(3.250313460206,1.136014486737,3.114562735189
    ));
#3231 = CARTESIAN_POINT('',(3.102263946487,1.493661696996,3.123484039985
    ));
#3232 = CARTESIAN_POINT('',(2.908967548058,1.828368471034,3.13240663845)
  );
#3233 = CARTESIAN_POINT('',(2.674646360927,2.133440598369,3.141334080753
    ));
#3234 = CARTESIAN_POINT('',(2.133501573338,2.675064792375,3.159253833957
    ));
#3235 = CARTESIAN_POINT('',(1.825716368394,2.911366155357,3.1682579101)
  );
#3236 = CARTESIAN_POINT('',(1.487799605483,3.105909049075,3.177256929786
    ));
#3237 = CARTESIAN_POINT('',(1.126626707471,3.254371059126,3.186254606474
    ));
#3238 = CARTESIAN_POINT('',(0.749579121627,3.353717980105,3.19525362002)
  );
#3239 = CARTESIAN_POINT('',(0.364584593543,3.402187337445,3.204257696512
    ));
#3240 = CARTESIAN_POINT('',(-0.400866922999,3.397716733448,
    3.222173501103));
#3241 = CARTESIAN_POINT('',(-0.781830867366,3.34567543026,3.23109698105)
  );
#3242 = CARTESIAN_POINT('',(-1.154482320626,3.243758944839,
    3.240015630035));
#3243 = CARTESIAN_POINT('',(-1.51112204089,3.09375365947,3.248932977576)
  );
#3244 = CARTESIAN_POINT('',(-1.844587608163,2.898672141036,
    3.257851631901));
#3245 = CARTESIAN_POINT('',(-2.148217594073,2.662768191946,
    3.266775112598));
#3246 = CARTESIAN_POINT('',(-2.684597799936,2.120943287086,
    3.284619559818));
#3247 = CARTESIAN_POINT('',(-2.91762271939,1.814602175192,3.293552049553
    ));
#3248 = CARTESIAN_POINT('',(-3.109436803994,1.478785730523,3.30247966574
    ));
#3249 = CARTESIAN_POINT('',(-3.255842739788,1.120219782812,
    3.311406022499));
#3250 = CARTESIAN_POINT('',(-3.353894652597,0.746119398021,
    3.320333656465));
#3251 = CARTESIAN_POINT('',(-3.401882611144,0.364225813351,
    3.329266117427));
#3252 = CARTESIAN_POINT('',(-3.399633553345,-8.115140273801E-02,
    3.339690384447));
#3253 = CARTESIAN_POINT('',(-3.397905720473,-0.145126745326,
    3.341187921737));
#3254 = CARTESIAN_POINT('',(-3.39477333984,-0.209057970084,
    3.342685458488));
#3255 = CARTESIAN_POINT('',(-3.390237816391,-0.27290807158,
    3.344182994726));
#3256 = CARTESIAN_POINT('',(-3.38430177188,-0.336640136147,
    3.345680530477));
#3257 = CARTESIAN_POINT('',(-3.376969044872,-0.400217341882,
    3.347178065771));
#3258 = CARTESIAN_POINT('',(-3.320812876071,-0.808212402934,
    3.356817268804));
#3259 = CARTESIAN_POINT('',(-3.232225527163,-1.14731504426,
    3.364962599465));
#3260 = CARTESIAN_POINT('',(-3.103269933563,-1.474728018865,
    3.37310492947));
#3261 = CARTESIAN_POINT('',(-2.935924015302,-1.784784947456,
    3.381246282838));
#3262 = CARTESIAN_POINT('',(-2.732999983829,-2.072275259354,
    3.389388594623));
#3263 = CARTESIAN_POINT('',(-2.498149199871,-2.332435639281,
    3.397533927557));
#3264 = CARTESIAN_POINT('',(-1.971820117721,-2.791955368,3.413887081088)
  );
#3265 = CARTESIAN_POINT('',(-1.679630874817,-2.990986119387,
    3.422102382167));
#3266 = CARTESIAN_POINT('',(-1.364317197109,-3.154048347365,
    3.430314529852));
#3267 = CARTESIAN_POINT('',(-1.031233853894,-3.278099927294,
    3.438525684287));
#3268 = CARTESIAN_POINT('',(-0.686072863909,-3.361020954824,
    3.446737828814));
#3269 = CARTESIAN_POINT('',(-0.334874424018,-3.401609689662,
    3.45495312884));
#3270 = CARTESIAN_POINT('',(8.804252780926E-02,-3.399624117109,
    3.464851667919));
#3271 = CARTESIAN_POINT('',(0.160114119083,-3.397502910188,
    3.466538726856));
#3272 = CARTESIAN_POINT('',(0.232124375739,-3.39359916018,3.468225786197
    ));
#3273 = CARTESIAN_POINT('',(0.304020411122,-3.387915077907,
    3.469912845694));
#3274 = CARTESIAN_POINT('',(0.375749492907,-3.380454832396,
    3.471599905077));
#3275 = CARTESIAN_POINT('',(0.447259043103,-3.371224550881,
    3.473286964051));
#3276 = CARTESIAN_POINT('',(0.831964337727,-3.311863059479,
    3.482397606293));
#3277 = CARTESIAN_POINT('',(1.140266246713,-3.229361758228,
    3.489823467033));
#3278 = CARTESIAN_POINT('',(1.438760848508,-3.113408341545,
    3.497247648917));
#3279 = CARTESIAN_POINT('',(1.723160495257,-2.965478407081,
    3.504670766521));
#3280 = CARTESIAN_POINT('',(1.989470745087,-2.787649658865,
    3.512094952233));
#3281 = CARTESIAN_POINT('',(2.234021832917,-2.582585533723,
    3.519520813016));
#3282 = CARTESIAN_POINT('',(2.674922981422,-2.12297152952,3.53442749338)
  );
#3283 = CARTESIAN_POINT('',(2.871012866784,-1.867890094824,
    3.541912958451));
#3284 = CARTESIAN_POINT('',(3.038506595925,-1.59189520191,3.549396674369
    ));
#3285 = CARTESIAN_POINT('',(3.174840897596,-1.29886025104,3.55687929126)
  );
#3286 = CARTESIAN_POINT('',(3.278070431659,-0.992966525531,
    3.564363021549));
#3287 = CARTESIAN_POINT('',(3.346883424827,-0.678669588115,
    3.571848480796));
#3288 = CARTESIAN_POINT('',(3.386285601832,-0.309412087264,
    3.580540062514));
#3289 = CARTESIAN_POINT('',(3.390854484915,-0.257972984545,
    3.581748551099));
#3290 = CARTESIAN_POINT('',(3.394511657717,-0.206456165716,
    3.582957039968));
#3291 = CARTESIAN_POINT('',(3.397255570519,-0.154881025705,
    3.584165529138));
#3292 = CARTESIAN_POINT('',(3.399085190152,-0.103266984248,
    3.585374018747));
#3293 = CARTESIAN_POINT('',(3.4,-5.163348589695E-02,3.586582509054));
#3294 = CARTESIAN_POINT('',(3.4,-1.560796E-11,3.587791000442));
#3295 = ORIENTED_EDGE('',*,*,#2876,.F.);
#3296 = B_SPLINE_SURFACE_WITH_KNOTS('',1,8,(
    (#3297,#3298,#3299,#3300,#3301,#3302,#3303,#3304,#3305,#3306,#3307
      ,#3308,#3309,#3310,#3311,#3312,#3313,#3314,#3315,#3316,#3317,#3318
      ,#3319,#3320,#3321,#3322,#3323,#3324,#3325,#3326)
    ,(#3327,#3328,#3329,#3330,#3331,#3332,#3333,#3334,#3335,#3336,#3337
      ,#3338,#3339,#3340,#3341,#3342,#3343,#3344,#3345,#3346,#3347,#3348
      ,#3349,#3350,#3351,#3352,#3353,#3354,#3355,#3356
  )),.UNSPECIFIED.,.F.,.F.,.F.,(2,2),(9,7,7,7,9),(-0.15,-0.),(0.,
    1.571823592537,3.143647185075,4.715470777612,6.28729437015),
  .UNSPECIFIED.);
#3297 = CARTESIAN_POINT('',(3.41896198275,-1.697353E-11,3.087791000296)
  );
#3298 = CARTESIAN_POINT('',(3.418961970066,0.671310247955,3.103416000511
    ));
#3299 = CARTESIAN_POINT('',(3.26831935164,1.34262863765,3.119041000891)
  );
#3300 = CARTESIAN_POINT('',(2.967038421722,1.974486835519,3.134665997666
    ));
#3301 = CARTESIAN_POINT('',(2.527495724512,2.527506075475,3.150291005138
    ));
#3302 = CARTESIAN_POINT('',(1.974496894964,2.967032535986,3.16591599644)
  );
#3303 = CARTESIAN_POINT('',(1.342623204335,3.268320872686,3.181541001548
    ));
#3304 = CARTESIAN_POINT('',(0.671311599317,3.418961969683,3.197166000532
    ));
#3305 = CARTESIAN_POINT('',(-0.671311600979,3.418961986641,
    3.228416000246));
#3306 = CARTESIAN_POINT('',(-1.342623306966,3.268320968383,
    3.244040998847));
#3307 = CARTESIAN_POINT('',(-1.974496556022,2.967032252855,
    3.259666004963));
#3308 = CARTESIAN_POINT('',(-2.527496170227,2.527506357745,
    3.275290994945));
#3309 = CARTESIAN_POINT('',(-2.967038146909,1.974486715139,3.29091600348
    ));
#3310 = CARTESIAN_POINT('',(-3.268319413937,1.342628650927,
    3.306540999651));
#3311 = CARTESIAN_POINT('',(-3.418961979329,0.67131024788,3.322166000352
    ));
#3312 = CARTESIAN_POINT('',(-3.418961977507,-0.671310247948,
    3.353416000386));
#3313 = CARTESIAN_POINT('',(-3.268319342988,-1.342628637584,
    3.369041001011));
#3314 = CARTESIAN_POINT('',(-2.967038430642,-1.974486835946,
    3.384665997573));
#3315 = CARTESIAN_POINT('',(-2.527495716688,-2.527506074508,
    3.400291005209));
#3316 = CARTESIAN_POINT('',(-1.974496899639,-2.967032536104,
    3.415915996406));
#3317 = CARTESIAN_POINT('',(-1.342623202252,-3.268320872642,
    3.431541001569));
#3318 = CARTESIAN_POINT('',(-0.671311599857,-3.418961969788,
    3.447166000525));
#3319 = CARTESIAN_POINT('',(0.67131160152,-3.418961986745,3.478416000239
    ));
#3320 = CARTESIAN_POINT('',(1.342623304886,-3.26832096833,3.494040998889
    ));
#3321 = CARTESIAN_POINT('',(1.974496560663,-2.967032253004,
    3.509666004842));
#3322 = CARTESIAN_POINT('',(2.527496162487,-2.527506356738,
    3.525290995161));
#3323 = CARTESIAN_POINT('',(2.967038155718,-1.974486715546,
    3.540916003257));
#3324 = CARTESIAN_POINT('',(3.268319405393,-1.342628650961,3.55654099982
    ));
#3325 = CARTESIAN_POINT('',(3.41896198668,-0.671310247786,3.57216600023)
  );
#3326 = CARTESIAN_POINT('',(3.418961974138,-1.560798E-11,3.587791000442)
  );
#3327 = CARTESIAN_POINT('',(3.26896198275,-1.698108E-11,3.087791000296)
  );
#3328 = CARTESIAN_POINT('',(3.268961970066,0.641857816222,3.103416000511
    ));
#3329 = CARTESIAN_POINT('',(3.12492846982,1.283723768429,3.119041000887)
  );
#3330 = CARTESIAN_POINT('',(2.836865712313,1.887859846377,3.134665997688
    ));
#3331 = CARTESIAN_POINT('',(2.416606910601,2.416617265933,3.150291005102
    ));
#3332 = CARTESIAN_POINT('',(1.887869910086,2.83685982408,3.16591599647)
  );
#3333 = CARTESIAN_POINT('',(1.283718332771,3.124929991518,3.181541001538
    ));
#3334 = CARTESIAN_POINT('',(0.641859168188,3.268961969683,3.197166000532
    ));
#3335 = CARTESIAN_POINT('',(-0.64185916985,3.268961986641,3.228416000246
    ));
#3336 = CARTESIAN_POINT('',(-1.283718435402,3.124930087214,
    3.244040998847));
#3337 = CARTESIAN_POINT('',(-1.887869571145,2.83685954095,3.259666004962
    ));
#3338 = CARTESIAN_POINT('',(-2.416607356316,2.416617548201,
    3.275290994946));
#3339 = CARTESIAN_POINT('',(-2.836865437501,1.887859725998,3.29091600348
    ));
#3340 = CARTESIAN_POINT('',(-3.124928532117,1.283723781705,
    3.306540999651));
#3341 = CARTESIAN_POINT('',(-3.268961979329,0.641857816148,
    3.322166000352));
#3342 = CARTESIAN_POINT('',(-3.268961977507,-0.641857816215,
    3.353416000386));
#3343 = CARTESIAN_POINT('',(-3.124928461168,-1.283723768363,
    3.369041001007));
#3344 = CARTESIAN_POINT('',(-2.836865721233,-1.887859846805,
    3.384665997579));
#3345 = CARTESIAN_POINT('',(-2.416606902776,-2.416617264964,
    3.400291005221));
#3346 = CARTESIAN_POINT('',(-1.887869914761,-2.836859824199,
    3.415915996384));
#3347 = CARTESIAN_POINT('',(-1.283718330688,-3.124929991473,
    3.43154100158));
#3348 = CARTESIAN_POINT('',(-0.641859168728,-3.268961969788,
    3.447166000525));
#3349 = CARTESIAN_POINT('',(0.64185917039,-3.268961986745,3.478416000239
    ));
#3350 = CARTESIAN_POINT('',(1.283718433322,-3.124930087162,
    3.494040998889));
#3351 = CARTESIAN_POINT('',(1.887869575785,-2.8368595411,3.509666004841)
  );
#3352 = CARTESIAN_POINT('',(2.416607348577,-2.416617547194,
    3.525290995162));
#3353 = CARTESIAN_POINT('',(2.836865446309,-1.887859726404,
    3.540916003256));
#3354 = CARTESIAN_POINT('',(3.124928523573,-1.283723781739,3.55654099982
    ));
#3355 = CARTESIAN_POINT('',(3.26896198668,-0.641857816053,3.572166000229
    ));
#3356 = CARTESIAN_POINT('',(3.268961974138,-1.561271E-11,3.587791000442)
  );
#3357 = ADVANCED_FACE('',(#3358),#3364,.T.);
#3358 = FACE_BOUND('',#3359,.T.);
#3359 = EDGE_LOOP('',(#3360,#3361,#3362,#3363));
#3360 = ORIENTED_EDGE('',*,*,#2448,.F.);
#3361 = ORIENTED_EDGE('',*,*,#2343,.T.);
#3362 = ORIENTED_EDGE('',*,*,#3191,.T.);
#3363 = ORIENTED_EDGE('',*,*,#2982,.F.);
#3364 = B_SPLINE_SURFACE_WITH_KNOTS('',1,8,(
    (#3365,#3366,#3367,#3368,#3369,#3370,#3371,#3372,#3373,#3374,#3375
      ,#3376,#3377,#3378,#3379,#3380,#3381,#3382,#3383,#3384,#3385,#3386
      ,#3387,#3388,#3389,#3390,#3391,#3392,#3393,#3394)
    ,(#3395,#3396,#3397,#3398,#3399,#3400,#3401,#3402,#3403,#3404,#3405
      ,#3406,#3407,#3408,#3409,#3410,#3411,#3412,#3413,#3414,#3415,#3416
      ,#3417,#3418,#3419,#3420,#3421,#3422,#3423,#3424
  )),.UNSPECIFIED.,.F.,.F.,.F.,(2,2),(9,7,7,7,9),(-0.185177701212,-0.),(
    0.,1.571823592537,3.143647185075,4.715470777612,6.28729437015),
  .UNSPECIFIED.);
#3365 = CARTESIAN_POINT('',(3.574816982754,-1.696598E-11,2.987791000294)
  );
#3366 = CARTESIAN_POINT('',(3.57481697007,0.701912306274,3.003416000509)
  );
#3367 = CARTESIAN_POINT('',(3.41730725755,1.403832760268,3.019041000885)
  );
#3368 = CARTESIAN_POINT('',(3.102292205893,2.064495164806,3.034665997673
    ));
#3369 = CARTESIAN_POINT('',(2.64271289846,2.642723244887,3.050291005139)
  );
#3370 = CARTESIAN_POINT('',(2.064505219822,3.10228632275,3.065915996417)
  );
#3371 = CARTESIAN_POINT('',(1.403827329387,3.41730877792,3.081541001563)
  );
#3372 = CARTESIAN_POINT('',(0.701913657009,3.574816969687,3.09716600053)
  );
#3373 = CARTESIAN_POINT('',(-0.701913658671,3.574816986645,
    3.128416000244));
#3374 = CARTESIAN_POINT('',(-1.403827432019,3.417308873617,
    3.144040998854));
#3375 = CARTESIAN_POINT('',(-2.064504880878,3.102286039617,
    3.159666004962));
#3376 = CARTESIAN_POINT('',(-2.642713344178,2.642723527157,
    3.175290994917));
#3377 = CARTESIAN_POINT('',(-3.102291931079,2.064495044426,
    3.190916003502));
#3378 = CARTESIAN_POINT('',(-3.417307319848,1.403832773545,
    3.206540999643));
#3379 = CARTESIAN_POINT('',(-3.574816979333,0.701912306199,3.22216600035
    ));
#3380 = CARTESIAN_POINT('',(-3.574816977511,-0.701912306266,
    3.253416000383));
#3381 = CARTESIAN_POINT('',(-3.417307248898,-1.403832760203,
    3.269041001021));
#3382 = CARTESIAN_POINT('',(-3.102292214813,-2.064495165233,
    3.284665997536));
#3383 = CARTESIAN_POINT('',(-2.642712890636,-2.64272324392,
    3.300291005255));
#3384 = CARTESIAN_POINT('',(-2.064505224497,-3.102286322866,
    3.315915996361));
#3385 = CARTESIAN_POINT('',(-1.403827327305,-3.417308777876,
    3.331541001588));
#3386 = CARTESIAN_POINT('',(-0.701913657549,-3.574816969792,
    3.347166000523));
#3387 = CARTESIAN_POINT('',(0.701913659212,-3.574816986749,
    3.378416000237));
#3388 = CARTESIAN_POINT('',(1.403827429938,-3.417308873565,
    3.394040998906));
#3389 = CARTESIAN_POINT('',(2.06450488552,-3.102286039765,3.409666004809
    ));
#3390 = CARTESIAN_POINT('',(2.642713336437,-2.642723526152,
    3.425290995182));
#3391 = CARTESIAN_POINT('',(3.102291939888,-2.064495044832,
    3.440916003248));
#3392 = CARTESIAN_POINT('',(3.417307311303,-1.403832773579,
    3.456540999817));
#3393 = CARTESIAN_POINT('',(3.574816986684,-0.701912306104,
    3.472166000227));
#3394 = CARTESIAN_POINT('',(3.574816974142,-1.560282E-11,3.48779100044)
  );
#3395 = CARTESIAN_POINT('',(3.41896198275,-1.697353E-11,3.087791000296)
  );
#3396 = CARTESIAN_POINT('',(3.418961970066,0.671310247955,3.103416000511
    ));
#3397 = CARTESIAN_POINT('',(3.26831935164,1.34262863765,3.119041000891)
  );
#3398 = CARTESIAN_POINT('',(2.967038421722,1.974486835519,3.134665997666
    ));
#3399 = CARTESIAN_POINT('',(2.527495724512,2.527506075475,3.150291005138
    ));
#3400 = CARTESIAN_POINT('',(1.974496894964,2.967032535986,3.16591599644)
  );
#3401 = CARTESIAN_POINT('',(1.342623204335,3.268320872686,3.181541001548
    ));
#3402 = CARTESIAN_POINT('',(0.671311599317,3.418961969683,3.197166000532
    ));
#3403 = CARTESIAN_POINT('',(-0.671311600979,3.418961986641,
    3.228416000246));
#3404 = CARTESIAN_POINT('',(-1.342623306966,3.268320968383,
    3.244040998847));
#3405 = CARTESIAN_POINT('',(-1.974496556022,2.967032252855,
    3.259666004963));
#3406 = CARTESIAN_POINT('',(-2.527496170227,2.527506357745,
    3.275290994945));
#3407 = CARTESIAN_POINT('',(-2.967038146909,1.974486715139,3.29091600348
    ));
#3408 = CARTESIAN_POINT('',(-3.268319413937,1.342628650927,
    3.306540999651));
#3409 = CARTESIAN_POINT('',(-3.418961979329,0.67131024788,3.322166000352
    ));
#3410 = CARTESIAN_POINT('',(-3.418961977507,-0.671310247948,
    3.353416000386));
#3411 = CARTESIAN_POINT('',(-3.268319342988,-1.342628637584,
    3.369041001011));
#3412 = CARTESIAN_POINT('',(-2.967038430642,-1.974486835946,
    3.384665997573));
#3413 = CARTESIAN_POINT('',(-2.527495716688,-2.527506074508,
    3.400291005209));
#3414 = CARTESIAN_POINT('',(-1.974496899639,-2.967032536104,
    3.415915996406));
#3415 = CARTESIAN_POINT('',(-1.342623202252,-3.268320872642,
    3.431541001569));
#3416 = CARTESIAN_POINT('',(-0.671311599857,-3.418961969788,
    3.447166000525));
#3417 = CARTESIAN_POINT('',(0.67131160152,-3.418961986745,3.478416000239
    ));
#3418 = CARTESIAN_POINT('',(1.342623304886,-3.26832096833,3.494040998889
    ));
#3419 = CARTESIAN_POINT('',(1.974496560663,-2.967032253004,
    3.509666004842));
#3420 = CARTESIAN_POINT('',(2.527496162487,-2.527506356738,
    3.525290995161));
#3421 = CARTESIAN_POINT('',(2.967038155718,-1.974486715546,
    3.540916003257));
#3422 = CARTESIAN_POINT('',(3.268319405393,-1.342628650961,3.55654099982
    ));
#3423 = CARTESIAN_POINT('',(3.41896198668,-0.671310247786,3.57216600023)
  );
#3424 = CARTESIAN_POINT('',(3.418961974138,-1.560798E-11,3.587791000442)
  );
#3425 = ADVANCED_FACE('',(#3426),#3464,.T.);
#3426 = FACE_BOUND('',#3427,.T.);
#3427 = EDGE_LOOP('',(#3428,#3461,#3462,#3463));
#3428 = ORIENTED_EDGE('',*,*,#3429,.F.);
#3429 = EDGE_CURVE('',#2413,#3104,#3430,.T.);
#3430 = B_SPLINE_CURVE_WITH_KNOTS('',8,(#3431,#3432,#3433,#3434,#3435,
    #3436,#3437,#3438,#3439,#3440,#3441,#3442,#3443,#3444,#3445,#3446,
    #3447,#3448,#3449,#3450,#3451,#3452,#3453,#3454,#3455,#3456,#3457,
    #3458,#3459,#3460),.UNSPECIFIED.,.F.,.F.,(9,7,7,7,9),(0.,
    1.571823592537,3.143647185075,4.715470777612,6.28729437015),
  .UNSPECIFIED.);
#3431 = CARTESIAN_POINT('',(3.418961974137,-1.584155E-11,3.387791000445)
  );
#3432 = CARTESIAN_POINT('',(3.418961961438,0.671310246194,3.40341600066)
  );
#3433 = CARTESIAN_POINT('',(3.268319343418,1.342628634359,3.419041001022
    ));
#3434 = CARTESIAN_POINT('',(2.967038414244,1.974486830397,3.434665997879
    ));
#3435 = CARTESIAN_POINT('',(2.527495718145,2.527506069204,3.450291005205
    ));
#3436 = CARTESIAN_POINT('',(1.974496890004,2.967032528444,3.46591599663)
  );
#3437 = CARTESIAN_POINT('',(1.342623200962,3.268320864454,3.481541001702
    ));
#3438 = CARTESIAN_POINT('',(0.671311597637,3.418961961063,3.497166000681
    ));
#3439 = CARTESIAN_POINT('',(-0.671311599274,3.418961978022,
    3.528416000394));
#3440 = CARTESIAN_POINT('',(-1.342623303567,3.268320960163,
    3.544040999053));
#3441 = CARTESIAN_POINT('',(-1.974496551042,2.967032245357,
    3.559666004977));
#3442 = CARTESIAN_POINT('',(-2.527496163835,2.527506351406,
    3.575290995265));
#3443 = CARTESIAN_POINT('',(-2.96703813943,1.974486710163,3.590916003508
    ));
#3444 = CARTESIAN_POINT('',(-3.268319405688,1.342628647564,
    3.606540999842));
#3445 = CARTESIAN_POINT('',(-3.418961970709,0.671310246186,
    3.622166000501));
#3446 = CARTESIAN_POINT('',(-3.418961968891,-0.671310246198,
    3.653416000534));
#3447 = CARTESIAN_POINT('',(-3.268319333627,-1.342628634243,
    3.66904100119));
#3448 = CARTESIAN_POINT('',(-2.967038424278,-1.97448683057,3.6846659977)
  );
#3449 = CARTESIAN_POINT('',(-2.527495710141,-2.527506069025,
    3.700291005362));
#3450 = CARTESIAN_POINT('',(-1.974496894861,-2.967032528527,
    3.715915996531));
#3451 = CARTESIAN_POINT('',(-1.342623198851,-3.268320864425,
    3.731541001737));
#3452 = CARTESIAN_POINT('',(-0.671311598178,-3.418961961053,
    3.747166000677));
#3453 = CARTESIAN_POINT('',(0.671311599814,-3.418961978012,
    3.778416000391));
#3454 = CARTESIAN_POINT('',(1.342623301456,-3.268320960122,
    3.794040999083));
#3455 = CARTESIAN_POINT('',(1.974496555885,-2.96703224549,3.809666004903
    ));
#3456 = CARTESIAN_POINT('',(2.527496155884,-2.527506351133,
    3.825290995389));
#3457 = CARTESIAN_POINT('',(2.967038149381,-1.974486710408,
    3.840916003351));
#3458 = CARTESIAN_POINT('',(3.268319395991,-1.342628647444,3.856541));
#3459 = CARTESIAN_POINT('',(3.418961978077,-0.671310246167,
    3.872166000378));
#3460 = CARTESIAN_POINT('',(3.418961965509,-8.46126E-12,3.88779100059));
#3461 = ORIENTED_EDGE('',*,*,#2483,.T.);
#3462 = ORIENTED_EDGE('',*,*,#2947,.T.);
#3463 = ORIENTED_EDGE('',*,*,#3120,.F.);
#3464 = B_SPLINE_SURFACE_WITH_KNOTS('',1,8,(
    (#3465,#3466,#3467,#3468,#3469,#3470,#3471,#3472,#3473,#3474,#3475
      ,#3476,#3477,#3478,#3479,#3480,#3481,#3482,#3483,#3484,#3485,#3486
      ,#3487,#3488,#3489,#3490,#3491,#3492,#3493,#3494)
    ,(#3495,#3496,#3497,#3498,#3499,#3500,#3501,#3502,#3503,#3504,#3505
      ,#3506,#3507,#3508,#3509,#3510,#3511,#3512,#3513,#3514,#3515,#3516
      ,#3517,#3518,#3519,#3520,#3521,#3522,#3523,#3524
  )),.UNSPECIFIED.,.F.,.F.,.F.,(2,2),(9,7,7,7,9),(0.,0.185177701212),(0.
    ,1.571823592537,3.143647185075,4.715470777612,6.28729437015),
  .UNSPECIFIED.);
#3465 = CARTESIAN_POINT('',(3.418961974137,-1.584155E-11,3.387791000445)
  );
#3466 = CARTESIAN_POINT('',(3.418961961438,0.671310246194,3.40341600066)
  );
#3467 = CARTESIAN_POINT('',(3.268319343418,1.342628634359,3.419041001022
    ));
#3468 = CARTESIAN_POINT('',(2.967038414244,1.974486830397,3.434665997879
    ));
#3469 = CARTESIAN_POINT('',(2.527495718145,2.527506069204,3.450291005205
    ));
#3470 = CARTESIAN_POINT('',(1.974496890004,2.967032528444,3.46591599663)
  );
#3471 = CARTESIAN_POINT('',(1.342623200962,3.268320864454,3.481541001702
    ));
#3472 = CARTESIAN_POINT('',(0.671311597637,3.418961961063,3.497166000681
    ));
#3473 = CARTESIAN_POINT('',(-0.671311599274,3.418961978022,
    3.528416000394));
#3474 = CARTESIAN_POINT('',(-1.342623303567,3.268320960163,
    3.544040999053));
#3475 = CARTESIAN_POINT('',(-1.974496551042,2.967032245357,
    3.559666004977));
#3476 = CARTESIAN_POINT('',(-2.527496163835,2.527506351406,
    3.575290995265));
#3477 = CARTESIAN_POINT('',(-2.96703813943,1.974486710163,3.590916003508
    ));
#3478 = CARTESIAN_POINT('',(-3.268319405688,1.342628647564,
    3.606540999842));
#3479 = CARTESIAN_POINT('',(-3.418961970709,0.671310246186,
    3.622166000501));
#3480 = CARTESIAN_POINT('',(-3.418961968891,-0.671310246198,
    3.653416000534));
#3481 = CARTESIAN_POINT('',(-3.268319333627,-1.342628634243,
    3.66904100119));
#3482 = CARTESIAN_POINT('',(-2.967038424278,-1.97448683057,3.6846659977)
  );
#3483 = CARTESIAN_POINT('',(-2.527495710141,-2.527506069025,
    3.700291005362));
#3484 = CARTESIAN_POINT('',(-1.974496894861,-2.967032528527,
    3.715915996531));
#3485 = CARTESIAN_POINT('',(-1.342623198851,-3.268320864425,
    3.731541001737));
#3486 = CARTESIAN_POINT('',(-0.671311598178,-3.418961961053,
    3.747166000677));
#3487 = CARTESIAN_POINT('',(0.671311599814,-3.418961978012,
    3.778416000391));
#3488 = CARTESIAN_POINT('',(1.342623301456,-3.268320960122,
    3.794040999083));
#3489 = CARTESIAN_POINT('',(1.974496555885,-2.96703224549,3.809666004903
    ));
#3490 = CARTESIAN_POINT('',(2.527496155884,-2.527506351133,
    3.825290995389));
#3491 = CARTESIAN_POINT('',(2.967038149381,-1.974486710408,
    3.840916003351));
#3492 = CARTESIAN_POINT('',(3.268319395991,-1.342628647444,3.856541));
#3493 = CARTESIAN_POINT('',(3.418961978077,-0.671310246167,
    3.872166000378));
#3494 = CARTESIAN_POINT('',(3.418961965509,-8.46126E-12,3.88779100059));
#3495 = CARTESIAN_POINT('',(3.574816974142,-1.583578E-11,3.487791000443)
  );
#3496 = CARTESIAN_POINT('',(3.574816961443,0.701912304513,3.503416000658
    ));
#3497 = CARTESIAN_POINT('',(3.417307249329,1.403832756977,3.519041001019
    ));
#3498 = CARTESIAN_POINT('',(3.102292198415,2.064495159684,3.534665997887
    ));
#3499 = CARTESIAN_POINT('',(2.642712892095,2.642723238617,3.550291005169
    ));
#3500 = CARTESIAN_POINT('',(2.06450521486,3.102286315207,3.565915996675)
  );
#3501 = CARTESIAN_POINT('',(1.403827326015,3.417308769688,3.581541001675
    ));
#3502 = CARTESIAN_POINT('',(0.701913655329,3.574816961068,3.597166000679
    ));
#3503 = CARTESIAN_POINT('',(-0.701913656966,3.574816978026,
    3.628416000393));
#3504 = CARTESIAN_POINT('',(-1.40382742862,3.417308865397,3.644040999039
    ));
#3505 = CARTESIAN_POINT('',(-2.064504875899,3.102286032121,3.65966600498
    ));
#3506 = CARTESIAN_POINT('',(-2.642713337785,2.642723520817,
    3.675290995277));
#3507 = CARTESIAN_POINT('',(-3.102291923601,2.064495039451,3.69091600349
    ));
#3508 = CARTESIAN_POINT('',(-3.417307311599,1.403832770182,
    3.706540999845));
#3509 = CARTESIAN_POINT('',(-3.574816970713,0.701912304504,
    3.722166000499));
#3510 = CARTESIAN_POINT('',(-3.574816968895,-0.701912304517,
    3.753416000533));
#3511 = CARTESIAN_POINT('',(-3.417307239538,-1.403832756861,
    3.769041001189));
#3512 = CARTESIAN_POINT('',(-3.102292208448,-2.064495159857,
    3.784665997703));
#3513 = CARTESIAN_POINT('',(-2.642712884092,-2.642723238439,
    3.800291005343));
#3514 = CARTESIAN_POINT('',(-2.064505219718,-3.102286315288,
    3.815915996556));
#3515 = CARTESIAN_POINT('',(-1.403827323904,-3.41730876966,
    3.831541001716));
#3516 = CARTESIAN_POINT('',(-0.701913655871,-3.574816961058,
    3.847166000676));
#3517 = CARTESIAN_POINT('',(0.701913657507,-3.574816978016,3.87841600039
    ));
#3518 = CARTESIAN_POINT('',(1.403827426508,-3.417308865356,
    3.894040999072));
#3519 = CARTESIAN_POINT('',(2.064504880742,-3.102286032254,
    3.909666004896));
#3520 = CARTESIAN_POINT('',(2.642713329834,-2.642723520545,
    3.925290995414));
#3521 = CARTESIAN_POINT('',(3.102291933551,-2.064495039695,
    3.940916003324));
#3522 = CARTESIAN_POINT('',(3.417307301903,-1.403832770063,
    3.956541000006));
#3523 = CARTESIAN_POINT('',(3.574816978082,-0.701912304485,
    3.972166000376));
#3524 = CARTESIAN_POINT('',(3.574816965514,-8.45831E-12,3.987791000589)
  );
#3525 = ADVANCED_FACE('',(#3526),#3602,.T.);
#3526 = FACE_BOUND('',#3527,.T.);
#3527 = EDGE_LOOP('',(#3528,#3599,#3600,#3601));
#3528 = ORIENTED_EDGE('',*,*,#3529,.F.);
#3529 = EDGE_CURVE('',#2553,#2741,#3530,.T.);
#3530 = B_SPLINE_CURVE_WITH_KNOTS('',7,(#3531,#3532,#3533,#3534,#3535,
    #3536,#3537,#3538,#3539,#3540,#3541,#3542,#3543,#3544,#3545,#3546,
    #3547,#3548,#3549,#3550,#3551,#3552,#3553,#3554,#3555,#3556,#3557,
    #3558,#3559,#3560,#3561,#3562,#3563,#3564,#3565,#3566,#3567,#3568,
    #3569,#3570,#3571,#3572,#3573,#3574,#3575,#3576,#3577,#3578,#3579,
    #3580,#3581,#3582,#3583,#3584,#3585,#3586,#3587,#3588,#3589,#3590,
    #3591,#3592,#3593,#3594,#3595,#3596,#3597,#3598),.UNSPECIFIED.,.F.,
  .F.,(8,6,6,6,6,6,6,6,6,6,6,8),(0.,0.124923828238,0.250916989484,
    0.375785414274,0.500779453145,0.521725407743,0.635727078612,
    0.750700315532,0.774222227458,0.878100960631,0.98272984395,1.),
  .UNSPECIFIED.);
#3531 = CARTESIAN_POINT('',(3.4,-1.584244E-11,3.387791000445));
#3532 = CARTESIAN_POINT('',(3.400000000001,0.381185507078,3.396712718506
    ));
#3533 = CARTESIAN_POINT('',(3.350140252745,0.762617011849,3.405640134881
    ));
#3534 = CARTESIAN_POINT('',(3.250312970239,1.136016319483,3.414562779136
    ));
#3535 = CARTESIAN_POINT('',(3.102262977604,1.493664037032,3.42348409851)
  );
#3536 = CARTESIAN_POINT('',(2.908965967406,1.828371207747,3.432406711559
    ));
#3537 = CARTESIAN_POINT('',(2.674644062212,2.133443591519,3.441334168487
    ));
#3538 = CARTESIAN_POINT('',(2.133498138955,2.675067531468,3.459253936271
    ));
#3539 = CARTESIAN_POINT('',(1.825712630634,2.911368499303,3.468258012416
    ));
#3540 = CARTESIAN_POINT('',(1.487795617965,3.105910959179,3.477257032106
    ));
#3541 = CARTESIAN_POINT('',(1.126622529342,3.254372505546,3.486254708796
    ));
#3542 = CARTESIAN_POINT('',(0.74957481596,3.353718942448,3.495253722338)
  );
#3543 = CARTESIAN_POINT('',(0.364580225644,3.402187805514,3.504257798826
    ));
#3544 = CARTESIAN_POINT('',(-0.400871640888,3.397716216714,
    3.522173611744));
#3545 = CARTESIAN_POINT('',(-0.78183587481,3.345674329316,3.531097100063
    ));
#3546 = CARTESIAN_POINT('',(-1.154487530152,3.243757176857,
    3.540015757356));
#3547 = CARTESIAN_POINT('',(-1.511127345987,3.093751158536,
    3.548933113226));
#3548 = CARTESIAN_POINT('',(-1.844592887399,2.898668861444,
    3.557851775881));
#3549 = CARTESIAN_POINT('',(-2.148222714682,2.662764111736,
    3.566775264933));
#3550 = CARTESIAN_POINT('',(-2.684602077946,2.120937872155,3.58461972048
    ));
#3551 = CARTESIAN_POINT('',(-2.9176263795,1.814596290244,3.593552210214)
  );
#3552 = CARTESIAN_POINT('',(-3.109439786743,1.478779458678,
    3.602479826393));
#3553 = CARTESIAN_POINT('',(-3.255844999301,1.120213215685,
    3.611406183158));
#3554 = CARTESIAN_POINT('',(-3.353896157535,0.7461126331,3.620333817133)
  );
#3555 = CARTESIAN_POINT('',(-3.401883345791,0.364218951655,
    3.629266278087));
#3556 = CARTESIAN_POINT('',(-3.399633742679,-8.108837877071E-02,
    3.639688909505));
#3557 = CARTESIAN_POINT('',(-3.397909200666,-0.144993851306,
    3.641184811179));
#3558 = CARTESIAN_POINT('',(-3.394783177155,-0.208855340073,
    3.642680712318));
#3559 = CARTESIAN_POINT('',(-3.390257071214,-0.272635961031,
    3.644176612955));
#3560 = CARTESIAN_POINT('',(-3.384333493482,-0.336298920957,
    3.645672513111));
#3561 = CARTESIAN_POINT('',(-3.377016266157,-0.399807517439,
    3.647168412802));
#3562 = CARTESIAN_POINT('',(-3.32092749468,-0.807741308374,
    3.656805980203));
#3563 = CARTESIAN_POINT('',(-3.232388251322,-1.146856513292,
    3.664951310845));
#3564 = CARTESIAN_POINT('',(-3.103479105383,-1.474287778077,
    3.673093640857));
#3565 = CARTESIAN_POINT('',(-2.936177173094,-1.784368443055,
    3.681234994232));
#3566 = CARTESIAN_POINT('',(-2.733293926642,-2.071887538642,
    3.689377306014));
#3567 = CARTESIAN_POINT('',(-2.498480051026,-2.332081231617,
    3.697522638947));
#3568 = CARTESIAN_POINT('',(-1.972229706836,-2.791663790309,
    3.713875371553));
#3569 = CARTESIAN_POINT('',(-1.68008512639,-2.990727393901,
    3.722090250741));
#3570 = CARTESIAN_POINT('',(-1.364813136038,-3.153829672688,
    3.730301977406));
#3571 = CARTESIAN_POINT('',(-1.031767207729,-3.277928145795,
    3.738512710979));
#3572 = CARTESIAN_POINT('',(-0.686638151025,-3.360902321394,
    3.746724434421));
#3573 = CARTESIAN_POINT('',(-0.335465025685,-3.401549640996,
    3.754939312496));
#3574 = CARTESIAN_POINT('',(8.712707314445E-02,-3.39964120197,
    3.764830240113));
#3575 = CARTESIAN_POINT('',(0.158891891862,-3.397549441913,
    3.766510108489));
#3576 = CARTESIAN_POINT('',(0.230596439284,-3.393690289491,
    3.768189977287));
#3577 = CARTESIAN_POINT('',(0.302188500627,-3.388065909738,
    3.769869846244));
#3578 = CARTESIAN_POINT('',(0.373616012077,-3.380680392874,
    3.771549715077));
#3579 = CARTESIAN_POINT('',(0.444827060791,-3.371539754311,
    3.773229583488));
#3580 = CARTESIAN_POINT('',(0.829071402161,-3.312568559562,
    3.782328173172));
#3581 = CARTESIAN_POINT('',(1.137241367727,-3.230393692018,
    3.789749164717));
#3582 = CARTESIAN_POINT('',(1.435647079999,-3.114802190334,
    3.797168482826));
#3583 = CARTESIAN_POINT('',(1.720007939898,-2.967262695253,
    3.804586740071));
#3584 = CARTESIAN_POINT('',(1.986335226653,-2.789844742242,
    3.812006061973));
#3585 = CARTESIAN_POINT('',(2.230963470559,-2.585202478118,
    3.819427053547));
#3586 = CARTESIAN_POINT('',(2.671969988789,-2.126617630139,
    3.834318069979));
#3587 = CARTESIAN_POINT('',(2.868128365569,-1.872182753297,3.84179271613
    ));
#3588 = CARTESIAN_POINT('',(3.035803984515,-1.596854499956,
    3.849265625563));
#3589 = CARTESIAN_POINT('',(3.172438751387,-1.30448553305,3.856737443708
    ));
#3590 = CARTESIAN_POINT('',(3.276088604604,-0.999235721917,
    3.864210367456));
#3591 = CARTESIAN_POINT('',(3.345439084617,-0.68553883327,3.87168500815)
  );
#3592 = CARTESIAN_POINT('',(3.385715047535,-0.31576987084,3.880390683848
    ));
#3593 = CARTESIAN_POINT('',(3.390473895946,-0.263279311334,3.88162406882
    ));
#3594 = CARTESIAN_POINT('',(3.394283216877,-0.210706130669,
    3.882857454218));
#3595 = CARTESIAN_POINT('',(3.397141328472,-0.158070946657,3.88409084001
    ));
#3596 = CARTESIAN_POINT('',(3.399047109628,-0.105394406934,
    3.885324226241));
#3597 = CARTESIAN_POINT('',(3.4,-5.269718895818E-02,3.886557613034));
#3598 = CARTESIAN_POINT('',(3.4,-8.46256E-12,3.88779100059));
#3599 = ORIENTED_EDGE('',*,*,#2627,.T.);
#3600 = ORIENTED_EDGE('',*,*,#3429,.T.);
#3601 = ORIENTED_EDGE('',*,*,#3156,.F.);
#3602 = B_SPLINE_SURFACE_WITH_KNOTS('',1,8,(
    (#3603,#3604,#3605,#3606,#3607,#3608,#3609,#3610,#3611,#3612,#3613
      ,#3614,#3615,#3616,#3617,#3618,#3619,#3620,#3621,#3622,#3623,#3624
      ,#3625,#3626,#3627,#3628,#3629,#3630,#3631,#3632)
    ,(#3633,#3634,#3635,#3636,#3637,#3638,#3639,#3640,#3641,#3642,#3643
      ,#3644,#3645,#3646,#3647,#3648,#3649,#3650,#3651,#3652,#3653,#3654
      ,#3655,#3656,#3657,#3658,#3659,#3660,#3661,#3662
  )),.UNSPECIFIED.,.F.,.F.,.F.,(2,2),(9,7,7,7,9),(0.,0.15),(0.,
    1.571823592537,3.143647185075,4.715470777612,6.28729437015),
  .UNSPECIFIED.);
#3603 = CARTESIAN_POINT('',(3.268961974138,-1.584688E-11,3.387791000445)
  );
#3604 = CARTESIAN_POINT('',(3.268961961438,0.641857814462,3.40341600066)
  );
#3605 = CARTESIAN_POINT('',(3.124928461599,1.283723765138,3.419041001038
    ));
#3606 = CARTESIAN_POINT('',(2.836865704836,1.887859841255,3.43466599783)
  );
#3607 = CARTESIAN_POINT('',(2.416606904234,2.416617259662,3.450291005276
    ));
#3608 = CARTESIAN_POINT('',(1.887869905126,2.836859816539,3.46591599658)
  );
#3609 = CARTESIAN_POINT('',(1.283718329398,3.124929983285,3.481541001718
    ));
#3610 = CARTESIAN_POINT('',(0.641859166508,3.268961961063,3.497166000681
    ));
#3611 = CARTESIAN_POINT('',(-0.641859168144,3.268961978022,
    3.528416000394));
#3612 = CARTESIAN_POINT('',(-1.283718432003,3.124930078994,
    3.544040999055));
#3613 = CARTESIAN_POINT('',(-1.887869566165,2.836859533452,
    3.559666004988));
#3614 = CARTESIAN_POINT('',(-2.416607349924,2.416617541863,
    3.575290995231));
#3615 = CARTESIAN_POINT('',(-2.836865430022,1.887859721021,
    3.590916003552));
#3616 = CARTESIAN_POINT('',(-3.124928523868,1.283723778342,
    3.606540999815));
#3617 = CARTESIAN_POINT('',(-3.268961970709,0.641857814453,
    3.622166000507));
#3618 = CARTESIAN_POINT('',(-3.268961968891,-0.641857814466,
    3.653416000531));
#3619 = CARTESIAN_POINT('',(-3.124928451807,-1.283723765022,
    3.66904100121));
#3620 = CARTESIAN_POINT('',(-2.83686571487,-1.887859841428,
    3.684665997647));
#3621 = CARTESIAN_POINT('',(-2.41660689623,-2.416617259482,
    3.700291005436));
#3622 = CARTESIAN_POINT('',(-1.887869909984,-2.836859816622,
    3.715915996479));
#3623 = CARTESIAN_POINT('',(-1.283718327286,-3.124929983257,
    3.731541001754));
#3624 = CARTESIAN_POINT('',(-0.641859167049,-3.268961961053,
    3.747166000677));
#3625 = CARTESIAN_POINT('',(0.641859168685,-3.268961978012,
    3.778416000391));
#3626 = CARTESIAN_POINT('',(1.283718429892,-3.124930078953,
    3.794040999092));
#3627 = CARTESIAN_POINT('',(1.887869571007,-2.836859533586,
    3.809666004884));
#3628 = CARTESIAN_POINT('',(2.416607341973,-2.41661754159,3.825290995408
    ));
#3629 = CARTESIAN_POINT('',(2.836865439972,-1.887859721266,
    3.840916003341));
#3630 = CARTESIAN_POINT('',(3.124928514172,-1.283723778223,
    3.856541000002));
#3631 = CARTESIAN_POINT('',(3.268961978078,-0.641857814434,
    3.872166000377));
#3632 = CARTESIAN_POINT('',(3.26896196551,-8.46021E-12,3.88779100059));
#3633 = CARTESIAN_POINT('',(3.418961974137,-1.584155E-11,3.387791000445)
  );
#3634 = CARTESIAN_POINT('',(3.418961961438,0.671310246194,3.40341600066)
  );
#3635 = CARTESIAN_POINT('',(3.268319343418,1.342628634359,3.419041001022
    ));
#3636 = CARTESIAN_POINT('',(2.967038414244,1.974486830397,3.434665997879
    ));
#3637 = CARTESIAN_POINT('',(2.527495718145,2.527506069204,3.450291005205
    ));
#3638 = CARTESIAN_POINT('',(1.974496890004,2.967032528444,3.46591599663)
  );
#3639 = CARTESIAN_POINT('',(1.342623200962,3.268320864454,3.481541001702
    ));
#3640 = CARTESIAN_POINT('',(0.671311597637,3.418961961063,3.497166000681
    ));
#3641 = CARTESIAN_POINT('',(-0.671311599274,3.418961978022,
    3.528416000394));
#3642 = CARTESIAN_POINT('',(-1.342623303567,3.268320960163,
    3.544040999053));
#3643 = CARTESIAN_POINT('',(-1.974496551042,2.967032245357,
    3.559666004977));
#3644 = CARTESIAN_POINT('',(-2.527496163835,2.527506351406,
    3.575290995265));
#3645 = CARTESIAN_POINT('',(-2.96703813943,1.974486710163,3.590916003508
    ));
#3646 = CARTESIAN_POINT('',(-3.268319405688,1.342628647564,
    3.606540999842));
#3647 = CARTESIAN_POINT('',(-3.418961970709,0.671310246186,
    3.622166000501));
#3648 = CARTESIAN_POINT('',(-3.418961968891,-0.671310246198,
    3.653416000534));
#3649 = CARTESIAN_POINT('',(-3.268319333627,-1.342628634243,
    3.66904100119));
#3650 = CARTESIAN_POINT('',(-2.967038424278,-1.97448683057,3.6846659977)
  );
#3651 = CARTESIAN_POINT('',(-2.527495710141,-2.527506069025,
    3.700291005362));
#3652 = CARTESIAN_POINT('',(-1.974496894861,-2.967032528527,
    3.715915996531));
#3653 = CARTESIAN_POINT('',(-1.342623198851,-3.268320864425,
    3.731541001737));
#3654 = CARTESIAN_POINT('',(-0.671311598178,-3.418961961053,
    3.747166000677));
#3655 = CARTESIAN_POINT('',(0.671311599814,-3.418961978012,
    3.778416000391));
#3656 = CARTESIAN_POINT('',(1.342623301456,-3.268320960122,
    3.794040999083));
#3657 = CARTESIAN_POINT('',(1.974496555885,-2.96703224549,3.809666004903
    ));
#3658 = CARTESIAN_POINT('',(2.527496155884,-2.527506351133,
    3.825290995389));
#3659 = CARTESIAN_POINT('',(2.967038149381,-1.974486710408,
    3.840916003351));
#3660 = CARTESIAN_POINT('',(3.268319395991,-1.342628647444,3.856541));
#3661 = CARTESIAN_POINT('',(3.418961978077,-0.671310246167,
    3.872166000378));
#3662 = CARTESIAN_POINT('',(3.418961965509,-8.46126E-12,3.88779100059));
#3663 = ADVANCED_FACE('',(#3664),#3670,.F.);
#3664 = FACE_BOUND('',#3665,.F.);
#3665 = EDGE_LOOP('',(#3666,#3667,#3668,#3669));
#3666 = ORIENTED_EDGE('',*,*,#2765,.F.);
#3667 = ORIENTED_EDGE('',*,*,#3529,.F.);
#3668 = ORIENTED_EDGE('',*,*,#2696,.T.);
#3669 = ORIENTED_EDGE('',*,*,#3225,.T.);
#3670 = CYLINDRICAL_SURFACE('',#3671,3.4);
#3671 = AXIS2_PLACEMENT_3D('',#3672,#3673,#3674);
#3672 = CARTESIAN_POINT('',(0.,0.,4.));
#3673 = DIRECTION('',(0.,0.,1.));
#3674 = DIRECTION('',(1.,0.,0.));
#3675 = ( GEOMETRIC_REPRESENTATION_CONTEXT(3) 
GLOBAL_UNCERTAINTY_ASSIGNED_CONTEXT((#3679)) 
GLOBAL_UNIT_ASSIGNED_CONTEXT((#3676,#3677,#3678)) REPRESENTATION_CONTEXT
('Context #1','3D Context with UNIT and UNCERTAINTY') );
#3676 = ( LENGTH_UNIT() NAMED_UNIT(*) SI_UNIT(.MILLI.,.METRE.) );
#3677 = ( NAMED_UNIT(*) PLANE_ANGLE_UNIT() SI_UNIT($,.RADIAN.) );
#3678 = ( NAMED_UNIT(*) SI_UNIT($,.STERADIAN.) SOLID_ANGLE_UNIT() );
#3679 = UNCERTAINTY_MEASURE_WITH_UNIT(LENGTH_MEASURE(1.E-06),#3676,
  'distance_accuracy_value','confusion accuracy');
#3680 = CONTEXT_DEPENDENT_SHAPE_REPRESENTATION(#3681,#3683);
#3681 = ( REPRESENTATION_RELATIONSHIP('','',#44,#10) 
REPRESENTATION_RELATIONSHIP_WITH_TRANSFORMATION(#3682) 
SHAPE_REPRESENTATION_RELATIONSHIP() );
#3682 = ITEM_DEFINED_TRANSFORMATION('','',#11,#15);
#3683 = PRODUCT_DEFINITION_SHAPE('Placement','Placement of an item',
  #3684);
#3684 = NEXT_ASSEMBLY_USAGE_OCCURRENCE('1','box','',#5,#39,$);
#3685 = PRODUCT_RELATED_PRODUCT_CATEGORY('part',$,(#41));
#3686 = SHAPE_DEFINITION_REPRESENTATION(#3687,#3693);
#3687 = PRODUCT_DEFINITION_SHAPE('','',#3688);
#3688 = PRODUCT_DEFINITION('design','',#3689,#3692);
#3689 = PRODUCT_DEFINITION_FORMATION('','',#3690);
#3690 = PRODUCT('objective','objective','',(#3691));
#3691 = PRODUCT_CONTEXT('',#2,'mechanical');
#3692 = PRODUCT_DEFINITION_CONTEXT('part definition',#2,'design');
#3693 = SHAPE_REPRESENTATION('',(#11,#3694,#3698),#3702);
#3694 = AXIS2_PLACEMENT_3D('',#3695,#3696,#3697);
#3695 = CARTESIAN_POINT('',(0.,0.,4.92));
#3696 = DIRECTION('',(0.,0.,1.));
#3697 = DIRECTION('',(1.,0.,0.));
#3698 = AXIS2_PLACEMENT_3D('',#3699,#3700,#3701);
#3699 = CARTESIAN_POINT('',(0.,0.,4.89));
#3700 = DIRECTION('',(0.,0.,1.));
#3701 = DIRECTION('',(1.,0.,0.));
#3702 = ( GEOMETRIC_REPRESENTATION_CONTEXT(3) 
GLOBAL_UNCERTAINTY_ASSIGNED_CONTEXT((#3706)) 
GLOBAL_UNIT_ASSIGNED_CONTEXT((#3703,#3704,#3705)) REPRESENTATION_CONTEXT
('Context #1','3D Context with UNIT and UNCERTAINTY') );
#3703 = ( LENGTH_UNIT() NAMED_UNIT(*) SI_UNIT(.MILLI.,.METRE.) );
#3704 = ( NAMED_UNIT(*) PLANE_ANGLE_UNIT() SI_UNIT($,.RADIAN.) );
#3705 = ( NAMED_UNIT(*) SI_UNIT($,.STERADIAN.) SOLID_ANGLE_UNIT() );
#3706 = UNCERTAINTY_MEASURE_WITH_UNIT(LENGTH_MEASURE(1.E-06),#3703,
  'distance_accuracy_value','confusion accuracy');
#3707 = CONTEXT_DEPENDENT_SHAPE_REPRESENTATION(#3708,#3710);
#3708 = ( REPRESENTATION_RELATIONSHIP('','',#3693,#10) 
REPRESENTATION_RELATIONSHIP_WITH_TRANSFORMATION(#3709) 
SHAPE_REPRESENTATION_RELATIONSHIP() );
#3709 = ITEM_DEFINED_TRANSFORMATION('','',#11,#19);
#3710 = PRODUCT_DEFINITION_SHAPE('Placement','Placement of an item',
  #3711);
#3711 = NEXT_ASSEMBLY_USAGE_OCCURRENCE('4','objective','',#5,#3688,$);
#3712 = PRODUCT_RELATED_PRODUCT_CATEGORY('part',$,(#3690));
#3713 = SHAPE_DEFINITION_REPRESENTATION(#3714,#3720);
#3714 = PRODUCT_DEFINITION_SHAPE('','',#3715);
#3715 = PRODUCT_DEFINITION('design','',#3716,#3719);
#3716 = PRODUCT_DEFINITION_FORMATION('','',#3717);
#3717 = PRODUCT('Body','Body','',(#3718));
#3718 = PRODUCT_CONTEXT('',#2,'mechanical');
#3719 = PRODUCT_DEFINITION_CONTEXT('part definition',#2,'design');
#3720 = ADVANCED_BREP_SHAPE_REPRESENTATION('',(#11,#3721),#6415);
#3721 = MANIFOLD_SOLID_BREP('',#3722);
#3722 = CLOSED_SHELL('',(#3723,#3751,#3804,#3829,#3884,#3960,#3984,#4131
    ,#4151,#4187,#4241,#4381,#4417,#4608,#4680,#4705,#4811,#4951,#5023,
    #5096,#5337,#5362,#5469,#5561,#5634,#5681,#5750,#5798,#5818,#5973,
    #6190,#6208,#6226,#6244,#6262,#6280,#6298,#6316,#6334,#6345,#6355,
    #6365,#6375,#6385,#6395,#6405));
#3723 = ADVANCED_FACE('',(#3724,#3735),#3746,.F.);
#3724 = FACE_BOUND('',#3725,.F.);
#3725 = EDGE_LOOP('',(#3726));
#3726 = ORIENTED_EDGE('',*,*,#3727,.F.);
#3727 = EDGE_CURVE('',#3728,#3728,#3730,.T.);
#3728 = VERTEX_POINT('',#3729);
#3729 = CARTESIAN_POINT('',(3.15,0.,-2.));
#3730 = CIRCLE('',#3731,3.15);
#3731 = AXIS2_PLACEMENT_3D('',#3732,#3733,#3734);
#3732 = CARTESIAN_POINT('',(0.,0.,-2.));
#3733 = DIRECTION('',(0.,0.,-1.));
#3734 = DIRECTION('',(1.,0.,0.));
#3735 = FACE_BOUND('',#3736,.F.);
#3736 = EDGE_LOOP('',(#3737));
#3737 = ORIENTED_EDGE('',*,*,#3738,.T.);
#3738 = EDGE_CURVE('',#3739,#3739,#3741,.T.);
#3739 = VERTEX_POINT('',#3740);
#3740 = CARTESIAN_POINT('',(2.5,0.,-2.));
#3741 = CIRCLE('',#3742,2.5);
#3742 = AXIS2_PLACEMENT_3D('',#3743,#3744,#3745);
#3743 = CARTESIAN_POINT('',(0.,0.,-2.));
#3744 = DIRECTION('',(0.,0.,-1.));
#3745 = DIRECTION('',(1.,0.,0.));
#3746 = PLANE('',#3747);
#3747 = AXIS2_PLACEMENT_3D('',#3748,#3749,#3750);
#3748 = CARTESIAN_POINT('',(-2.3E-16,-7.E-17,-2.));
#3749 = DIRECTION('',(0.,0.,1.));
#3750 = DIRECTION('',(1.,0.,0.));
#3751 = ADVANCED_FACE('',(#3752),#3799,.T.);
#3752 = FACE_BOUND('',#3753,.F.);
#3753 = EDGE_LOOP('',(#3754,#3755,#3763,#3772,#3781,#3791,#3798));
#3754 = ORIENTED_EDGE('',*,*,#3727,.T.);
#3755 = ORIENTED_EDGE('',*,*,#3756,.T.);
#3756 = EDGE_CURVE('',#3728,#3757,#3759,.T.);
#3757 = VERTEX_POINT('',#3758);
#3758 = CARTESIAN_POINT('',(3.35,0.,-1.8));
#3759 = LINE('',#3760,#3761);
#3760 = CARTESIAN_POINT('',(3.35,0.,-1.8));
#3761 = VECTOR('',#3762,1.);
#3762 = DIRECTION('',(0.707106781187,0.,0.707106781187));
#3763 = ORIENTED_EDGE('',*,*,#3764,.F.);
#3764 = EDGE_CURVE('',#3765,#3757,#3767,.T.);
#3765 = VERTEX_POINT('',#3766);
#3766 = CARTESIAN_POINT('',(-1.035160516909,-3.186054410118,-1.8));
#3767 = CIRCLE('',#3768,3.35);
#3768 = AXIS2_PLACEMENT_3D('',#3769,#3770,#3771);
#3769 = CARTESIAN_POINT('',(0.,0.,-1.8));
#3770 = DIRECTION('',(0.,0.,-1.));
#3771 = DIRECTION('',(1.,0.,0.));
#3772 = ORIENTED_EDGE('',*,*,#3773,.T.);
#3773 = EDGE_CURVE('',#3765,#3774,#3776,.T.);
#3774 = VERTEX_POINT('',#3775);
#3775 = CARTESIAN_POINT('',(-1.034396032341,-3.183701569696,
    -1.802473922938));
#3776 = HYPERBOLA('',#3777,4.928289693868E-05,4.928289693868E-05);
#3777 = AXIS2_PLACEMENT_3D('',#3778,#3779,#3780);
#3778 = CARTESIAN_POINT('',(4.687081809249E-05,-1.522925940448E-05,-5.15
    ));
#3779 = DIRECTION('',(-0.951056472001,0.309017130698,1.072E-14));
#3780 = DIRECTION('',(1.019655459153E-14,-3.308880518381E-15,1.));
#3781 = ORIENTED_EDGE('',*,*,#3782,.F.);
#3782 = EDGE_CURVE('',#3783,#3774,#3785,.T.);
#3783 = VERTEX_POINT('',#3784);
#3784 = CARTESIAN_POINT('',(-0.873245552813,-3.234183390671,-1.8));
#3785 = B_SPLINE_CURVE_WITH_KNOTS('',4,(#3786,#3787,#3788,#3789,#3790),
  .UNSPECIFIED.,.F.,.F.,(5,5),(0.,1.),.PIECEWISE_BEZIER_KNOTS.);
#3786 = CARTESIAN_POINT('',(-0.873245552813,-3.234183390671,-1.8));
#3787 = CARTESIAN_POINT('',(-0.913845414847,-3.22258079489,
    -1.800618290621));
#3788 = CARTESIAN_POINT('',(-0.954248573842,-3.210296289339,
    -1.801236703333));
#3789 = CARTESIAN_POINT('',(-0.99443778098,-3.197334666437,
    -1.80185524073));
#3790 = CARTESIAN_POINT('',(-1.03439603234,-3.183701569696,
    -1.802473922939));
#3791 = ORIENTED_EDGE('',*,*,#3792,.F.);
#3792 = EDGE_CURVE('',#3757,#3783,#3793,.T.);
#3793 = CIRCLE('',#3794,3.35);
#3794 = AXIS2_PLACEMENT_3D('',#3795,#3796,#3797);
#3795 = CARTESIAN_POINT('',(0.,0.,-1.8));
#3796 = DIRECTION('',(0.,0.,-1.));
#3797 = DIRECTION('',(1.,0.,0.));
#3798 = ORIENTED_EDGE('',*,*,#3756,.F.);
#3799 = CONICAL_SURFACE('',#3800,3.35,0.785398163397);
#3800 = AXIS2_PLACEMENT_3D('',#3801,#3802,#3803);
#3801 = CARTESIAN_POINT('',(0.,0.,-1.8));
#3802 = DIRECTION('',(0.,0.,1.));
#3803 = DIRECTION('',(1.,0.,0.));
#3804 = ADVANCED_FACE('',(#3805),#3824,.F.);
#3805 = FACE_BOUND('',#3806,.T.);
#3806 = EDGE_LOOP('',(#3807,#3815,#3816,#3817));
#3807 = ORIENTED_EDGE('',*,*,#3808,.T.);
#3808 = EDGE_CURVE('',#3809,#3739,#3811,.T.);
#3809 = VERTEX_POINT('',#3810);
#3810 = CARTESIAN_POINT('',(2.5,0.,0.));
#3811 = LINE('',#3812,#3813);
#3812 = CARTESIAN_POINT('',(2.5,0.,0.));
#3813 = VECTOR('',#3814,1.);
#3814 = DIRECTION('',(0.,0.,-1.));
#3815 = ORIENTED_EDGE('',*,*,#3738,.T.);
#3816 = ORIENTED_EDGE('',*,*,#3808,.F.);
#3817 = ORIENTED_EDGE('',*,*,#3818,.F.);
#3818 = EDGE_CURVE('',#3809,#3809,#3819,.T.);
#3819 = CIRCLE('',#3820,2.5);
#3820 = AXIS2_PLACEMENT_3D('',#3821,#3822,#3823);
#3821 = CARTESIAN_POINT('',(0.,0.,0.));
#3822 = DIRECTION('',(0.,0.,-1.));
#3823 = DIRECTION('',(1.,0.,0.));
#3824 = CYLINDRICAL_SURFACE('',#3825,2.5);
#3825 = AXIS2_PLACEMENT_3D('',#3826,#3827,#3828);
#3826 = CARTESIAN_POINT('',(0.,0.,0.));
#3827 = DIRECTION('',(0.,0.,1.));
#3828 = DIRECTION('',(1.,0.,0.));
#3829 = ADVANCED_FACE('',(#3830),#3879,.T.);
#3830 = FACE_BOUND('',#3831,.F.);
#3831 = EDGE_LOOP('',(#3832,#3847,#3853,#3854));
#3832 = ORIENTED_EDGE('',*,*,#3833,.F.);
#3833 = EDGE_CURVE('',#3834,#3836,#3838,.T.);
#3834 = VERTEX_POINT('',#3835);
#3835 = CARTESIAN_POINT('',(3.35,0.,-1.750000000004));
#3836 = VERTEX_POINT('',#3837);
#3837 = CARTESIAN_POINT('',(3.183784151114,-1.042122103745,
    -1.775172975281));
#3838 = B_SPLINE_CURVE_WITH_KNOTS('',4,(#3839,#3840,#3841,#3842,#3843,
    #3844,#3845,#3846),.UNSPECIFIED.,.F.,.F.,(5,3,5),(0.,0.502000548265,
    1.),.UNSPECIFIED.);
#3839 = CARTESIAN_POINT('',(3.350000000018,0.,-1.750000000004));
#3840 = CARTESIAN_POINT('',(3.350000000018,-0.132993373679,
    -1.753159204286));
#3841 = CARTESIAN_POINT('',(3.342960290113,-0.265987026458,
    -1.756318423238));
#3842 = CARTESIAN_POINT('',(3.328880934031,-0.398420576543,
    -1.759477637773));
#3843 = CARTESIAN_POINT('',(3.286987673783,-0.660013969253,
    -1.765770880863));
#3844 = CARTESIAN_POINT('',(3.25928403151,-0.789192131903,
    -1.768904913235));
#3845 = CARTESIAN_POINT('',(3.224826139705,-0.916734846019,
    -1.772038945171));
#3846 = CARTESIAN_POINT('',(3.183784151114,-1.042122103745,
    -1.775172975281));
#3847 = ORIENTED_EDGE('',*,*,#3848,.T.);
#3848 = EDGE_CURVE('',#3834,#3757,#3849,.T.);
#3849 = LINE('',#3850,#3851);
#3850 = CARTESIAN_POINT('',(3.35,0.,0.));
#3851 = VECTOR('',#3852,1.);
#3852 = DIRECTION('',(0.,0.,-1.));
#3853 = ORIENTED_EDGE('',*,*,#3792,.T.);
#3854 = ORIENTED_EDGE('',*,*,#3855,.T.);
#3855 = EDGE_CURVE('',#3783,#3836,#3856,.T.);
#3856 = B_SPLINE_CURVE_WITH_KNOTS('',6,(#3857,#3858,#3859,#3860,#3861,
    #3862,#3863,#3864,#3865,#3866,#3867,#3868,#3869,#3870,#3871,#3872,
    #3873,#3874,#3875,#3876,#3877,#3878),.UNSPECIFIED.,.F.,.F.,(7,5,5,5,
    7),(0.,0.2512150963,0.501242938499,0.751270769941,1.),
  .UNSPECIFIED.);
#3857 = CARTESIAN_POINT('',(-0.873364217898,-3.234151348174,-1.8000006)
  );
#3858 = CARTESIAN_POINT('',(-0.66778266764,-3.289667479161,
    -1.798961123732));
#3859 = CARTESIAN_POINT('',(-0.457957499072,-3.329504449848,
    -1.797921553912));
#3860 = CARTESIAN_POINT('',(-0.245402884279,-3.353250704977,
    -1.796881973263));
#3861 = CARTESIAN_POINT('',(-3.165583605205E-02,-3.360702735307,
    -1.795842551423));
#3862 = CARTESIAN_POINT('',(0.181733528973,-3.351838113937,
    -1.794803020094));
#3863 = CARTESIAN_POINT('',(0.603681327486,-3.30196715193,
    -1.792728948017));
#3864 = CARTESIAN_POINT('',(0.812275896408,-3.261110778375,
    -1.791694310539));
#3865 = CARTESIAN_POINT('',(1.017454383276,-3.204453534086,
    -1.790659699504));
#3866 = CARTESIAN_POINT('',(1.217735541458,-3.132372231414,
    -1.78962511674));
#3867 = CARTESIAN_POINT('',(1.411692055109,-3.045413561377,
    -1.788590497363));
#3868 = CARTESIAN_POINT('',(1.784239074149,-2.843221613011,
    -1.786521347395));
#3869 = CARTESIAN_POINT('',(1.96284545905,-2.727979717879,
    -1.785486729816));
#3870 = CARTESIAN_POINT('',(2.132423983699,-2.599327570618,
    -1.784452149587));
#3871 = CARTESIAN_POINT('',(2.291738475429,-2.458164030373,
    -1.783417545829));
#3872 = CARTESIAN_POINT('',(2.439665798732,-2.3055257546,-1.782382905318
    ));
#3873 = CARTESIAN_POINT('',(2.710067201881,-1.980527352177,
    -1.780319107343));
#3874 = CARTESIAN_POINT('',(2.832680838559,-1.808260136702,
    -1.779289862634));
#3875 = CARTESIAN_POINT('',(2.942083679116,-1.626970789235,
    -1.778260687181));
#3876 = CARTESIAN_POINT('',(3.037472329944,-1.437931605194,
    -1.777231481503));
#3877 = CARTESIAN_POINT('',(3.118196281423,-1.242499410089,
    -1.776202200915));
#3878 = CARTESIAN_POINT('',(3.183784151115,-1.042122103744,
    -1.775172975281));
#3879 = CYLINDRICAL_SURFACE('',#3880,3.35);
#3880 = AXIS2_PLACEMENT_3D('',#3881,#3882,#3883);
#3881 = CARTESIAN_POINT('',(0.,0.,0.));
#3882 = DIRECTION('',(0.,0.,1.));
#3883 = DIRECTION('',(1.,0.,0.));
#3884 = ADVANCED_FACE('',(#3885),#3935,.T.);
#3885 = FACE_BOUND('',#3886,.T.);
#3886 = EDGE_LOOP('',(#3887,#3904,#3911,#3928,#3933,#3934));
#3887 = ORIENTED_EDGE('',*,*,#3888,.F.);
#3888 = EDGE_CURVE('',#3889,#3836,#3891,.T.);
#3889 = VERTEX_POINT('',#3890);
#3890 = CARTESIAN_POINT('',(3.38,0.,-1.750000000004));
#3891 = B_SPLINE_CURVE_WITH_KNOTS('',11,(#3892,#3893,#3894,#3895,#3896,
    #3897,#3898,#3899,#3900,#3901,#3902,#3903),.UNSPECIFIED.,.F.,.F.,(12
    ,12),(0.,2.13378948924),.PIECEWISE_BEZIER_KNOTS.);
#3892 = CARTESIAN_POINT('',(3.38,0.,-1.750000000004));
#3893 = CARTESIAN_POINT('',(3.36374881465,-0.579192303304,-1.76363636364
    ));
#3894 = CARTESIAN_POINT('',(3.238324521963,-1.152248726949,
    -1.777272727253));
#3895 = CARTESIAN_POINT('',(3.00564371209,-1.696344899835,
    -1.790909091007));
#3896 = CARTESIAN_POINT('',(2.673050922936,-2.189123266743,
    -1.804545454333));
#3897 = CARTESIAN_POINT('',(2.252959009609,-2.610536751604,
    -1.81818181849));
#3898 = CARTESIAN_POINT('',(1.762541892107,-2.943625400126,
    -1.831818181545));
#3899 = CARTESIAN_POINT('',(1.222052225365,-3.176322623203,
    -1.845454545625));
#3900 = CARTESIAN_POINT('',(0.654230325462,-3.301595915923,
    -1.859090909032));
#3901 = CARTESIAN_POINT('',(8.196183463655E-02,-3.318048061184,
    -1.872727272739));
#3902 = CARTESIAN_POINT('',(-0.472498380317,-3.229534415722,
    -1.886363636366));
#3903 = CARTESIAN_POINT('',(-0.989190189588,-3.04457235953,
    -1.900000000005));
#3904 = ORIENTED_EDGE('',*,*,#3905,.T.);
#3905 = EDGE_CURVE('',#3889,#3906,#3908,.T.);
#3906 = VERTEX_POINT('',#3907);
#3907 = CARTESIAN_POINT('',(3.53,1.E-15,-1.650000000001));
#3908 = B_SPLINE_CURVE_WITH_KNOTS('',1,(#3909,#3910),.UNSPECIFIED.,.F.,
  .F.,(2,2),(0.,0.180277563773),.PIECEWISE_BEZIER_KNOTS.);
#3909 = CARTESIAN_POINT('',(3.38,4.4E-16,-1.750000000004));
#3910 = CARTESIAN_POINT('',(3.53,0.,-1.649999999998));
#3911 = ORIENTED_EDGE('',*,*,#3912,.T.);
#3912 = EDGE_CURVE('',#3906,#3913,#3915,.T.);
#3913 = VERTEX_POINT('',#3914);
#3914 = CARTESIAN_POINT('',(-1.035542759193,-3.18723083033,
    -1.800000000003));
#3915 = B_SPLINE_CURVE_WITH_KNOTS('',11,(#3916,#3917,#3918,#3919,#3920,
    #3921,#3922,#3923,#3924,#3925,#3926,#3927),.UNSPECIFIED.,.F.,.F.,(12
    ,12),(0.,2.13378948924),.PIECEWISE_BEZIER_KNOTS.);
#3916 = CARTESIAN_POINT('',(3.53,-4.4E-16,-1.649999999998));
#3917 = CARTESIAN_POINT('',(3.51374881465,-0.60489624458,-1.663636363634
    ));
#3918 = CARTESIAN_POINT('',(3.383479442375,-1.203656613522,
    -1.677272727247));
#3919 = CARTESIAN_POINT('',(3.14110847603,-1.772441967364,
    -1.690909091001));
#3920 = CARTESIAN_POINT('',(2.794219537676,-2.287880039686,
    -1.704545454328));
#3921 = CARTESIAN_POINT('',(2.355703701625,-2.728973324051,
    -1.718181818484));
#3922 = CARTESIAN_POINT('',(1.843431890995,-3.077940334266,
    -1.731818181539));
#3923 = CARTESIAN_POINT('',(1.278532315715,-3.322078353038,
    -1.745454545619));
#3924 = CARTESIAN_POINT('',(0.684742001415,-3.45394585387,
    -1.759090909026));
#3925 = CARTESIAN_POINT('',(8.599828085175E-02,-3.471984505285,
    -1.772727272733));
#3926 = CARTESIAN_POINT('',(-0.49440505021,-3.380135844705,
    -1.78636363636));
#3927 = CARTESIAN_POINT('',(-1.035542759193,-3.18723083033,
    -1.799999999999));
#3928 = ORIENTED_EDGE('',*,*,#3929,.F.);
#3929 = EDGE_CURVE('',#3774,#3913,#3930,.T.);
#3930 = B_SPLINE_CURVE_WITH_KNOTS('',1,(#3931,#3932),.UNSPECIFIED.,.F.,
  .F.,(2,2),(0.,0.180277563773),.PIECEWISE_BEZIER_KNOTS.);
#3931 = CARTESIAN_POINT('',(-0.989190189588,-3.044572359529,
    -1.900000000005));
#3932 = CARTESIAN_POINT('',(-1.035542759193,-3.18723083033,
    -1.799999999999));
#3933 = ORIENTED_EDGE('',*,*,#3782,.F.);
#3934 = ORIENTED_EDGE('',*,*,#3855,.T.);
#3935 = B_SPLINE_SURFACE_WITH_KNOTS('',1,11,(
    (#3936,#3937,#3938,#3939,#3940,#3941,#3942,#3943,#3944,#3945,#3946
      ,#3947)
    ,(#3948,#3949,#3950,#3951,#3952,#3953,#3954,#3955,#3956,#3957,#3958
      ,#3959
    )),.UNSPECIFIED.,.F.,.F.,.F.,(2,2),(12,12),(0.,0.180277563773),(0.,
    2.13378948924),.PIECEWISE_BEZIER_KNOTS.);
#3936 = CARTESIAN_POINT('',(3.38,0.,-1.750000000004));
#3937 = CARTESIAN_POINT('',(3.36374881465,-0.579192303304,-1.76363636364
    ));
#3938 = CARTESIAN_POINT('',(3.238324521963,-1.152248726949,
    -1.777272727253));
#3939 = CARTESIAN_POINT('',(3.005643712091,-1.696344899835,
    -1.790909091007));
#3940 = CARTESIAN_POINT('',(2.673050922936,-2.189123266743,
    -1.804545454333));
#3941 = CARTESIAN_POINT('',(2.25295900961,-2.610536751604,-1.81818181849
    ));
#3942 = CARTESIAN_POINT('',(1.762541892107,-2.943625400125,
    -1.831818181545));
#3943 = CARTESIAN_POINT('',(1.222052225364,-3.176322623204,
    -1.845454545625));
#3944 = CARTESIAN_POINT('',(0.654230325462,-3.301595915922,
    -1.859090909032));
#3945 = CARTESIAN_POINT('',(8.196183463664E-02,-3.318048061184,
    -1.872727272739));
#3946 = CARTESIAN_POINT('',(-0.472498380317,-3.229534415722,
    -1.886363636366));
#3947 = CARTESIAN_POINT('',(-0.989190189588,-3.04457235953,
    -1.900000000005));
#3948 = CARTESIAN_POINT('',(3.53,-4.4E-16,-1.649999999998));
#3949 = CARTESIAN_POINT('',(3.51374881465,-0.60489624458,-1.663636363634
    ));
#3950 = CARTESIAN_POINT('',(3.383479442375,-1.203656613522,
    -1.677272727247));
#3951 = CARTESIAN_POINT('',(3.14110847603,-1.772441967364,
    -1.690909091001));
#3952 = CARTESIAN_POINT('',(2.794219537676,-2.287880039686,
    -1.704545454328));
#3953 = CARTESIAN_POINT('',(2.355703701625,-2.728973324051,
    -1.718181818484));
#3954 = CARTESIAN_POINT('',(1.843431890995,-3.077940334266,
    -1.731818181539));
#3955 = CARTESIAN_POINT('',(1.278532315715,-3.322078353038,
    -1.745454545619));
#3956 = CARTESIAN_POINT('',(0.684742001415,-3.45394585387,
    -1.759090909026));
#3957 = CARTESIAN_POINT('',(8.599828085175E-02,-3.471984505285,
    -1.772727272733));
#3958 = CARTESIAN_POINT('',(-0.49440505021,-3.380135844705,
    -1.78636363636));
#3959 = CARTESIAN_POINT('',(-1.035542759193,-3.18723083033,
    -1.799999999999));
#3960 = ADVANCED_FACE('',(#3961),#3979,.T.);
#3961 = FACE_BOUND('',#3962,.T.);
#3962 = EDGE_LOOP('',(#3963,#3971,#3977,#3978));
#3963 = ORIENTED_EDGE('',*,*,#3964,.F.);
#3964 = EDGE_CURVE('',#3965,#3913,#3967,.T.);
#3965 = VERTEX_POINT('',#3966);
#3966 = CARTESIAN_POINT('',(-1.035160516909,-3.186054410118,
    -1.799175359025));
#3967 = LINE('',#3968,#3969);
#3968 = CARTESIAN_POINT('',(-0.989190189588,-3.044572359529,
    -1.700000000004));
#3969 = VECTOR('',#3970,1.);
#3970 = DIRECTION('',(-0.257117794553,-0.79132681746,-0.554700196225));
#3971 = ORIENTED_EDGE('',*,*,#3972,.F.);
#3972 = EDGE_CURVE('',#3765,#3965,#3973,.T.);
#3973 = LINE('',#3974,#3975);
#3974 = CARTESIAN_POINT('',(-1.035160516909,-3.186054410118,-0.));
#3975 = VECTOR('',#3976,1.);
#3976 = DIRECTION('',(0.,0.,1.));
#3977 = ORIENTED_EDGE('',*,*,#3773,.T.);
#3978 = ORIENTED_EDGE('',*,*,#3929,.T.);
#3979 = PLANE('',#3980);
#3980 = AXIS2_PLACEMENT_3D('',#3981,#3982,#3983);
#3981 = CARTESIAN_POINT('',(-0.999220096433,-3.075441223649,
    -1.800000000004));
#3982 = DIRECTION('',(-0.951056472001,0.309017130698,1.072E-14));
#3983 = DIRECTION('',(-0.309017130698,-0.951056472001,0.));
#3984 = ADVANCED_FACE('',(#3985),#4126,.T.);
#3985 = FACE_BOUND('',#3986,.F.);
#3986 = EDGE_LOOP('',(#3987,#3988,#4073,#4081,#4094,#4124,#4125));
#3987 = ORIENTED_EDGE('',*,*,#3848,.F.);
#3988 = ORIENTED_EDGE('',*,*,#3989,.T.);
#3989 = EDGE_CURVE('',#3834,#3990,#3992,.T.);
#3990 = VERTEX_POINT('',#3991);
#3991 = CARTESIAN_POINT('',(3.35,-3.6823E-11,-1.249999999858));
#3992 = B_SPLINE_CURVE_WITH_KNOTS('',7,(#3993,#3994,#3995,#3996,#3997,
    #3998,#3999,#4000,#4001,#4002,#4003,#4004,#4005,#4006,#4007,#4008,
    #4009,#4010,#4011,#4012,#4013,#4014,#4015,#4016,#4017,#4018,#4019,
    #4020,#4021,#4022,#4023,#4024,#4025,#4026,#4027,#4028,#4029,#4030,
    #4031,#4032,#4033,#4034,#4035,#4036,#4037,#4038,#4039,#4040,#4041,
    #4042,#4043,#4044,#4045,#4046,#4047,#4048,#4049,#4050,#4051,#4052,
    #4053,#4054,#4055,#4056,#4057,#4058,#4059,#4060,#4061,#4062,#4063,
    #4064,#4065,#4066,#4067,#4068,#4069,#4070,#4071,#4072),
  .UNSPECIFIED.,.F.,.F.,(8,6,6,6,6,6,6,6,6,6,6,6,6,8),(0.,0.124914469166
    ,0.250905630104,0.375751361117,0.500743409726,0.523194728755,
    0.543197593572,0.583203215489,0.63721055125,0.681216698634,
    0.749225132633,0.863063094549,0.982679896988,1.),.UNSPECIFIED.);
#3993 = CARTESIAN_POINT('',(3.35,8.9E-16,-1.750000000004));
#3994 = CARTESIAN_POINT('',(3.35,0.375558032507,-1.74107879987));
#3995 = CARTESIAN_POINT('',(3.300879201438,0.751357280452,
    -1.732151929306));
#3996 = CARTESIAN_POINT('',(3.202531860134,1.119244837858,
    -1.723229805575));
#3997 = CARTESIAN_POINT('',(3.056675945555,1.471615385487,
    -1.714309006408));
#3998 = CARTESIAN_POINT('',(2.866242956106,1.801386250709,
    -1.705386913921));
#3999 = CARTESIAN_POINT('',(2.635393092241,2.1019626816,-1.696460002908)
  );
#4000 = CARTESIAN_POINT('',(2.102245076367,2.635631123503,-1.67854074401
    ));
#4001 = CARTESIAN_POINT('',(1.798997110044,2.868470520448,
    -1.669536686517));
#4002 = CARTESIAN_POINT('',(1.466058380763,3.060167859536,
    -1.660537660378));
#4003 = CARTESIAN_POINT('',(1.110203019844,3.206462817422,
    -1.651539977326));
#4004 = CARTESIAN_POINT('',(0.738704428417,3.304365218548,
    -1.642540957186));
#4005 = CARTESIAN_POINT('',(0.35937451857,3.352138978885,-1.633536899418
    ));
#4006 = CARTESIAN_POINT('',(-0.394759390608,3.347768466021,
    -1.61562254779));
#4007 = CARTESIAN_POINT('',(-0.770060489834,3.296525863321,
    -1.606700560539));
#4008 = CARTESIAN_POINT('',(-1.137178603352,3.196157769139,
    -1.597783376494));
#4009 = CARTESIAN_POINT('',(-1.488530539946,3.048421967283,
    -1.588867492961));
#4010 = CARTESIAN_POINT('',(-1.817061748548,2.856284746874,
    -1.579950303529));
#4011 = CARTESIAN_POINT('',(-2.116211491321,2.623935516063,
    -1.571028315693));
#4012 = CARTESIAN_POINT('',(-2.644753881269,2.090214345208,
    -1.553185321643));
#4013 = CARTESIAN_POINT('',(-2.874404056719,1.788418805166,
    -1.544252849924));
#4014 = CARTESIAN_POINT('',(-3.063455445193,1.457573856247,
    -1.535325227198));
#4015 = CARTESIAN_POINT('',(-3.207770180154,1.104305713296,
    -1.526398864902));
#4016 = CARTESIAN_POINT('',(-3.304444222559,0.735723451378,
    -1.517471223952));
#4017 = CARTESIAN_POINT('',(-3.351792237841,0.359454954264,
    -1.508538781383));
#4018 = CARTESIAN_POINT('',(-3.349631113322,-8.383140524379E-02,
    -1.498008605179));
#4019 = CARTESIAN_POINT('',(-3.347715281233,-0.15132333701,
    -1.496405167243));
#4020 = CARTESIAN_POINT('',(-3.344212914059,-0.218762746883,
    -1.494801729851));
#4021 = CARTESIAN_POINT('',(-3.339125807622,-0.286104877381,
    -1.493198293083));
#4022 = CARTESIAN_POINT('',(-3.332457332706,-0.353305100162,
    -1.491594856934));
#4023 = CARTESIAN_POINT('',(-3.32421243506,-0.420318916021,
    -1.489991421316));
#4024 = CARTESIAN_POINT('',(-3.305653199912,-0.546601893271,
    -1.48695941526));
#4025 = CARTESIAN_POINT('',(-3.295662595115,-0.605918717512,
    -1.48553084418));
#4026 = CARTESIAN_POINT('',(-3.284430433328,-0.665021055157,
    -1.484102272835));
#4027 = CARTESIAN_POINT('',(-3.271962299998,-0.723877739991,
    -1.482673701269));
#4028 = CARTESIAN_POINT('',(-3.258264753688,-0.782457812042,
    -1.481245129554));
#4029 = CARTESIAN_POINT('',(-3.243345326086,-0.840730517585,
    -1.479816557789));
#4030 = CARTESIAN_POINT('',(-3.194947000704,-1.014534580263,
    -1.475530850422));
#4031 = CARTESIAN_POINT('',(-3.157827654955,-1.129053214328,
    -1.472673707422));
#4032 = CARTESIAN_POINT('',(-3.115922977301,-1.241975627473,
    -1.469816560148));
#4033 = CARTESIAN_POINT('',(-3.069316146735,-1.353062397269,
    -1.466959411554));
#4034 = CARTESIAN_POINT('',(-3.018105028696,-1.462080262717,
    -1.464102264508));
#4035 = CARTESIAN_POINT('',(-2.962402175067,-1.568802124247,
    -1.461245121793));
#4036 = CARTESIAN_POINT('',(-2.8212442816,-1.813683023855,
    -1.454530871044));
#4037 = CARTESIAN_POINT('',(-2.732196721218,-1.949776425742,
    -1.450673671114));
#4038 = CARTESIAN_POINT('',(-2.635506733322,-2.080742271319,
    -1.446816534455));
#4039 = CARTESIAN_POINT('',(-2.531530819046,-2.206067962006,
    -1.442959437864));
#4040 = CARTESIAN_POINT('',(-2.42066660665,-2.32527422315,
    -1.439102301068));
#4041 = CARTESIAN_POINT('',(-2.303352067794,-2.437916048463,
    -1.435245100999));
#4042 = CARTESIAN_POINT('',(-2.079607999306,-2.629683499937,
    -1.428245139547));
#4043 = CARTESIAN_POINT('',(-1.975183031719,-2.711155442096,
    -1.425102261589));
#4044 = CARTESIAN_POINT('',(-1.867047558887,-2.787778731365,
    -1.421959406433));
#4045 = CARTESIAN_POINT('',(-1.755472410644,-2.859351929672,
    -1.418816565828));
#4046 = CARTESIAN_POINT('',(-1.640741178576,-2.925693118734,
    -1.415673710692));
#4047 = CARTESIAN_POINT('',(-1.523149875773,-2.986640118351,
    -1.412530832747));
#4048 = CARTESIAN_POINT('',(-1.217333531377,-3.127683904331,
    -1.404530935798));
#4049 = CARTESIAN_POINT('',(-1.025551910885,-3.200100637385,
    -1.399673606943));
#4050 = CARTESIAN_POINT('',(-0.828809401825,-3.258768366687,
    -1.394816483423));
#4051 = CARTESIAN_POINT('',(-0.628289964809,-3.303293509761,
    -1.389959489789));
#4052 = CARTESIAN_POINT('',(-0.425206939817,-3.333406646001,
    -1.38510236536));
#4053 = CARTESIAN_POINT('',(-0.220799592353,-3.348963283171,
    -1.38024503635));
#4054 = CARTESIAN_POINT('',(0.325919231238,-3.351628874348,
    -1.367257866444));
#4055 = CARTESIAN_POINT('',(0.668522257216,-3.312503425188,
    -1.359124139748));
#4056 = CARTESIAN_POINT('',(1.005364461617,-3.232492842733,
    -1.350993391287));
#4057 = CARTESIAN_POINT('',(1.330667314513,-3.112730550101,
    -1.34286359742));
#4058 = CARTESIAN_POINT('',(1.638979001677,-2.955224170985,-1.3347328484
    ));
#4059 = CARTESIAN_POINT('',(1.925165703188,-2.762856515213,
    -1.326599102459));
#4060 = CARTESIAN_POINT('',(2.457271032538,-2.305136195893,
    -1.309926172729));
#4061 = CARTESIAN_POINT('',(2.700683476033,-2.036337077689,
    -1.301378728126));
#4062 = CARTESIAN_POINT('',(2.909414462415,-1.737848721511,
    -1.292835135257));
#4063 = CARTESIAN_POINT('',(3.079326903036,-1.415117079542,
    -1.284292674722));
#4064 = CARTESIAN_POINT('',(3.207283010713,-1.074102258513,
    -1.275749058684));
#4065 = CARTESIAN_POINT('',(3.291134227024,-0.721296961181,
    -1.267201621207));
#4066 = CARTESIAN_POINT('',(3.335843201785,-0.312028447143,
    -1.257421833716));
#4067 = CARTESIAN_POINT('',(3.340559341077,-0.260160619064,
    -1.256184862558));
#4068 = CARTESIAN_POINT('',(3.344334487548,-0.208210673329,
    -1.254947890974));
#4069 = CARTESIAN_POINT('',(3.347166964709,-0.156199102163,
    -1.253710919003));
#4070 = CARTESIAN_POINT('',(3.349055655043,-0.10414642724,
    -1.252473946598));
#4071 = CARTESIAN_POINT('',(3.349999999999,-5.207319968591E-02,
    -1.251236973624));
#4072 = CARTESIAN_POINT('',(3.35,-7.364687E-11,-1.249999999858));
#4073 = ORIENTED_EDGE('',*,*,#4074,.T.);
#4074 = EDGE_CURVE('',#3990,#4075,#4077,.T.);
#4075 = VERTEX_POINT('',#4076);
#4076 = CARTESIAN_POINT('',(3.35,0.,-1.550000000003));
#4077 = LINE('',#4078,#4079);
#4078 = CARTESIAN_POINT('',(3.35,0.,0.));
#4079 = VECTOR('',#4080,1.);
#4080 = DIRECTION('',(0.,0.,-1.));
#4081 = ORIENTED_EDGE('',*,*,#4082,.T.);
#4082 = EDGE_CURVE('',#4075,#4083,#4085,.T.);
#4083 = VERTEX_POINT('',#4084);
#4084 = CARTESIAN_POINT('',(3.183784151114,-1.042122103747,
    -1.57517297528));
#4085 = B_SPLINE_CURVE_WITH_KNOTS('',4,(#4086,#4087,#4088,#4089,#4090,
    #4091,#4092,#4093),.UNSPECIFIED.,.F.,.F.,(5,3,5),(0.,0.502000548265,
    1.),.UNSPECIFIED.);
#4086 = CARTESIAN_POINT('',(3.350000000018,8.9E-16,-1.550000000003));
#4087 = CARTESIAN_POINT('',(3.350000000018,-0.132993373679,
    -1.553159204285));
#4088 = CARTESIAN_POINT('',(3.342960290113,-0.265987026459,
    -1.556318423237));
#4089 = CARTESIAN_POINT('',(3.328880934031,-0.398420576544,
    -1.559477637773));
#4090 = CARTESIAN_POINT('',(3.286987673783,-0.660013969254,
    -1.565770880862));
#4091 = CARTESIAN_POINT('',(3.259284031509,-0.789192131905,
    -1.568904913235));
#4092 = CARTESIAN_POINT('',(3.224826139704,-0.916734846021,
    -1.572038945171));
#4093 = CARTESIAN_POINT('',(3.183784151114,-1.042122103747,
    -1.57517297528));
#4094 = ORIENTED_EDGE('',*,*,#4095,.T.);
#4095 = EDGE_CURVE('',#4083,#3965,#4096,.T.);
#4096 = B_SPLINE_CURVE_WITH_KNOTS('',6,(#4097,#4098,#4099,#4100,#4101,
    #4102,#4103,#4104,#4105,#4106,#4107,#4108,#4109,#4110,#4111,#4112,
    #4113,#4114,#4115,#4116,#4117,#4118,#4119,#4120,#4121,#4122,#4123),
  .UNSPECIFIED.,.F.,.F.,(7,5,5,5,5,7),(0.,0.2470370083,0.49306589178,
    0.739094807798,0.98411527528,1.),.UNSPECIFIED.);
#4097 = CARTESIAN_POINT('',(3.183784151114,-1.042122103745,
    -1.57517297528));
#4098 = CARTESIAN_POINT('',(3.116480412873,-1.24774155501,
    -1.584395660043));
#4099 = CARTESIAN_POINT('',(3.03323804904,-1.44815444604,-1.593618754835
    ));
#4100 = CARTESIAN_POINT('',(2.934566557871,-1.641795169368,
    -1.602841389867));
#4101 = CARTESIAN_POINT('',(2.821174263168,-1.82720008086,-1.61206405259
    ));
#4102 = CARTESIAN_POINT('',(2.693937869674,-2.002999726273,
    -1.621287184024));
#4103 = CARTESIAN_POINT('',(2.414483491433,-2.332208685893,
    -1.639694945466));
#4104 = CARTESIAN_POINT('',(2.2623568363,-2.485721448012,-1.648880409427
    ));
#4105 = CARTESIAN_POINT('',(2.098595297194,-2.627237536753,
    -1.658065378684));
#4106 = CARTESIAN_POINT('',(1.924392390111,-2.755682038272,
    -1.667250376804));
#4107 = CARTESIAN_POINT('',(1.741060171393,-2.870128457733,
    -1.676435867954));
#4108 = CARTESIAN_POINT('',(1.359022853599,-3.069525171744,
    -1.694806017906));
#4109 = CARTESIAN_POINT('',(1.160300412093,-3.154484513012,
    -1.703991503823));
#4110 = CARTESIAN_POINT('',(0.955314541959,-3.22394997579,
    -1.713176488159));
#4111 = CARTESIAN_POINT('',(0.745575592337,-3.277374958869,
    -1.722361452403));
#4112 = CARTESIAN_POINT('',(0.532647872426,-3.314394988559,
    -1.731546931405));
#4113 = CARTESIAN_POINT('',(0.104532220868,-3.355237858063,
    -1.749879434084));
#4114 = CARTESIAN_POINT('',(-0.110662064725,-3.359197977104,
    -1.759027263299));
#4115 = CARTESIAN_POINT('',(-0.32583384811,-3.346583536067,
    -1.768174688778));
#4116 = CARTESIAN_POINT('',(-0.539397816382,-3.31745491424,
    -1.77732186854));
#4117 = CARTESIAN_POINT('',(-0.749786547785,-3.27205871061,
    -1.786469747132));
#4118 = CARTESIAN_POINT('',(-0.968795588305,-3.206887688402,
    -1.796210214495));
#4119 = CARTESIAN_POINT('',(-0.982109771429,-3.202853425058,
    -1.796803244392));
#4120 = CARTESIAN_POINT('',(-0.995403768169,-3.198752837258,
    -1.79739627395));
#4121 = CARTESIAN_POINT('',(-1.008677165768,-3.194586051562,
    -1.797989303032));
#4122 = CARTESIAN_POINT('',(-1.021929552348,-3.190353198008,
    -1.798582331462));
#4123 = CARTESIAN_POINT('',(-1.035160516909,-3.186054410118,
    -1.799175359023));
#4124 = ORIENTED_EDGE('',*,*,#3972,.F.);
#4125 = ORIENTED_EDGE('',*,*,#3764,.T.);
#4126 = CYLINDRICAL_SURFACE('',#4127,3.35);
#4127 = AXIS2_PLACEMENT_3D('',#4128,#4129,#4130);
#4128 = CARTESIAN_POINT('',(0.,0.,0.));
#4129 = DIRECTION('',(0.,0.,1.));
#4130 = DIRECTION('',(1.,0.,0.));
#4131 = ADVANCED_FACE('',(#4132,#4135),#4146,.F.);
#4132 = FACE_BOUND('',#4133,.F.);
#4133 = EDGE_LOOP('',(#4134));
#4134 = ORIENTED_EDGE('',*,*,#3818,.F.);
#4135 = FACE_BOUND('',#4136,.F.);
#4136 = EDGE_LOOP('',(#4137));
#4137 = ORIENTED_EDGE('',*,*,#4138,.F.);
#4138 = EDGE_CURVE('',#4139,#4139,#4141,.T.);
#4139 = VERTEX_POINT('',#4140);
#4140 = CARTESIAN_POINT('',(1.2,0.,0.));
#4141 = CIRCLE('',#4142,1.2);
#4142 = AXIS2_PLACEMENT_3D('',#4143,#4144,#4145);
#4143 = CARTESIAN_POINT('',(0.,0.,0.));
#4144 = DIRECTION('',(0.,0.,1.));
#4145 = DIRECTION('',(1.,0.,0.));
#4146 = PLANE('',#4147);
#4147 = AXIS2_PLACEMENT_3D('',#4148,#4149,#4150);
#4148 = CARTESIAN_POINT('',(-1.8E-16,-1.E-16,0.));
#4149 = DIRECTION('',(0.,0.,1.));
#4150 = DIRECTION('',(1.,0.,0.));
#4151 = ADVANCED_FACE('',(#4152),#4162,.T.);
#4152 = FACE_BOUND('',#4153,.T.);
#4153 = EDGE_LOOP('',(#4154,#4155,#4161));
#4154 = ORIENTED_EDGE('',*,*,#3833,.F.);
#4155 = ORIENTED_EDGE('',*,*,#4156,.T.);
#4156 = EDGE_CURVE('',#3834,#3889,#4157,.T.);
#4157 = LINE('',#4158,#4159);
#4158 = CARTESIAN_POINT('',(3.23,0.,-1.750000000004));
#4159 = VECTOR('',#4160,1.);
#4160 = DIRECTION('',(1.,0.,0.));
#4161 = ORIENTED_EDGE('',*,*,#3888,.T.);
#4162 = B_SPLINE_SURFACE_WITH_KNOTS('',1,11,(
    (#4163,#4164,#4165,#4166,#4167,#4168,#4169,#4170,#4171,#4172,#4173
      ,#4174)
    ,(#4175,#4176,#4177,#4178,#4179,#4180,#4181,#4182,#4183,#4184,#4185
      ,#4186
    )),.UNSPECIFIED.,.F.,.F.,.F.,(2,2),(12,12),(0.12,0.15),(0.,
    2.13378948924),.PIECEWISE_BEZIER_KNOTS.);
#4163 = CARTESIAN_POINT('',(3.35,0.,-1.750000000004));
#4164 = CARTESIAN_POINT('',(3.33374881465,-0.574051515048,-1.76363636364
    ));
#4165 = CARTESIAN_POINT('',(3.209293537881,-1.141967149634,
    -1.777272727253));
#4166 = CARTESIAN_POINT('',(2.978550759302,-1.681125486331,
    -1.790909091007));
#4167 = CARTESIAN_POINT('',(2.648817199988,-2.169371912149,
    -1.804545454333));
#4168 = CARTESIAN_POINT('',(2.232410071205,-2.586849437123,
    -1.81818181849));
#4169 = CARTESIAN_POINT('',(1.746363892331,-2.916762413289,
    -1.831818181545));
#4170 = CARTESIAN_POINT('',(1.210756207293,-3.147171477242,
    -1.845454545625));
#4171 = CARTESIAN_POINT('',(0.648127990272,-3.271125928331,
    -1.859090909032));
#4172 = CARTESIAN_POINT('',(8.11545453933E-02,-3.287260772365,
    -1.872727272739));
#4173 = CARTESIAN_POINT('',(-0.468117046338,-3.199414129925,
    -1.886363636366));
#4174 = CARTESIAN_POINT('',(-0.979919675667,-3.01604066537,
    -1.900000000005));
#4175 = CARTESIAN_POINT('',(3.38,0.,-1.750000000004));
#4176 = CARTESIAN_POINT('',(3.36374881465,-0.579192303304,-1.76363636364
    ));
#4177 = CARTESIAN_POINT('',(3.238324521963,-1.152248726949,
    -1.777272727253));
#4178 = CARTESIAN_POINT('',(3.00564371209,-1.696344899835,
    -1.790909091007));
#4179 = CARTESIAN_POINT('',(2.673050922936,-2.189123266743,
    -1.804545454333));
#4180 = CARTESIAN_POINT('',(2.252959009609,-2.610536751604,
    -1.81818181849));
#4181 = CARTESIAN_POINT('',(1.762541892107,-2.943625400126,
    -1.831818181545));
#4182 = CARTESIAN_POINT('',(1.222052225365,-3.176322623203,
    -1.845454545625));
#4183 = CARTESIAN_POINT('',(0.654230325462,-3.301595915923,
    -1.859090909032));
#4184 = CARTESIAN_POINT('',(8.196183463655E-02,-3.318048061184,
    -1.872727272739));
#4185 = CARTESIAN_POINT('',(-0.472498380317,-3.229534415722,
    -1.886363636366));
#4186 = CARTESIAN_POINT('',(-0.989190189588,-3.04457235953,
    -1.900000000005));
#4187 = ADVANCED_FACE('',(#4188),#4216,.T.);
#4188 = FACE_BOUND('',#4189,.T.);
#4189 = EDGE_LOOP('',(#4190,#4191,#4199,#4214,#4215));
#4190 = ORIENTED_EDGE('',*,*,#3912,.F.);
#4191 = ORIENTED_EDGE('',*,*,#4192,.F.);
#4192 = EDGE_CURVE('',#4193,#3906,#4195,.T.);
#4193 = VERTEX_POINT('',#4194);
#4194 = CARTESIAN_POINT('',(3.38,1.E-15,-1.550000000003));
#4195 = LINE('',#4196,#4197);
#4196 = CARTESIAN_POINT('',(3.38,0.,-1.550000000003));
#4197 = VECTOR('',#4198,1.);
#4198 = DIRECTION('',(0.832050294338,1.2E-16,-0.554700196225));
#4199 = ORIENTED_EDGE('',*,*,#4200,.T.);
#4200 = EDGE_CURVE('',#4193,#4083,#4201,.T.);
#4201 = B_SPLINE_CURVE_WITH_KNOTS('',11,(#4202,#4203,#4204,#4205,#4206,
    #4207,#4208,#4209,#4210,#4211,#4212,#4213),.UNSPECIFIED.,.F.,.F.,(12
    ,12),(0.,2.13378948924),.PIECEWISE_BEZIER_KNOTS.);
#4202 = CARTESIAN_POINT('',(3.38,0.,-1.550000000003));
#4203 = CARTESIAN_POINT('',(3.36374881465,-0.579192303304,
    -1.563636363639));
#4204 = CARTESIAN_POINT('',(3.238324521963,-1.152248726949,
    -1.577272727252));
#4205 = CARTESIAN_POINT('',(3.00564371209,-1.696344899835,
    -1.590909091006));
#4206 = CARTESIAN_POINT('',(2.673050922938,-2.189123266744,
    -1.604545454333));
#4207 = CARTESIAN_POINT('',(2.252959009608,-2.610536751604,
    -1.618181818489));
#4208 = CARTESIAN_POINT('',(1.762541892108,-2.943625400126,
    -1.631818181544));
#4209 = CARTESIAN_POINT('',(1.222052225364,-3.176322623204,
    -1.645454545624));
#4210 = CARTESIAN_POINT('',(0.654230325462,-3.301595915922,
    -1.659090909031));
#4211 = CARTESIAN_POINT('',(8.196183463669E-02,-3.318048061184,
    -1.672727272738));
#4212 = CARTESIAN_POINT('',(-0.472498380317,-3.229534415722,
    -1.686363636365));
#4213 = CARTESIAN_POINT('',(-0.989190189588,-3.04457235953,
    -1.700000000004));
#4214 = ORIENTED_EDGE('',*,*,#4095,.T.);
#4215 = ORIENTED_EDGE('',*,*,#3964,.T.);
#4216 = B_SPLINE_SURFACE_WITH_KNOTS('',1,11,(
    (#4217,#4218,#4219,#4220,#4221,#4222,#4223,#4224,#4225,#4226,#4227
      ,#4228)
    ,(#4229,#4230,#4231,#4232,#4233,#4234,#4235,#4236,#4237,#4238,#4239
      ,#4240
    )),.UNSPECIFIED.,.F.,.F.,.F.,(2,2),(12,12),(-0.180277563773,-0.),(0.
    ,2.13378948924),.PIECEWISE_BEZIER_KNOTS.);
#4217 = CARTESIAN_POINT('',(3.53,-4.4E-16,-1.650000000001));
#4218 = CARTESIAN_POINT('',(3.51374881465,-0.60489624458,-1.663636363637
    ));
#4219 = CARTESIAN_POINT('',(3.383479442375,-1.203656613522,
    -1.677272727251));
#4220 = CARTESIAN_POINT('',(3.14110847603,-1.772441967364,
    -1.690909091004));
#4221 = CARTESIAN_POINT('',(2.794219537676,-2.287880039686,
    -1.704545454332));
#4222 = CARTESIAN_POINT('',(2.355703701625,-2.728973324051,
    -1.718181818487));
#4223 = CARTESIAN_POINT('',(1.843431890995,-3.077940334266,
    -1.731818181543));
#4224 = CARTESIAN_POINT('',(1.278532315715,-3.322078353038,
    -1.745454545622));
#4225 = CARTESIAN_POINT('',(0.684742001415,-3.45394585387,-1.75909090903
    ));
#4226 = CARTESIAN_POINT('',(8.599828085175E-02,-3.471984505285,
    -1.772727272736));
#4227 = CARTESIAN_POINT('',(-0.49440505021,-3.380135844705,
    -1.786363636364));
#4228 = CARTESIAN_POINT('',(-1.035542759193,-3.18723083033,
    -1.800000000003));
#4229 = CARTESIAN_POINT('',(3.38,0.,-1.550000000003));
#4230 = CARTESIAN_POINT('',(3.36374881465,-0.579192303304,
    -1.563636363639));
#4231 = CARTESIAN_POINT('',(3.238324521963,-1.152248726949,
    -1.577272727252));
#4232 = CARTESIAN_POINT('',(3.005643712091,-1.696344899835,
    -1.590909091006));
#4233 = CARTESIAN_POINT('',(2.673050922936,-2.189123266743,
    -1.604545454333));
#4234 = CARTESIAN_POINT('',(2.25295900961,-2.610536751604,
    -1.618181818489));
#4235 = CARTESIAN_POINT('',(1.762541892106,-2.943625400126,
    -1.631818181544));
#4236 = CARTESIAN_POINT('',(1.222052225365,-3.176322623203,
    -1.645454545624));
#4237 = CARTESIAN_POINT('',(0.654230325462,-3.301595915923,
    -1.659090909031));
#4238 = CARTESIAN_POINT('',(8.196183463661E-02,-3.318048061184,
    -1.672727272738));
#4239 = CARTESIAN_POINT('',(-0.472498380317,-3.229534415722,
    -1.686363636365));
#4240 = CARTESIAN_POINT('',(-0.989190189588,-3.04457235953,
    -1.700000000004));
#4241 = ADVANCED_FACE('',(#4242),#4320,.F.);
#4242 = FACE_BOUND('',#4243,.F.);
#4243 = EDGE_LOOP('',(#4244,#4279,#4280,#4315));
#4244 = ORIENTED_EDGE('',*,*,#4245,.F.);
#4245 = EDGE_CURVE('',#3889,#4246,#4248,.T.);
#4246 = VERTEX_POINT('',#4247);
#4247 = CARTESIAN_POINT('',(3.379999992802,-7.33E-11,-1.249999999858));
#4248 = B_SPLINE_CURVE_WITH_KNOTS('',8,(#4249,#4250,#4251,#4252,#4253,
    #4254,#4255,#4256,#4257,#4258,#4259,#4260,#4261,#4262,#4263,#4264,
    #4265,#4266,#4267,#4268,#4269,#4270,#4271,#4272,#4273,#4274,#4275,
    #4276,#4277,#4278),.UNSPECIFIED.,.F.,.F.,(9,7,7,7,9),(0.,
    1.57576206969,3.151524139379,4.727286209069,6.303048278758),
  .UNSPECIFIED.);
#4249 = CARTESIAN_POINT('',(3.38,4.4E-16,-1.750000000004));
#4250 = CARTESIAN_POINT('',(3.379999989583,0.663660096847,
    -1.734374999793));
#4251 = CARTESIAN_POINT('',(3.231074075926,1.327328238331,
    -1.718749999417));
#4252 = CARTESIAN_POINT('',(2.93322647149,1.951985876085,-1.703125002675
    ));
#4253 = CARTESIAN_POINT('',(2.498692793802,2.498703004881,
    -1.687499995018));
#4254 = CARTESIAN_POINT('',(1.951995796458,2.933220657885,
    -1.671875004022));
#4255 = CARTESIAN_POINT('',(1.327322877866,3.231075580323,
    -1.656249998669));
#4256 = CARTESIAN_POINT('',(0.663661432531,3.379999988999,
    -1.640624999772));
#4257 = CARTESIAN_POINT('',(-0.663661433665,3.380000003227,
    -1.609375000057));
#4258 = CARTESIAN_POINT('',(-1.327322963807,3.231075660839,
    -1.59375000133));
#4259 = CARTESIAN_POINT('',(-1.951995511566,2.933220419892,
    -1.578124995588));
#4260 = CARTESIAN_POINT('',(-2.498693167797,2.498703242902,
    -1.562500005127));
#4261 = CARTESIAN_POINT('',(-2.933226241677,1.951985775571,
    -1.546874996928));
#4262 = CARTESIAN_POINT('',(-3.231074127197,1.327328248956,
    -1.531250000625));
#4263 = CARTESIAN_POINT('',(-3.379999997173,0.663660097556,
    -1.515624999946));
#4264 = CARTESIAN_POINT('',(-3.379999995699,-0.663660097184,
    -1.484374999916));
#4265 = CARTESIAN_POINT('',(-3.231074067826,-1.32732823802,
    -1.468749999245));
#4266 = CARTESIAN_POINT('',(-2.933226479878,-1.951985876277,
    -1.45312500287));
#4267 = CARTESIAN_POINT('',(-2.498692787044,-2.498703004822,
    -1.43749999485));
#4268 = CARTESIAN_POINT('',(-1.951995800586,-2.933220657921,
    -1.42187500412));
#4269 = CARTESIAN_POINT('',(-1.32732287608,-3.231075580307,
    -1.406249998634));
#4270 = CARTESIAN_POINT('',(-0.663661432978,-3.379999989013,
    -1.390624999776));
#4271 = CARTESIAN_POINT('',(0.663661434112,-3.380000003241,
    -1.35937500006));
#4272 = CARTESIAN_POINT('',(1.327322962036,-3.231075660861,
    -1.343750001307));
#4273 = CARTESIAN_POINT('',(1.951995515664,-2.933220419756,
    -1.328124995641));
#4274 = CARTESIAN_POINT('',(2.49869316106,-2.498703243214,
    -1.312500005035));
#4275 = CARTESIAN_POINT('',(2.93322625009,-1.951985775288,-1.29687499706
    ));
#4276 = CARTESIAN_POINT('',(3.231074118999,-1.327328249049,
    -1.281250000474));
#4277 = CARTESIAN_POINT('',(3.380000003417,-0.663660097657,
    -1.265625000073));
#4278 = CARTESIAN_POINT('',(3.379999992802,-7.363976E-11,-1.249999999858
    ));
#4279 = ORIENTED_EDGE('',*,*,#3905,.T.);
#4280 = ORIENTED_EDGE('',*,*,#4281,.T.);
#4281 = EDGE_CURVE('',#3906,#4282,#4284,.T.);
#4282 = VERTEX_POINT('',#4283);
#4283 = CARTESIAN_POINT('',(3.529999992802,-7.3266E-11,-1.149999999856)
  );
#4284 = B_SPLINE_CURVE_WITH_KNOTS('',8,(#4285,#4286,#4287,#4288,#4289,
    #4290,#4291,#4292,#4293,#4294,#4295,#4296,#4297,#4298,#4299,#4300,
    #4301,#4302,#4303,#4304,#4305,#4306,#4307,#4308,#4309,#4310,#4311,
    #4312,#4313,#4314),.UNSPECIFIED.,.F.,.F.,(9,7,7,7,9),(0.,
    1.57576206969,3.151524139379,4.727286209069,6.303048278758),
  .UNSPECIFIED.);
#4285 = CARTESIAN_POINT('',(3.53,0.,-1.649999999998));
#4286 = CARTESIAN_POINT('',(3.529999989583,0.69311252858,-1.634374999787
    ));
#4287 = CARTESIAN_POINT('',(3.374464957746,1.386233107552,
    -1.618749999416));
#4288 = CARTESIAN_POINT('',(3.063399180899,2.038612865226,
    -1.603125002647));
#4289 = CARTESIAN_POINT('',(2.609581607714,2.609591814427,
    -1.587499995076));
#4290 = CARTESIAN_POINT('',(2.038622781335,3.063393369788,
    -1.571875003958));
#4291 = CARTESIAN_POINT('',(1.38622774943,3.374466461492,-1.556249998687
    ));
#4292 = CARTESIAN_POINT('',(0.69311386366,3.529999988999,-1.54062499977)
  );
#4293 = CARTESIAN_POINT('',(-0.693113864795,3.530000003227,
    -1.509375000055));
#4294 = CARTESIAN_POINT('',(-1.386227835371,3.374466542007,
    -1.493750001352));
#4295 = CARTESIAN_POINT('',(-2.038622496444,3.063393131798,
    -1.47812499551));
#4296 = CARTESIAN_POINT('',(-2.609581981707,2.609592052444,
    -1.46250000521));
#4297 = CARTESIAN_POINT('',(-3.063398951086,2.038612764714,
    -1.446874996876));
#4298 = CARTESIAN_POINT('',(-3.374465009017,1.386233118177,
    -1.431250000634));
#4299 = CARTESIAN_POINT('',(-3.529999997173,0.693112529288,
    -1.41562499994));
#4300 = CARTESIAN_POINT('',(-3.529999995699,-0.693112528917,
    -1.38437499991));
#4301 = CARTESIAN_POINT('',(-3.374464949646,-1.386233107241,
    -1.368749999256));
#4302 = CARTESIAN_POINT('',(-3.063399189287,-2.038612865419,
    -1.353125002815));
#4303 = CARTESIAN_POINT('',(-2.609581600955,-2.609591814366,
    -1.337499994937));
#4304 = CARTESIAN_POINT('',(-2.038622785463,-3.063393369825,
    -1.32187500404));
#4305 = CARTESIAN_POINT('',(-1.386227747644,-3.374466461476,
    -1.306249998657));
#4306 = CARTESIAN_POINT('',(-0.693113864107,-3.529999989013,
    -1.290624999773));
#4307 = CARTESIAN_POINT('',(0.693113865241,-3.530000003241,
    -1.259375000058));
#4308 = CARTESIAN_POINT('',(1.3862278336,-3.37446654203,-1.243750001323)
  );
#4309 = CARTESIAN_POINT('',(2.038622500542,-3.063393131662,
    -1.22812499559));
#4310 = CARTESIAN_POINT('',(2.609581974971,-2.609592052756,
    -1.212500005071));
#4311 = CARTESIAN_POINT('',(3.063398959498,-2.03861276443,
    -1.196874997052));
#4312 = CARTESIAN_POINT('',(3.374465000819,-1.38623311827,
    -1.181250000464));
#4313 = CARTESIAN_POINT('',(3.530000003417,-0.69311252939,
    -1.165625000067));
#4314 = CARTESIAN_POINT('',(3.529999992802,-7.360645E-11,-1.149999999852
    ));
#4315 = ORIENTED_EDGE('',*,*,#4316,.F.);
#4316 = EDGE_CURVE('',#4246,#4282,#4317,.T.);
#4317 = B_SPLINE_CURVE_WITH_KNOTS('',1,(#4318,#4319),.UNSPECIFIED.,.F.,
  .F.,(2,2),(0.,0.180277563773),.PIECEWISE_BEZIER_KNOTS.);
#4318 = CARTESIAN_POINT('',(3.379999992802,-7.363976E-11,-1.249999999858
    ));
#4319 = CARTESIAN_POINT('',(3.529999992802,-7.360645E-11,-1.149999999852
    ));
#4320 = B_SPLINE_SURFACE_WITH_KNOTS('',1,8,(
    (#4321,#4322,#4323,#4324,#4325,#4326,#4327,#4328,#4329,#4330,#4331
      ,#4332,#4333,#4334,#4335,#4336,#4337,#4338,#4339,#4340,#4341,#4342
      ,#4343,#4344,#4345,#4346,#4347,#4348,#4349,#4350)
    ,(#4351,#4352,#4353,#4354,#4355,#4356,#4357,#4358,#4359,#4360,#4361
      ,#4362,#4363,#4364,#4365,#4366,#4367,#4368,#4369,#4370,#4371,#4372
      ,#4373,#4374,#4375,#4376,#4377,#4378,#4379,#4380
  )),.UNSPECIFIED.,.F.,.F.,.F.,(2,2),(9,7,7,7,9),(0.,0.180277563773),(0.
    ,1.57576206969,3.151524139379,4.727286209069,6.303048278758),
  .UNSPECIFIED.);
#4321 = CARTESIAN_POINT('',(3.38,4.4E-16,-1.750000000004));
#4322 = CARTESIAN_POINT('',(3.379999989583,0.663660096847,
    -1.734374999793));
#4323 = CARTESIAN_POINT('',(3.231074075926,1.327328238331,
    -1.718749999417));
#4324 = CARTESIAN_POINT('',(2.93322647149,1.951985876085,-1.703125002675
    ));
#4325 = CARTESIAN_POINT('',(2.498692793802,2.498703004881,
    -1.687499995018));
#4326 = CARTESIAN_POINT('',(1.951995796458,2.933220657885,
    -1.671875004022));
#4327 = CARTESIAN_POINT('',(1.327322877866,3.231075580323,
    -1.656249998669));
#4328 = CARTESIAN_POINT('',(0.663661432531,3.379999988999,
    -1.640624999772));
#4329 = CARTESIAN_POINT('',(-0.663661433665,3.380000003227,
    -1.609375000057));
#4330 = CARTESIAN_POINT('',(-1.327322963807,3.231075660839,
    -1.59375000133));
#4331 = CARTESIAN_POINT('',(-1.951995511566,2.933220419892,
    -1.578124995588));
#4332 = CARTESIAN_POINT('',(-2.498693167797,2.498703242902,
    -1.562500005127));
#4333 = CARTESIAN_POINT('',(-2.933226241677,1.951985775571,
    -1.546874996928));
#4334 = CARTESIAN_POINT('',(-3.231074127197,1.327328248956,
    -1.531250000625));
#4335 = CARTESIAN_POINT('',(-3.379999997173,0.663660097556,
    -1.515624999946));
#4336 = CARTESIAN_POINT('',(-3.379999995699,-0.663660097184,
    -1.484374999916));
#4337 = CARTESIAN_POINT('',(-3.231074067826,-1.32732823802,
    -1.468749999245));
#4338 = CARTESIAN_POINT('',(-2.933226479878,-1.951985876277,
    -1.45312500287));
#4339 = CARTESIAN_POINT('',(-2.498692787044,-2.498703004822,
    -1.43749999485));
#4340 = CARTESIAN_POINT('',(-1.951995800586,-2.933220657921,
    -1.42187500412));
#4341 = CARTESIAN_POINT('',(-1.32732287608,-3.231075580307,
    -1.406249998634));
#4342 = CARTESIAN_POINT('',(-0.663661432978,-3.379999989013,
    -1.390624999776));
#4343 = CARTESIAN_POINT('',(0.663661434112,-3.380000003241,
    -1.35937500006));
#4344 = CARTESIAN_POINT('',(1.327322962036,-3.231075660861,
    -1.343750001307));
#4345 = CARTESIAN_POINT('',(1.951995515664,-2.933220419756,
    -1.328124995641));
#4346 = CARTESIAN_POINT('',(2.49869316106,-2.498703243214,
    -1.312500005035));
#4347 = CARTESIAN_POINT('',(2.93322625009,-1.951985775288,-1.29687499706
    ));
#4348 = CARTESIAN_POINT('',(3.231074118999,-1.327328249049,
    -1.281250000474));
#4349 = CARTESIAN_POINT('',(3.380000003417,-0.663660097657,
    -1.265625000073));
#4350 = CARTESIAN_POINT('',(3.379999992802,-7.363976E-11,-1.249999999858
    ));
#4351 = CARTESIAN_POINT('',(3.53,0.,-1.649999999998));
#4352 = CARTESIAN_POINT('',(3.529999989583,0.69311252858,-1.634374999787
    ));
#4353 = CARTESIAN_POINT('',(3.374464957746,1.386233107552,
    -1.618749999416));
#4354 = CARTESIAN_POINT('',(3.063399180899,2.038612865226,
    -1.603125002647));
#4355 = CARTESIAN_POINT('',(2.609581607714,2.609591814427,
    -1.587499995076));
#4356 = CARTESIAN_POINT('',(2.038622781335,3.063393369788,
    -1.571875003958));
#4357 = CARTESIAN_POINT('',(1.38622774943,3.374466461492,-1.556249998687
    ));
#4358 = CARTESIAN_POINT('',(0.69311386366,3.529999988999,-1.54062499977)
  );
#4359 = CARTESIAN_POINT('',(-0.693113864795,3.530000003227,
    -1.509375000055));
#4360 = CARTESIAN_POINT('',(-1.386227835371,3.374466542007,
    -1.493750001352));
#4361 = CARTESIAN_POINT('',(-2.038622496444,3.063393131798,
    -1.47812499551));
#4362 = CARTESIAN_POINT('',(-2.609581981707,2.609592052444,
    -1.46250000521));
#4363 = CARTESIAN_POINT('',(-3.063398951086,2.038612764714,
    -1.446874996876));
#4364 = CARTESIAN_POINT('',(-3.374465009017,1.386233118177,
    -1.431250000634));
#4365 = CARTESIAN_POINT('',(-3.529999997173,0.693112529288,
    -1.41562499994));
#4366 = CARTESIAN_POINT('',(-3.529999995699,-0.693112528917,
    -1.38437499991));
#4367 = CARTESIAN_POINT('',(-3.374464949646,-1.386233107241,
    -1.368749999256));
#4368 = CARTESIAN_POINT('',(-3.063399189287,-2.038612865419,
    -1.353125002815));
#4369 = CARTESIAN_POINT('',(-2.609581600955,-2.609591814366,
    -1.337499994937));
#4370 = CARTESIAN_POINT('',(-2.038622785463,-3.063393369825,
    -1.32187500404));
#4371 = CARTESIAN_POINT('',(-1.386227747644,-3.374466461476,
    -1.306249998657));
#4372 = CARTESIAN_POINT('',(-0.693113864107,-3.529999989013,
    -1.290624999773));
#4373 = CARTESIAN_POINT('',(0.693113865241,-3.530000003241,
    -1.259375000058));
#4374 = CARTESIAN_POINT('',(1.3862278336,-3.37446654203,-1.243750001323)
  );
#4375 = CARTESIAN_POINT('',(2.038622500542,-3.063393131662,
    -1.22812499559));
#4376 = CARTESIAN_POINT('',(2.609581974971,-2.609592052756,
    -1.212500005071));
#4377 = CARTESIAN_POINT('',(3.063398959498,-2.03861276443,
    -1.196874997052));
#4378 = CARTESIAN_POINT('',(3.374465000819,-1.38623311827,
    -1.181250000464));
#4379 = CARTESIAN_POINT('',(3.530000003417,-0.69311252939,
    -1.165625000067));
#4380 = CARTESIAN_POINT('',(3.529999992802,-7.360645E-11,-1.149999999852
    ));
#4381 = ADVANCED_FACE('',(#4382),#4392,.T.);
#4382 = FACE_BOUND('',#4383,.T.);
#4383 = EDGE_LOOP('',(#4384,#4385,#4391));
#4384 = ORIENTED_EDGE('',*,*,#4200,.F.);
#4385 = ORIENTED_EDGE('',*,*,#4386,.F.);
#4386 = EDGE_CURVE('',#4075,#4193,#4387,.T.);
#4387 = LINE('',#4388,#4389);
#4388 = CARTESIAN_POINT('',(3.23,0.,-1.550000000003));
#4389 = VECTOR('',#4390,1.);
#4390 = DIRECTION('',(1.,0.,0.));
#4391 = ORIENTED_EDGE('',*,*,#4082,.T.);
#4392 = B_SPLINE_SURFACE_WITH_KNOTS('',1,11,(
    (#4393,#4394,#4395,#4396,#4397,#4398,#4399,#4400,#4401,#4402,#4403
      ,#4404)
    ,(#4405,#4406,#4407,#4408,#4409,#4410,#4411,#4412,#4413,#4414,#4415
      ,#4416
    )),.UNSPECIFIED.,.F.,.F.,.F.,(2,2),(12,12),(-0.15,-0.12),(0.,
    2.13378948924),.PIECEWISE_BEZIER_KNOTS.);
#4393 = CARTESIAN_POINT('',(3.38,0.,-1.550000000003));
#4394 = CARTESIAN_POINT('',(3.36374881465,-0.579192303304,
    -1.563636363639));
#4395 = CARTESIAN_POINT('',(3.238324521963,-1.152248726949,
    -1.577272727252));
#4396 = CARTESIAN_POINT('',(3.00564371209,-1.696344899835,
    -1.590909091006));
#4397 = CARTESIAN_POINT('',(2.673050922938,-2.189123266744,
    -1.604545454333));
#4398 = CARTESIAN_POINT('',(2.252959009608,-2.610536751604,
    -1.618181818489));
#4399 = CARTESIAN_POINT('',(1.762541892108,-2.943625400126,
    -1.631818181544));
#4400 = CARTESIAN_POINT('',(1.222052225364,-3.176322623204,
    -1.645454545624));
#4401 = CARTESIAN_POINT('',(0.654230325462,-3.301595915922,
    -1.659090909031));
#4402 = CARTESIAN_POINT('',(8.196183463669E-02,-3.318048061184,
    -1.672727272738));
#4403 = CARTESIAN_POINT('',(-0.472498380317,-3.229534415722,
    -1.686363636365));
#4404 = CARTESIAN_POINT('',(-0.989190189588,-3.04457235953,
    -1.700000000004));
#4405 = CARTESIAN_POINT('',(3.35,0.,-1.550000000003));
#4406 = CARTESIAN_POINT('',(3.33374881465,-0.574051515048,
    -1.563636363639));
#4407 = CARTESIAN_POINT('',(3.209293537881,-1.141967149634,
    -1.577272727252));
#4408 = CARTESIAN_POINT('',(2.978550759302,-1.681125486331,
    -1.590909091006));
#4409 = CARTESIAN_POINT('',(2.648817199988,-2.169371912149,
    -1.604545454333));
#4410 = CARTESIAN_POINT('',(2.232410071205,-2.586849437123,
    -1.618181818489));
#4411 = CARTESIAN_POINT('',(1.746363892331,-2.916762413289,
    -1.631818181544));
#4412 = CARTESIAN_POINT('',(1.210756207293,-3.147171477242,
    -1.645454545624));
#4413 = CARTESIAN_POINT('',(0.648127990272,-3.271125928331,
    -1.659090909031));
#4414 = CARTESIAN_POINT('',(8.11545453933E-02,-3.287260772365,
    -1.672727272738));
#4415 = CARTESIAN_POINT('',(-0.468117046338,-3.199414129925,
    -1.686363636365));
#4416 = CARTESIAN_POINT('',(-0.979919675667,-3.01604066537,
    -1.700000000004));
#4417 = ADVANCED_FACE('',(#4418),#4603,.T.);
#4418 = FACE_BOUND('',#4419,.F.);
#4419 = EDGE_LOOP('',(#4420,#4511,#4519,#4602));
#4420 = ORIENTED_EDGE('',*,*,#4421,.T.);
#4421 = EDGE_CURVE('',#3990,#4422,#4424,.T.);
#4422 = VERTEX_POINT('',#4423);
#4423 = CARTESIAN_POINT('',(3.35,-5.2266E-11,-0.749999999713));
#4424 = B_SPLINE_CURVE_WITH_KNOTS('',7,(#4425,#4426,#4427,#4428,#4429,
    #4430,#4431,#4432,#4433,#4434,#4435,#4436,#4437,#4438,#4439,#4440,
    #4441,#4442,#4443,#4444,#4445,#4446,#4447,#4448,#4449,#4450,#4451,
    #4452,#4453,#4454,#4455,#4456,#4457,#4458,#4459,#4460,#4461,#4462,
    #4463,#4464,#4465,#4466,#4467,#4468,#4469,#4470,#4471,#4472,#4473,
    #4474,#4475,#4476,#4477,#4478,#4479,#4480,#4481,#4482,#4483,#4484,
    #4485,#4486,#4487,#4488,#4489,#4490,#4491,#4492,#4493,#4494,#4495,
    #4496,#4497,#4498,#4499,#4500,#4501,#4502,#4503,#4504,#4505,#4506,
    #4507,#4508,#4509,#4510),.UNSPECIFIED.,.F.,.F.,(8,6,6,6,6,6,6,6,6,6,
    6,6,6,6,8),(0.,0.124911611938,0.250900910896,0.3757435421,
    0.500733743705,0.523124318582,0.543126888326,0.58413203969,
    0.63713848504,0.681143983187,0.749151413834,0.772703525965,
    0.877608606132,0.982604068134,1.),.UNSPECIFIED.);
#4425 = CARTESIAN_POINT('',(3.35,-7.32876E-11,-1.249999999858));
#4426 = CARTESIAN_POINT('',(3.350000000004,0.375554992643,
    -1.241078871935));
#4427 = CARTESIAN_POINT('',(3.30087999668,0.751351190102,-1.232152073825
    ));
#4428 = CARTESIAN_POINT('',(3.202534251277,1.119235893379,
    -1.223230022351));
#4429 = CARTESIAN_POINT('',(3.056680673735,1.471603965424,
    -1.214309295388));
#4430 = CARTESIAN_POINT('',(2.8662506695,1.801372894819,-1.205387275139)
  );
#4431 = CARTESIAN_POINT('',(2.635404309862,2.101948073945,
    -1.196460436574));
#4432 = CARTESIAN_POINT('',(2.102261836194,2.63561775536,-1.178541249892
    ));
#4433 = CARTESIAN_POINT('',(1.799015350492,2.868459080642,-1.1695371924)
  );
#4434 = CARTESIAN_POINT('',(1.466077840211,3.060158536871,
    -1.160538166263));
#4435 = CARTESIAN_POINT('',(1.11022340958,3.206455757624,-1.151540483209
    ));
#4436 = CARTESIAN_POINT('',(0.738725440717,3.304360521092,
    -1.142541463058));
#4437 = CARTESIAN_POINT('',(0.359395834664,3.352136693571,
    -1.133537405301));
#4438 = CARTESIAN_POINT('',(-0.394734329851,3.347770998049,
    -1.115623143287));
#4439 = CARTESIAN_POINT('',(-0.770031974912,3.296531790127,
    -1.106701245965));
#4440 = CARTESIAN_POINT('',(-1.137147195327,3.196168030414,
    -1.097784151591));
#4441 = CARTESIAN_POINT('',(-1.488497014981,3.048437379644,
    -1.088868357673));
#4442 = CARTESIAN_POINT('',(-1.817027062821,2.856305965281,
    -1.079951257896));
#4443 = CARTESIAN_POINT('',(-2.116176752295,2.623962993073,
    -1.071029359977));
#4444 = CARTESIAN_POINT('',(-2.644724093273,2.09025203549,
    -1.053186455557));
#4445 = CARTESIAN_POINT('',(-2.874378569599,1.788459768207,
    -1.044253983849));
#4446 = CARTESIAN_POINT('',(-3.06343467296,1.457617513585,
    -1.035326361092));
#4447 = CARTESIAN_POINT('',(-3.207754442332,1.104351427087,
    -1.026399998865));
#4448 = CARTESIAN_POINT('',(-3.304433737406,0.735770543132,
    -1.017472357838));
#4449 = CARTESIAN_POINT('',(-3.3517871149,0.359502720685,-1.008539915307
    ));
#4450 = CARTESIAN_POINT('',(-3.349633190574,-8.360203789354E-02,
    -0.998014053717));
#4451 = CARTESIAN_POINT('',(-3.347727731273,-0.150912405639,
    -0.996414930407));
#4452 = CARTESIAN_POINT('',(-3.344244262288,-0.21817067675,
    -0.994815807634));
#4453 = CARTESIAN_POINT('',(-3.339184560107,-0.285332453989,
    -0.993216685474));
#4454 = CARTESIAN_POINT('',(-3.332551959397,-0.352353467205,
    -0.991617563929));
#4455 = CARTESIAN_POINT('',(-3.324351353006,-0.419189573341,
    -0.990018442927));
#4456 = CARTESIAN_POINT('',(-3.305868187326,-0.545300133744,
    -0.986990751523));
#4457 = CARTESIAN_POINT('',(-3.295900941366,-0.604620887663,
    -0.985562180443));
#4458 = CARTESIAN_POINT('',(-3.284692054046,-0.663727643912,
    -0.984133609098));
#4459 = CARTESIAN_POINT('',(-3.272247098538,-0.722589234074,
    -0.982705037533));
#4460 = CARTESIAN_POINT('',(-3.258572621215,-0.781174695599,
    -0.981276465818));
#4461 = CARTESIAN_POINT('',(-3.243676141653,-0.839453271795,
    -0.979847894053));
#4462 = CARTESIAN_POINT('',(-3.194540769053,-1.016173411133,
    -0.975490758736));
#4463 = CARTESIAN_POINT('',(-3.156415308666,-1.133535339312,
    -0.972562172458));
#4464 = CARTESIAN_POINT('',(-3.113263330718,-1.249215924386,
    -0.969633602079));
#4465 = CARTESIAN_POINT('',(-3.065174748007,-1.362957356877,
    -0.966705042014));
#4466 = CARTESIAN_POINT('',(-3.01225571912,-1.474508545069,
    -0.963776471903));
#4467 = CARTESIAN_POINT('',(-2.954628540674,-1.583625370258,
    -0.960847885966));
#4468 = CARTESIAN_POINT('',(-2.812030862295,-1.827670760402,
    -0.954133633452));
#4469 = CARTESIAN_POINT('',(-2.72399137391,-1.960810937749,
    -0.950347867114));
#4470 = CARTESIAN_POINT('',(-2.628613420799,-2.088978140563,
    -0.946562158505));
#4471 = CARTESIAN_POINT('',(-2.526236126742,-2.211689223063,
    -0.942776486443));
#4472 = CARTESIAN_POINT('',(-2.417236683007,-2.328492077845,
    -0.938990777679));
#4473 = CARTESIAN_POINT('',(-2.302029638465,-2.438966486563,
    -0.935205011167));
#4474 = CARTESIAN_POINT('',(-2.080643367799,-2.62886437776,
    -0.928276475812));
#4475 = CARTESIAN_POINT('',(-1.976250490727,-2.710377434584,
    -0.925133597857));
#4476 = CARTESIAN_POINT('',(-1.868145199373,-2.787043300033,
    -0.921990742701));
#4477 = CARTESIAN_POINT('',(-1.756598244228,-2.858660429402,
    -0.918847902096));
#4478 = CARTESIAN_POINT('',(-1.641893145217,-2.925046792749,
    -0.915705046959));
#4479 = CARTESIAN_POINT('',(-1.524325851545,-2.986040093321,
    -0.912562169013));
#4480 = CARTESIAN_POINT('',(-1.218565071787,-3.127204294229,
    -0.90456227206));
#4481 = CARTESIAN_POINT('',(-1.026811982789,-3.199696542378,
    -0.899704943203));
#4482 = CARTESIAN_POINT('',(-0.830092591455,-3.258441741369,
    -0.894847819681));
#4483 = CARTESIAN_POINT('',(-0.629590703307,-3.303045842526,
    -0.889990826049));
#4484 = CARTESIAN_POINT('',(-0.426519552149,-3.333238947466,
    -0.885133701623));
#4485 = CARTESIAN_POINT('',(-0.222118346508,-3.348876075962,
    -0.880276372613));
#4486 = CARTESIAN_POINT('',(5.315773910409E-02,-3.350326618885,
    -0.873737244489));
#4487 = CARTESIAN_POINT('',(0.123977069337,-3.348953529022,
    -0.872055165242));
#4488 = CARTESIAN_POINT('',(0.194753889869,-3.345833951889,
    -0.870373085287));
#4489 = CARTESIAN_POINT('',(0.265436520957,-3.340969525522,
    -0.868691005153));
#4490 = CARTESIAN_POINT('',(0.335973421088,-3.334363796271,
    -0.867008925212));
#4491 = CARTESIAN_POINT('',(0.406313186981,-3.326022218795,
    -0.865326845678));
#4492 = CARTESIAN_POINT('',(0.78860332332,-3.271098398074,
    -0.856152502688));
#4493 = CARTESIAN_POINT('',(1.095976537681,-3.19193697242,-0.84865786738
    ));
#4494 = CARTESIAN_POINT('',(1.393813140405,-3.079107247339,
    -0.841164981223));
#4495 = CARTESIAN_POINT('',(1.67775704587,-2.934066769327,
    -0.833673203851));
#4496 = CARTESIAN_POINT('',(1.943746496728,-2.75889031239,
    -0.826180313636));
#4497 = CARTESIAN_POINT('',(2.188047334097,-2.556252882151,
    -0.818685678087));
#4498 = CARTESIAN_POINT('',(2.626901994575,-2.102745189985,
    -0.803694696836));
#4499 = CARTESIAN_POINT('',(2.821555617724,-1.851685914317,
    -0.796193597081));
#4500 = CARTESIAN_POINT('',(2.987999454418,-1.579818397047,
    -0.788694256795));
#4501 = CARTESIAN_POINT('',(3.123676601259,-1.290973043298,
    -0.781196022149));
#4502 = CARTESIAN_POINT('',(3.22664292316,-0.98928876064,-0.773696667515
    ));
#4503 = CARTESIAN_POINT('',(3.295583001832,-0.679178996421,
    -0.766195573303));
#4504 = CARTESIAN_POINT('',(3.335718569989,-0.313396121755,
    -0.757454451163));
#4505 = CARTESIAN_POINT('',(3.340476204007,-0.261302160602,
    -0.756212043753));
#4506 = CARTESIAN_POINT('',(3.344284585053,-0.209125000386,
    -0.75496963604));
#4507 = CARTESIAN_POINT('',(3.347142007971,-0.156885395421,
    -0.753727227857));
#4508 = CARTESIAN_POINT('',(3.349047335845,-0.104604136348,
    -0.752484819096));
#4509 = CARTESIAN_POINT('',(3.349999999999,-5.23020501423E-02,
    -0.75124240971));
#4510 = CARTESIAN_POINT('',(3.35,-1.0482637E-10,-0.749999999713));
#4511 = ORIENTED_EDGE('',*,*,#4512,.T.);
#4512 = EDGE_CURVE('',#4422,#4513,#4515,.T.);
#4513 = VERTEX_POINT('',#4514);
#4514 = CARTESIAN_POINT('',(3.35,-3.6823E-11,-1.049999999857));
#4515 = LINE('',#4516,#4517);
#4516 = CARTESIAN_POINT('',(3.35,0.,0.));
#4517 = VECTOR('',#4518,1.);
#4518 = DIRECTION('',(0.,0.,-1.));
#4519 = ORIENTED_EDGE('',*,*,#4520,.F.);
#4520 = EDGE_CURVE('',#4075,#4513,#4521,.T.);
#4521 = B_SPLINE_CURVE_WITH_KNOTS('',7,(#4522,#4523,#4524,#4525,#4526,
    #4527,#4528,#4529,#4530,#4531,#4532,#4533,#4534,#4535,#4536,#4537,
    #4538,#4539,#4540,#4541,#4542,#4543,#4544,#4545,#4546,#4547,#4548,
    #4549,#4550,#4551,#4552,#4553,#4554,#4555,#4556,#4557,#4558,#4559,
    #4560,#4561,#4562,#4563,#4564,#4565,#4566,#4567,#4568,#4569,#4570,
    #4571,#4572,#4573,#4574,#4575,#4576,#4577,#4578,#4579,#4580,#4581,
    #4582,#4583,#4584,#4585,#4586,#4587,#4588,#4589,#4590,#4591,#4592,
    #4593,#4594,#4595,#4596,#4597,#4598,#4599,#4600,#4601),
  .UNSPECIFIED.,.F.,.F.,(8,6,6,6,6,6,6,6,6,6,6,6,6,8),(0.,0.124914461943
    ,0.250905617907,0.375751333861,0.500743377535,0.523194323122,
    0.543197187153,0.583202807497,0.637210141133,0.681216286786,
    0.74922471811,0.863038058458,0.982628497378,1.),.UNSPECIFIED.);
#4522 = CARTESIAN_POINT('',(3.35,4.4E-16,-1.550000000003));
#4523 = CARTESIAN_POINT('',(3.35,0.375558025623,-1.541078800033));
#4524 = CARTESIAN_POINT('',(3.300879203239,0.75135726666,-1.532151929635
    ));
#4525 = CARTESIAN_POINT('',(3.202531865548,1.119244817605,
    -1.523229806063));
#4526 = CARTESIAN_POINT('',(3.056675956263,1.471615359624,
    -1.514309007065));
#4527 = CARTESIAN_POINT('',(2.866242973573,1.801386220463,
    -1.505386914742));
#4528 = CARTESIAN_POINT('',(2.635393117645,2.10196264852,-1.496460003894
    ));
#4529 = CARTESIAN_POINT('',(2.10224511432,2.63563109323,-1.478540745157)
  );
#4530 = CARTESIAN_POINT('',(1.798997151353,2.868470494539,
    -1.469536687663));
#4531 = CARTESIAN_POINT('',(1.466058424827,3.060167838426,
    -1.460537661522));
#4532 = CARTESIAN_POINT('',(1.110203066021,3.206462801433,
    -1.451539978471));
#4533 = CARTESIAN_POINT('',(0.738704476,3.304365207911,-1.442540958342)
  );
#4534 = CARTESIAN_POINT('',(0.359374566842,3.35213897371,-1.433536900567
    ));
#4535 = CARTESIAN_POINT('',(-0.394759311944,3.347768471883,
    -1.415622549663));
#4536 = CARTESIAN_POINT('',(-0.770060381396,3.296525882726,
    -1.406700563144));
#4537 = CARTESIAN_POINT('',(-1.137178467859,3.196157809974,
    -1.397783379811));
#4538 = CARTESIAN_POINT('',(-1.488530381902,3.048422036726,
    -1.388867497002));
#4539 = CARTESIAN_POINT('',(-1.817061574042,2.85628485105,
    -1.379950308295));
#4540 = CARTESIAN_POINT('',(-2.116211307803,2.623935659714,
    -1.371028321187));
#4541 = CARTESIAN_POINT('',(-2.644753718006,2.090214551784,
    -1.353185327862));
#4542 = CARTESIAN_POINT('',(-2.874403917034,1.788419029673,
    -1.344252856142));
#4543 = CARTESIAN_POINT('',(-3.063455331342,1.457574095534,
    -1.335325233414));
#4544 = CARTESIAN_POINT('',(-3.207770093902,1.104305963838,
    -1.326398871115));
#4545 = CARTESIAN_POINT('',(-3.304444165093,0.735723709484,
    -1.317471230171));
#4546 = CARTESIAN_POINT('',(-3.351792209765,0.359455216063,
    -1.308538787598));
#4547 = CARTESIAN_POINT('',(-3.349631125331,-8.383002353302E-02,
    -1.298008638001));
#4548 = CARTESIAN_POINT('',(-3.347715356634,-0.151320835619,
    -1.296405226672));
#4549 = CARTESIAN_POINT('',(-3.344213105499,-0.218759128426,
    -1.294801815888));
#4550 = CARTESIAN_POINT('',(-3.339126167626,-0.286100146699,
    -1.293198405727));
#4551 = CARTESIAN_POINT('',(-3.332457913576,-0.353299264311,
    -1.291594996186));
#4552 = CARTESIAN_POINT('',(-3.324213288772,-0.42031198426,
    -1.289991587175));
#4553 = CARTESIAN_POINT('',(-3.305654521917,-0.546593898198,
    -1.286959607726));
#4554 = CARTESIAN_POINT('',(-3.295664060583,-0.605910746603,
    -1.285531036646));
#4555 = CARTESIAN_POINT('',(-3.284432041742,-0.665013111415,
    -1.284102465301));
#4556 = CARTESIAN_POINT('',(-3.271964050762,-0.723869826404,
    -1.282673893735));
#4557 = CARTESIAN_POINT('',(-3.258266646134,-0.782449931585,
    -1.28124532202));
#4558 = CARTESIAN_POINT('',(-3.243347359471,-0.840722673213,
    -1.279816750255));
#4559 = CARTESIAN_POINT('',(-3.194949454452,-1.014526852947,
    -1.275531042888));
#4560 = CARTESIAN_POINT('',(-3.157830385679,-1.129045576789,
    -1.272673899889));
#4561 = CARTESIAN_POINT('',(-3.11592598114,-1.241968091285,
    -1.269816752614));
#4562 = CARTESIAN_POINT('',(-3.069319419248,-1.353054973804,
    -1.266959604021));
#4563 = CARTESIAN_POINT('',(-3.01810856488,-1.462072963111,
    -1.264102456976));
#4564 = CARTESIAN_POINT('',(-2.96240596937,-1.568794959364,
    -1.261245314261));
#4565 = CARTESIAN_POINT('',(-2.821248668174,-1.813676200376,
    -1.254531063513));
#4566 = CARTESIAN_POINT('',(-2.732201436948,-1.949769817634,
    -1.250673863583));
#4567 = CARTESIAN_POINT('',(-2.635511765806,-2.080735897065,
    -1.246816726924));
#4568 = CARTESIAN_POINT('',(-2.531536154644,-2.206061839228,
    -1.242959630334));
#4569 = CARTESIAN_POINT('',(-2.420672230562,-2.325268368508,
    -1.239102493537));
#4570 = CARTESIAN_POINT('',(-2.303357964141,-2.437910477559,
    -1.235245293467));
#4571 = CARTESIAN_POINT('',(-2.079614359463,-2.629678470181,
    -1.228245332015));
#4572 = CARTESIAN_POINT('',(-1.975189588925,-2.711150664902,
    -1.225102454057));
#4573 = CARTESIAN_POINT('',(-1.867054301415,-2.787774215708,
    -1.221959598899));
#4574 = CARTESIAN_POINT('',(-1.75547932628,-2.859347683871,
    -1.218816758294));
#4575 = CARTESIAN_POINT('',(-1.640748254665,-2.925689150422,
    -1.215673903158));
#4576 = CARTESIAN_POINT('',(-1.523157099269,-2.986636434446,
    -1.212531025213));
#4577 = CARTESIAN_POINT('',(-1.217341096003,-3.127680960074,
    -1.204531128265));
#4578 = CARTESIAN_POINT('',(-1.025559650659,-3.200098156972,
    -1.199673799412));
#4579 = CARTESIAN_POINT('',(-0.828817283494,-3.258766362116,
    -1.194816675894));
#4580 = CARTESIAN_POINT('',(-0.628297954167,-3.303291990166,
    -1.189959682261));
#4581 = CARTESIAN_POINT('',(-0.425215002007,-3.333405617584,
    -1.185102557832));
#4582 = CARTESIAN_POINT('',(-0.220807692169,-3.348962749134,
    -1.180245228819));
#4583 = CARTESIAN_POINT('',(0.325837114013,-3.35162930158,
    -1.167259817025));
#4584 = CARTESIAN_POINT('',(0.66836597343,-3.312521961443,
    -1.159127852351));
#4585 = CARTESIAN_POINT('',(1.005137947777,-3.232547213677,
    -1.150998862571));
#4586 = CARTESIAN_POINT('',(1.330378220063,-3.112837431295,
    -1.142870826649));
#4587 = CARTESIAN_POINT('',(1.638638337921,-2.955398507408,
    -1.134741836321));
#4588 = CARTESIAN_POINT('',(1.92478752932,-2.763110822599,
    -1.126609852358));
#4589 = CARTESIAN_POINT('',(2.456848591363,-2.305574074537,
    -1.109940563306));
#4590 = CARTESIAN_POINT('',(2.700255975534,-2.036880080029,
    -1.101395006283));
#4591 = CARTESIAN_POINT('',(2.909003112705,-1.738503490423,
    -1.09285329661));
#4592 = CARTESIAN_POINT('',(3.078954510116,-1.415885748424,
    -1.084312718443));
#4593 = CARTESIAN_POINT('',(3.206973014459,-1.074982287887,
    -1.075770985646));
#4594 = CARTESIAN_POINT('',(3.290909766876,-0.722280913286,
    -1.06722543568));
#4595 = CARTESIAN_POINT('',(3.33575909952,-0.312952020135,
    -1.057443859832));
#4596 = CARTESIAN_POINT('',(3.340503239524,-0.260931484654,
    -1.056203217642));
#4597 = CARTESIAN_POINT('',(3.34430081337,-0.208828098369,
    -1.054962575015));
#4598 = CARTESIAN_POINT('',(3.347150124387,-0.156662538338,
    -1.053721932044));
#4599 = CARTESIAN_POINT('',(3.349050041654,-0.1044555092,-1.05248128868)
  );
#4600 = CARTESIAN_POINT('',(3.349999999999,-5.222774317678E-02,
    -1.05124064473));
#4601 = CARTESIAN_POINT('',(3.35,-7.364687E-11,-1.049999999857));
#4602 = ORIENTED_EDGE('',*,*,#4074,.F.);
#4603 = CYLINDRICAL_SURFACE('',#4604,3.35);
#4604 = AXIS2_PLACEMENT_3D('',#4605,#4606,#4607);
#4605 = CARTESIAN_POINT('',(0.,0.,0.));
#4606 = DIRECTION('',(0.,0.,1.));
#4607 = DIRECTION('',(1.,0.,0.));
#4608 = ADVANCED_FACE('',(#4609),#4619,.F.);
#4609 = FACE_BOUND('',#4610,.F.);
#4610 = EDGE_LOOP('',(#4611,#4612,#4613,#4614));
#4611 = ORIENTED_EDGE('',*,*,#3989,.F.);
#4612 = ORIENTED_EDGE('',*,*,#4156,.T.);
#4613 = ORIENTED_EDGE('',*,*,#4245,.T.);
#4614 = ORIENTED_EDGE('',*,*,#4615,.F.);
#4615 = EDGE_CURVE('',#3990,#4246,#4616,.T.);
#4616 = B_SPLINE_CURVE_WITH_KNOTS('',1,(#4617,#4618),.UNSPECIFIED.,.F.,
  .F.,(2,2),(0.,0.15),.PIECEWISE_BEZIER_KNOTS.);
#4617 = CARTESIAN_POINT('',(3.229999992802,-7.367396E-11,-1.249999999858
    ));
#4618 = CARTESIAN_POINT('',(3.379999992802,-7.363976E-11,-1.249999999858
    ));
#4619 = B_SPLINE_SURFACE_WITH_KNOTS('',1,8,(
    (#4620,#4621,#4622,#4623,#4624,#4625,#4626,#4627,#4628,#4629,#4630
      ,#4631,#4632,#4633,#4634,#4635,#4636,#4637,#4638,#4639,#4640,#4641
      ,#4642,#4643,#4644,#4645,#4646,#4647,#4648,#4649)
    ,(#4650,#4651,#4652,#4653,#4654,#4655,#4656,#4657,#4658,#4659,#4660
      ,#4661,#4662,#4663,#4664,#4665,#4666,#4667,#4668,#4669,#4670,#4671
      ,#4672,#4673,#4674,#4675,#4676,#4677,#4678,#4679
  )),.UNSPECIFIED.,.F.,.F.,.F.,(2,2),(9,7,7,7,9),(0.,0.15),(0.,
    1.57576206969,3.151524139379,4.727286209069,6.303048278758),
  .UNSPECIFIED.);
#4620 = CARTESIAN_POINT('',(3.23,8.9E-16,-1.750000000004));
#4621 = CARTESIAN_POINT('',(3.229999989583,0.634207665114,
    -1.734374999793));
#4622 = CARTESIAN_POINT('',(3.087683194106,1.26842336911,-1.718749999407
    ));
#4623 = CARTESIAN_POINT('',(2.803053762081,1.865358886942,
    -1.703125002696));
#4624 = CARTESIAN_POINT('',(2.387803979892,2.387814195338,
    -1.687499994996));
#4625 = CARTESIAN_POINT('',(1.86536881158,2.80304794598,-1.671875004035)
  );
#4626 = CARTESIAN_POINT('',(1.268418006302,3.087684699154,
    -1.656249998665));
#4627 = CARTESIAN_POINT('',(0.634209001401,3.229999988999,
    -1.640624999772));
#4628 = CARTESIAN_POINT('',(-0.634209002536,3.230000003227,
    -1.609375000057));
#4629 = CARTESIAN_POINT('',(-1.268418092243,3.087684779671,
    -1.593750001333));
#4630 = CARTESIAN_POINT('',(-1.865368526689,2.803047707987,
    -1.578124995575));
#4631 = CARTESIAN_POINT('',(-2.387804353885,2.387814433359,
    -1.56250000515));
#4632 = CARTESIAN_POINT('',(-2.803053532268,1.865358786429,
    -1.546874996906));
#4633 = CARTESIAN_POINT('',(-3.087683245377,1.268423379734,
    -1.531250000634));
#4634 = CARTESIAN_POINT('',(-3.229999997173,0.634207665823,
    -1.515624999946));
#4635 = CARTESIAN_POINT('',(-3.229999995699,-0.634207665451,
    -1.484374999916));
#4636 = CARTESIAN_POINT('',(-3.087683186006,-1.268423368799,
    -1.468749999245));
#4637 = CARTESIAN_POINT('',(-2.803053770469,-1.865358887135,
    -1.45312500287));
#4638 = CARTESIAN_POINT('',(-2.387803973132,-2.387814195279,
    -1.437499994851));
#4639 = CARTESIAN_POINT('',(-1.865368815709,-2.803047946016,
    -1.42187500412));
#4640 = CARTESIAN_POINT('',(-1.268418004516,-3.087684699139,
    -1.406249998634));
#4641 = CARTESIAN_POINT('',(-0.634209001848,-3.229999989013,
    -1.390624999775));
#4642 = CARTESIAN_POINT('',(0.634209002982,-3.230000003241,
    -1.359375000061));
#4643 = CARTESIAN_POINT('',(1.268418090472,-3.087684779693,
    -1.343750001307));
#4644 = CARTESIAN_POINT('',(1.865368530786,-2.803047707852,
    -1.328124995642));
#4645 = CARTESIAN_POINT('',(2.38780434715,-2.387814433669,
    -1.312500005035));
#4646 = CARTESIAN_POINT('',(2.803053540681,-1.865358786147,
    -1.296874997061));
#4647 = CARTESIAN_POINT('',(3.087683237179,-1.268423379827,
    -1.281250000474));
#4648 = CARTESIAN_POINT('',(3.230000003417,-0.634207665925,
    -1.265625000073));
#4649 = CARTESIAN_POINT('',(3.229999992802,-7.367396E-11,-1.249999999858
    ));
#4650 = CARTESIAN_POINT('',(3.38,4.4E-16,-1.750000000004));
#4651 = CARTESIAN_POINT('',(3.379999989583,0.663660096847,
    -1.734374999793));
#4652 = CARTESIAN_POINT('',(3.231074075926,1.327328238331,
    -1.718749999417));
#4653 = CARTESIAN_POINT('',(2.93322647149,1.951985876085,-1.703125002675
    ));
#4654 = CARTESIAN_POINT('',(2.498692793802,2.498703004881,
    -1.687499995018));
#4655 = CARTESIAN_POINT('',(1.951995796458,2.933220657885,
    -1.671875004022));
#4656 = CARTESIAN_POINT('',(1.327322877866,3.231075580323,
    -1.656249998669));
#4657 = CARTESIAN_POINT('',(0.663661432531,3.379999988999,
    -1.640624999772));
#4658 = CARTESIAN_POINT('',(-0.663661433665,3.380000003227,
    -1.609375000057));
#4659 = CARTESIAN_POINT('',(-1.327322963807,3.231075660839,
    -1.59375000133));
#4660 = CARTESIAN_POINT('',(-1.951995511566,2.933220419892,
    -1.578124995588));
#4661 = CARTESIAN_POINT('',(-2.498693167797,2.498703242902,
    -1.562500005127));
#4662 = CARTESIAN_POINT('',(-2.933226241677,1.951985775571,
    -1.546874996928));
#4663 = CARTESIAN_POINT('',(-3.231074127197,1.327328248956,
    -1.531250000625));
#4664 = CARTESIAN_POINT('',(-3.379999997173,0.663660097556,
    -1.515624999946));
#4665 = CARTESIAN_POINT('',(-3.379999995699,-0.663660097184,
    -1.484374999916));
#4666 = CARTESIAN_POINT('',(-3.231074067826,-1.32732823802,
    -1.468749999245));
#4667 = CARTESIAN_POINT('',(-2.933226479878,-1.951985876277,
    -1.45312500287));
#4668 = CARTESIAN_POINT('',(-2.498692787044,-2.498703004822,
    -1.43749999485));
#4669 = CARTESIAN_POINT('',(-1.951995800586,-2.933220657921,
    -1.42187500412));
#4670 = CARTESIAN_POINT('',(-1.32732287608,-3.231075580307,
    -1.406249998634));
#4671 = CARTESIAN_POINT('',(-0.663661432978,-3.379999989013,
    -1.390624999776));
#4672 = CARTESIAN_POINT('',(0.663661434112,-3.380000003241,
    -1.35937500006));
#4673 = CARTESIAN_POINT('',(1.327322962036,-3.231075660861,
    -1.343750001307));
#4674 = CARTESIAN_POINT('',(1.951995515664,-2.933220419756,
    -1.328124995641));
#4675 = CARTESIAN_POINT('',(2.49869316106,-2.498703243214,
    -1.312500005035));
#4676 = CARTESIAN_POINT('',(2.93322625009,-1.951985775288,-1.29687499706
    ));
#4677 = CARTESIAN_POINT('',(3.231074118999,-1.327328249049,
    -1.281250000474));
#4678 = CARTESIAN_POINT('',(3.380000003417,-0.663660097657,
    -1.265625000073));
#4679 = CARTESIAN_POINT('',(3.379999992802,-7.363976E-11,-1.249999999858
    ));
#4680 = ADVANCED_FACE('',(#4681),#4700,.F.);
#4681 = FACE_BOUND('',#4682,.T.);
#4682 = EDGE_LOOP('',(#4683,#4691,#4698,#4699));
#4683 = ORIENTED_EDGE('',*,*,#4684,.T.);
#4684 = EDGE_CURVE('',#4139,#4685,#4687,.T.);
#4685 = VERTEX_POINT('',#4686);
#4686 = CARTESIAN_POINT('',(1.2,0.,0.65));
#4687 = LINE('',#4688,#4689);
#4688 = CARTESIAN_POINT('',(1.2,0.,0.));
#4689 = VECTOR('',#4690,1.);
#4690 = DIRECTION('',(0.,0.,1.));
#4691 = ORIENTED_EDGE('',*,*,#4692,.T.);
#4692 = EDGE_CURVE('',#4685,#4685,#4693,.T.);
#4693 = CIRCLE('',#4694,1.2);
#4694 = AXIS2_PLACEMENT_3D('',#4695,#4696,#4697);
#4695 = CARTESIAN_POINT('',(0.,0.,0.65));
#4696 = DIRECTION('',(0.,0.,1.));
#4697 = DIRECTION('',(1.,0.,0.));
#4698 = ORIENTED_EDGE('',*,*,#4684,.F.);
#4699 = ORIENTED_EDGE('',*,*,#4138,.F.);
#4700 = CYLINDRICAL_SURFACE('',#4701,1.2);
#4701 = AXIS2_PLACEMENT_3D('',#4702,#4703,#4704);
#4702 = CARTESIAN_POINT('',(0.,0.,0.));
#4703 = DIRECTION('',(-0.,-0.,-1.));
#4704 = DIRECTION('',(1.,0.,0.));
#4705 = ADVANCED_FACE('',(#4706),#4750,.F.);
#4706 = FACE_BOUND('',#4707,.F.);
#4707 = EDGE_LOOP('',(#4708,#4709,#4710,#4745));
#4708 = ORIENTED_EDGE('',*,*,#4281,.F.);
#4709 = ORIENTED_EDGE('',*,*,#4192,.F.);
#4710 = ORIENTED_EDGE('',*,*,#4711,.T.);
#4711 = EDGE_CURVE('',#4193,#4712,#4714,.T.);
#4712 = VERTEX_POINT('',#4713);
#4713 = CARTESIAN_POINT('',(3.379999992802,-7.33E-11,-1.049999999857));
#4714 = B_SPLINE_CURVE_WITH_KNOTS('',8,(#4715,#4716,#4717,#4718,#4719,
    #4720,#4721,#4722,#4723,#4724,#4725,#4726,#4727,#4728,#4729,#4730,
    #4731,#4732,#4733,#4734,#4735,#4736,#4737,#4738,#4739,#4740,#4741,
    #4742,#4743,#4744),.UNSPECIFIED.,.F.,.F.,(9,7,7,7,9),(0.,
    1.57576206969,3.151524139379,4.727286209069,6.303048278758),
  .UNSPECIFIED.);
#4715 = CARTESIAN_POINT('',(3.38,4.4E-16,-1.550000000003));
#4716 = CARTESIAN_POINT('',(3.379999989583,0.663660096847,
    -1.534374999792));
#4717 = CARTESIAN_POINT('',(3.231074075926,1.327328238331,
    -1.518749999421));
#4718 = CARTESIAN_POINT('',(2.933226471489,1.951985876084,
    -1.503125002651));
#4719 = CARTESIAN_POINT('',(2.498692793804,2.498703004883,
    -1.487499995082));
#4720 = CARTESIAN_POINT('',(1.951995796457,2.933220657883,
    -1.471875003963));
#4721 = CARTESIAN_POINT('',(1.327322877867,3.231075580323,
    -1.456249998692));
#4722 = CARTESIAN_POINT('',(0.663661432531,3.379999988999,
    -1.440624999775));
#4723 = CARTESIAN_POINT('',(-0.663661433665,3.380000003227,
    -1.40937500006));
#4724 = CARTESIAN_POINT('',(-1.327322963807,3.231075660839,
    -1.393750001357));
#4725 = CARTESIAN_POINT('',(-1.951995511568,2.933220419894,
    -1.378124995516));
#4726 = CARTESIAN_POINT('',(-2.498693167794,2.4987032429,-1.362500005214
    ));
#4727 = CARTESIAN_POINT('',(-2.933226241678,1.951985775572,
    -1.346874996882));
#4728 = CARTESIAN_POINT('',(-3.231074127197,1.327328248955,
    -1.331250000639));
#4729 = CARTESIAN_POINT('',(-3.379999997173,0.663660097556,
    -1.315624999945));
#4730 = CARTESIAN_POINT('',(-3.379999995699,-0.663660097184,
    -1.284374999915));
#4731 = CARTESIAN_POINT('',(-3.231074067826,-1.32732823802,
    -1.268749999252));
#4732 = CARTESIAN_POINT('',(-2.933226479877,-1.951985876277,
    -1.253125002842));
#4733 = CARTESIAN_POINT('',(-2.498692787045,-2.498703004823,
    -1.237499994919));
#4734 = CARTESIAN_POINT('',(-1.951995800585,-2.933220657919,
    -1.221875004058));
#4735 = CARTESIAN_POINT('',(-1.327322876081,-3.231075580308,
    -1.206249998659));
#4736 = CARTESIAN_POINT('',(-0.663661432978,-3.379999989013,
    -1.190624999778));
#4737 = CARTESIAN_POINT('',(0.663661434112,-3.380000003241,
    -1.159375000063));
#4738 = CARTESIAN_POINT('',(1.327322962036,-3.231075660861,
    -1.143750001331));
#4739 = CARTESIAN_POINT('',(1.951995515666,-2.933220419758,
    -1.128124995582));
#4740 = CARTESIAN_POINT('',(2.498693161058,-2.498703243211,
    -1.112500005099));
#4741 = CARTESIAN_POINT('',(2.933226250091,-1.951985775289,
    -1.096874997036));
#4742 = CARTESIAN_POINT('',(3.231074118999,-1.327328249049,
    -1.081250000479));
#4743 = CARTESIAN_POINT('',(3.380000003417,-0.663660097657,
    -1.065625000072));
#4744 = CARTESIAN_POINT('',(3.379999992802,-7.363932E-11,-1.049999999857
    ));
#4745 = ORIENTED_EDGE('',*,*,#4746,.F.);
#4746 = EDGE_CURVE('',#4282,#4712,#4747,.T.);
#4747 = B_SPLINE_CURVE_WITH_KNOTS('',1,(#4748,#4749),.UNSPECIFIED.,.F.,
  .F.,(2,2),(-0.180277563773,-0.),.PIECEWISE_BEZIER_KNOTS.);
#4748 = CARTESIAN_POINT('',(3.529999992802,-7.360557E-11,-1.149999999856
    ));
#4749 = CARTESIAN_POINT('',(3.379999992802,-7.363887E-11,-1.049999999857
    ));
#4750 = B_SPLINE_SURFACE_WITH_KNOTS('',1,8,(
    (#4751,#4752,#4753,#4754,#4755,#4756,#4757,#4758,#4759,#4760,#4761
      ,#4762,#4763,#4764,#4765,#4766,#4767,#4768,#4769,#4770,#4771,#4772
      ,#4773,#4774,#4775,#4776,#4777,#4778,#4779,#4780)
    ,(#4781,#4782,#4783,#4784,#4785,#4786,#4787,#4788,#4789,#4790,#4791
      ,#4792,#4793,#4794,#4795,#4796,#4797,#4798,#4799,#4800,#4801,#4802
      ,#4803,#4804,#4805,#4806,#4807,#4808,#4809,#4810
  )),.UNSPECIFIED.,.F.,.F.,.F.,(2,2),(9,7,7,7,9),(-0.180277563773,-0.),(
    0.,1.57576206969,3.151524139379,4.727286209069,6.303048278758),
  .UNSPECIFIED.);
#4751 = CARTESIAN_POINT('',(3.53,1.78E-15,-1.650000000001));
#4752 = CARTESIAN_POINT('',(3.529999989583,0.69311252858,-1.634374999791
    ));
#4753 = CARTESIAN_POINT('',(3.374464957746,1.386233107552,
    -1.618749999419));
#4754 = CARTESIAN_POINT('',(3.063399180899,2.038612865226,-1.60312500265
    ));
#4755 = CARTESIAN_POINT('',(2.609581607714,2.609591814427,
    -1.587499995079));
#4756 = CARTESIAN_POINT('',(2.038622781335,3.063393369788,
    -1.571875003962));
#4757 = CARTESIAN_POINT('',(1.38622774943,3.374466461492,-1.556249998691
    ));
#4758 = CARTESIAN_POINT('',(0.69311386366,3.529999988999,-1.540624999774
    ));
#4759 = CARTESIAN_POINT('',(-0.693113864795,3.530000003227,
    -1.509375000059));
#4760 = CARTESIAN_POINT('',(-1.386227835371,3.374466542007,
    -1.493750001356));
#4761 = CARTESIAN_POINT('',(-2.038622496444,3.063393131798,
    -1.478124995514));
#4762 = CARTESIAN_POINT('',(-2.609581981707,2.609592052444,
    -1.462500005214));
#4763 = CARTESIAN_POINT('',(-3.063398951086,2.038612764714,
    -1.44687499688));
#4764 = CARTESIAN_POINT('',(-3.374465009017,1.386233118177,
    -1.431250000638));
#4765 = CARTESIAN_POINT('',(-3.529999997173,0.693112529288,
    -1.415624999943));
#4766 = CARTESIAN_POINT('',(-3.529999995699,-0.693112528917,
    -1.384374999914));
#4767 = CARTESIAN_POINT('',(-3.374464949646,-1.386233107241,
    -1.368749999259));
#4768 = CARTESIAN_POINT('',(-3.063399189286,-2.038612865419,
    -1.353125002819));
#4769 = CARTESIAN_POINT('',(-2.609581600955,-2.609591814366,
    -1.33749999494));
#4770 = CARTESIAN_POINT('',(-2.038622785463,-3.063393369825,
    -1.321875004043));
#4771 = CARTESIAN_POINT('',(-1.386227747645,-3.374466461476,
    -1.306249998661));
#4772 = CARTESIAN_POINT('',(-0.693113864107,-3.529999989013,
    -1.290624999777));
#4773 = CARTESIAN_POINT('',(0.693113865241,-3.530000003241,
    -1.259375000062));
#4774 = CARTESIAN_POINT('',(1.3862278336,-3.37446654203,-1.243750001326)
  );
#4775 = CARTESIAN_POINT('',(2.038622500542,-3.063393131662,
    -1.228124995594));
#4776 = CARTESIAN_POINT('',(2.609581974971,-2.609592052756,
    -1.212500005074));
#4777 = CARTESIAN_POINT('',(3.063398959498,-2.03861276443,
    -1.196874997056));
#4778 = CARTESIAN_POINT('',(3.374465000819,-1.38623311827,
    -1.181250000468));
#4779 = CARTESIAN_POINT('',(3.530000003417,-0.69311252939,-1.16562500007
    ));
#4780 = CARTESIAN_POINT('',(3.529999992802,-7.360557E-11,-1.149999999856
    ));
#4781 = CARTESIAN_POINT('',(3.38,8.9E-16,-1.550000000003));
#4782 = CARTESIAN_POINT('',(3.379999989583,0.663660096847,
    -1.534374999792));
#4783 = CARTESIAN_POINT('',(3.231074075926,1.327328238331,
    -1.518749999421));
#4784 = CARTESIAN_POINT('',(2.93322647149,1.951985876084,-1.503125002651
    ));
#4785 = CARTESIAN_POINT('',(2.498692793804,2.498703004883,
    -1.487499995082));
#4786 = CARTESIAN_POINT('',(1.951995796457,2.933220657883,
    -1.471875003963));
#4787 = CARTESIAN_POINT('',(1.327322877867,3.231075580323,
    -1.456249998692));
#4788 = CARTESIAN_POINT('',(0.663661432531,3.379999988999,
    -1.440624999775));
#4789 = CARTESIAN_POINT('',(-0.663661433665,3.380000003227,
    -1.40937500006));
#4790 = CARTESIAN_POINT('',(-1.327322963807,3.231075660839,
    -1.393750001357));
#4791 = CARTESIAN_POINT('',(-1.951995511568,2.933220419894,
    -1.378124995516));
#4792 = CARTESIAN_POINT('',(-2.498693167794,2.4987032429,-1.362500005214
    ));
#4793 = CARTESIAN_POINT('',(-2.933226241678,1.951985775572,
    -1.346874996882));
#4794 = CARTESIAN_POINT('',(-3.231074127197,1.327328248955,
    -1.331250000639));
#4795 = CARTESIAN_POINT('',(-3.379999997173,0.663660097556,
    -1.315624999945));
#4796 = CARTESIAN_POINT('',(-3.379999995699,-0.663660097184,
    -1.284374999915));
#4797 = CARTESIAN_POINT('',(-3.231074067826,-1.32732823802,
    -1.268749999252));
#4798 = CARTESIAN_POINT('',(-2.933226479877,-1.951985876276,
    -1.253125002842));
#4799 = CARTESIAN_POINT('',(-2.498692787045,-2.498703004823,
    -1.237499994919));
#4800 = CARTESIAN_POINT('',(-1.951995800585,-2.933220657919,
    -1.221875004058));
#4801 = CARTESIAN_POINT('',(-1.327322876081,-3.231075580308,
    -1.206249998659));
#4802 = CARTESIAN_POINT('',(-0.663661432978,-3.379999989013,
    -1.190624999778));
#4803 = CARTESIAN_POINT('',(0.663661434112,-3.380000003241,
    -1.159375000063));
#4804 = CARTESIAN_POINT('',(1.327322962036,-3.231075660861,
    -1.143750001331));
#4805 = CARTESIAN_POINT('',(1.951995515666,-2.933220419758,
    -1.128124995582));
#4806 = CARTESIAN_POINT('',(2.498693161057,-2.498703243211,
    -1.112500005099));
#4807 = CARTESIAN_POINT('',(2.933226250091,-1.951985775289,
    -1.096874997036));
#4808 = CARTESIAN_POINT('',(3.231074118998,-1.327328249049,
    -1.081250000479));
#4809 = CARTESIAN_POINT('',(3.380000003417,-0.663660097657,
    -1.065625000072));
#4810 = CARTESIAN_POINT('',(3.379999992802,-7.363887E-11,-1.049999999857
    ));
#4811 = ADVANCED_FACE('',(#4812),#4890,.F.);
#4812 = FACE_BOUND('',#4813,.F.);
#4813 = EDGE_LOOP('',(#4814,#4849,#4850,#4885));
#4814 = ORIENTED_EDGE('',*,*,#4815,.F.);
#4815 = EDGE_CURVE('',#4246,#4816,#4818,.T.);
#4816 = VERTEX_POINT('',#4817);
#4817 = CARTESIAN_POINT('',(3.379999985594,-1.04522E-10,-0.749999999712)
  );
#4818 = B_SPLINE_CURVE_WITH_KNOTS('',8,(#4819,#4820,#4821,#4822,#4823,
    #4824,#4825,#4826,#4827,#4828,#4829,#4830,#4831,#4832,#4833,#4834,
    #4835,#4836,#4837,#4838,#4839,#4840,#4841,#4842,#4843,#4844,#4845,
    #4846,#4847,#4848),.UNSPECIFIED.,.F.,.F.,(9,7,7,7,9),(0.,
    1.57576206969,3.151524139379,4.727286209069,6.303048278758),
  .UNSPECIFIED.);
#4819 = CARTESIAN_POINT('',(3.379999992802,-7.328138E-11,-1.249999999858
    ));
#4820 = CARTESIAN_POINT('',(3.379999982352,0.66366009549,-1.234374999647
    ));
#4821 = CARTESIAN_POINT('',(3.231074069044,1.32732823534,-1.218749999248
    ));
#4822 = CARTESIAN_POINT('',(2.933226465357,1.951985871934,
    -1.203125002601));
#4823 = CARTESIAN_POINT('',(2.498692788683,2.498702999695,
    -1.187499994765));
#4824 = CARTESIAN_POINT('',(1.951995792282,2.933220651566,
    -1.171875003964));
#4825 = CARTESIAN_POINT('',(1.32732287508,3.23107557332,-1.156249998488)
  );
#4826 = CARTESIAN_POINT('',(0.663661431164,3.379999981701,
    -1.140624999626));
#4827 = CARTESIAN_POINT('',(-0.663661432196,3.379999996004,
    -1.109374999912));
#4828 = CARTESIAN_POINT('',(-1.327322960959,3.231075653962,
    -1.093750001182));
#4829 = CARTESIAN_POINT('',(-1.951995507272,2.933220413705,
    -1.078124995452));
#4830 = CARTESIAN_POINT('',(-2.49869316272,2.498703237213,-1.06250000495
    ));
#4831 = CARTESIAN_POINT('',(-2.933226234409,1.951985771308,
    -1.046874996794));
#4832 = CARTESIAN_POINT('',(-3.231074121246,1.327328246439,
    -1.031250000489));
#4833 = CARTESIAN_POINT('',(-3.379999989956,0.663660096101,
    -1.015624999801));
#4834 = CARTESIAN_POINT('',(-3.379999988498,-0.663660095677,
    -0.98437499977));
#4835 = CARTESIAN_POINT('',(-3.231074060952,-1.32732823521,-0.9687499991
    ));
#4836 = CARTESIAN_POINT('',(-2.933226473621,-1.95198587204,
    -0.953125002737));
#4837 = CARTESIAN_POINT('',(-2.498692781761,-2.498702999478,
    -0.937499994659));
#4838 = CARTESIAN_POINT('',(-1.951995796449,-2.933220651628,
    -0.921875004026));
#4839 = CARTESIAN_POINT('',(-1.327322873285,-3.231075573404,
    -0.906249998466));
#4840 = CARTESIAN_POINT('',(-0.6636614316,-3.379999981791,-0.89062499963
    ));
#4841 = CARTESIAN_POINT('',(0.663661432655,-3.379999996037,
    -0.859374999915));
#4842 = CARTESIAN_POINT('',(1.32732295916,-3.231075653971,
    -0.843750001158));
#4843 = CARTESIAN_POINT('',(1.951995511484,-2.933220413572,
    -0.828124995509));
#4844 = CARTESIAN_POINT('',(2.498693155682,-2.498703237791,
    -0.812500004845));
#4845 = CARTESIAN_POINT('',(2.933226243813,-1.951985771311,
    -0.796874996961));
#4846 = CARTESIAN_POINT('',(3.231074112094,-1.327328246141,
    -0.781250000306));
#4847 = CARTESIAN_POINT('',(3.379999996186,-0.663660096326,
    -0.765624999927));
#4848 = CARTESIAN_POINT('',(3.379999985598,-1.0481616E-10,
    -0.749999999713));
#4849 = ORIENTED_EDGE('',*,*,#4316,.T.);
#4850 = ORIENTED_EDGE('',*,*,#4851,.T.);
#4851 = EDGE_CURVE('',#4282,#4852,#4854,.T.);
#4852 = VERTEX_POINT('',#4853);
#4853 = CARTESIAN_POINT('',(3.529999985598,-1.04473E-10,-0.649999999712)
  );
#4854 = B_SPLINE_CURVE_WITH_KNOTS('',8,(#4855,#4856,#4857,#4858,#4859,
    #4860,#4861,#4862,#4863,#4864,#4865,#4866,#4867,#4868,#4869,#4870,
    #4871,#4872,#4873,#4874,#4875,#4876,#4877,#4878,#4879,#4880,#4881,
    #4882,#4883,#4884),.UNSPECIFIED.,.F.,.F.,(9,7,7,7,9),(0.,
    1.57576206969,3.151524139379,4.727286209069,6.303048278758),
  .UNSPECIFIED.);
#4855 = CARTESIAN_POINT('',(3.529999992802,-7.324852E-11,-1.149999999852
    ));
#4856 = CARTESIAN_POINT('',(3.529999982352,0.693112527223,
    -1.134374999641));
#4857 = CARTESIAN_POINT('',(3.374464950863,1.386233104561,
    -1.118749999248));
#4858 = CARTESIAN_POINT('',(3.063399174766,2.038612861075,
    -1.103125002579));
#4859 = CARTESIAN_POINT('',(2.609581602594,2.60959180924,-1.08749999481)
  );
#4860 = CARTESIAN_POINT('',(2.03862277716,3.06339336347,-1.07187500391)
  );
#4861 = CARTESIAN_POINT('',(1.386227746644,3.374466454488,
    -1.056249998504));
#4862 = CARTESIAN_POINT('',(0.693113862293,3.529999981701,
    -1.040624999624));
#4863 = CARTESIAN_POINT('',(-0.693113863326,3.529999996004,
    -1.00937499991));
#4864 = CARTESIAN_POINT('',(-1.386227832523,3.37446653513,
    -0.993750001205));
#4865 = CARTESIAN_POINT('',(-2.038622492151,3.063393125611,
    -0.978124995374));
#4866 = CARTESIAN_POINT('',(-2.60958197663,2.609592046756,
    -0.962500005032));
#4867 = CARTESIAN_POINT('',(-3.063398943819,2.03861276045,
    -0.946874996743));
#4868 = CARTESIAN_POINT('',(-3.374465003065,1.38623311566,
    -0.931250000499));
#4869 = CARTESIAN_POINT('',(-3.529999989956,0.693112527834,
    -0.915624999795));
#4870 = CARTESIAN_POINT('',(-3.529999988498,-0.69311252741,
    -0.884374999765));
#4871 = CARTESIAN_POINT('',(-3.374464942772,-1.386233104432,
    -0.868749999099));
#4872 = CARTESIAN_POINT('',(-3.063399183029,-2.038612861182,
    -0.853125002708));
#4873 = CARTESIAN_POINT('',(-2.609581595673,-2.609591809022,
    -0.837499994716));
#4874 = CARTESIAN_POINT('',(-2.038622781326,-3.063393363532,
    -0.821875003962));
#4875 = CARTESIAN_POINT('',(-1.386227744849,-3.374466454573,
    -0.806249998484));
#4876 = CARTESIAN_POINT('',(-0.693113862729,-3.529999981791,
    -0.790624999628));
#4877 = CARTESIAN_POINT('',(0.693113863785,-3.529999996037,
    -0.759374999913));
#4878 = CARTESIAN_POINT('',(1.386227830724,-3.374466535139,
    -0.743750001173));
#4879 = CARTESIAN_POINT('',(2.038622496361,-3.063393125477,
    -0.728124995451));
#4880 = CARTESIAN_POINT('',(2.609581969593,-2.609592047334,
    -0.712500004916));
#4881 = CARTESIAN_POINT('',(3.063398953222,-2.038612760453,
    -0.696874996911));
#4882 = CARTESIAN_POINT('',(3.374464993914,-1.386233115362,
    -0.681250000317));
#4883 = CARTESIAN_POINT('',(3.529999996186,-0.693112528059,
    -0.665624999921));
#4884 = CARTESIAN_POINT('',(3.529999985598,-1.0476864E-10,
    -0.649999999707));
#4885 = ORIENTED_EDGE('',*,*,#4886,.F.);
#4886 = EDGE_CURVE('',#4816,#4852,#4887,.T.);
#4887 = B_SPLINE_CURVE_WITH_KNOTS('',1,(#4888,#4889),.UNSPECIFIED.,.F.,
  .F.,(2,2),(0.,0.180277563773),.PIECEWISE_BEZIER_KNOTS.);
#4888 = CARTESIAN_POINT('',(3.379999985598,-1.0481616E-10,
    -0.749999999713));
#4889 = CARTESIAN_POINT('',(3.529999985598,-1.0476864E-10,
    -0.649999999707));
#4890 = B_SPLINE_SURFACE_WITH_KNOTS('',1,8,(
    (#4891,#4892,#4893,#4894,#4895,#4896,#4897,#4898,#4899,#4900,#4901
      ,#4902,#4903,#4904,#4905,#4906,#4907,#4908,#4909,#4910,#4911,#4912
      ,#4913,#4914,#4915,#4916,#4917,#4918,#4919,#4920)
    ,(#4921,#4922,#4923,#4924,#4925,#4926,#4927,#4928,#4929,#4930,#4931
      ,#4932,#4933,#4934,#4935,#4936,#4937,#4938,#4939,#4940,#4941,#4942
      ,#4943,#4944,#4945,#4946,#4947,#4948,#4949,#4950
  )),.UNSPECIFIED.,.F.,.F.,.F.,(2,2),(9,7,7,7,9),(0.,0.180277563773),(0.
    ,1.57576206969,3.151524139379,4.727286209069,6.303048278758),
  .UNSPECIFIED.);
#4891 = CARTESIAN_POINT('',(3.379999992802,-7.328138E-11,-1.249999999858
    ));
#4892 = CARTESIAN_POINT('',(3.379999982352,0.66366009549,-1.234374999647
    ));
#4893 = CARTESIAN_POINT('',(3.231074069044,1.32732823534,-1.218749999248
    ));
#4894 = CARTESIAN_POINT('',(2.933226465357,1.951985871934,
    -1.203125002601));
#4895 = CARTESIAN_POINT('',(2.498692788683,2.498702999695,
    -1.187499994765));
#4896 = CARTESIAN_POINT('',(1.951995792282,2.933220651566,
    -1.171875003964));
#4897 = CARTESIAN_POINT('',(1.32732287508,3.23107557332,-1.156249998488)
  );
#4898 = CARTESIAN_POINT('',(0.663661431164,3.379999981701,
    -1.140624999626));
#4899 = CARTESIAN_POINT('',(-0.663661432196,3.379999996004,
    -1.109374999912));
#4900 = CARTESIAN_POINT('',(-1.327322960959,3.231075653962,
    -1.093750001182));
#4901 = CARTESIAN_POINT('',(-1.951995507272,2.933220413705,
    -1.078124995452));
#4902 = CARTESIAN_POINT('',(-2.49869316272,2.498703237213,-1.06250000495
    ));
#4903 = CARTESIAN_POINT('',(-2.933226234409,1.951985771308,
    -1.046874996794));
#4904 = CARTESIAN_POINT('',(-3.231074121246,1.327328246439,
    -1.031250000489));
#4905 = CARTESIAN_POINT('',(-3.379999989956,0.663660096101,
    -1.015624999801));
#4906 = CARTESIAN_POINT('',(-3.379999988498,-0.663660095677,
    -0.98437499977));
#4907 = CARTESIAN_POINT('',(-3.231074060952,-1.32732823521,-0.9687499991
    ));
#4908 = CARTESIAN_POINT('',(-2.933226473621,-1.95198587204,
    -0.953125002737));
#4909 = CARTESIAN_POINT('',(-2.498692781761,-2.498702999478,
    -0.937499994659));
#4910 = CARTESIAN_POINT('',(-1.951995796449,-2.933220651628,
    -0.921875004026));
#4911 = CARTESIAN_POINT('',(-1.327322873285,-3.231075573404,
    -0.906249998466));
#4912 = CARTESIAN_POINT('',(-0.6636614316,-3.379999981791,-0.89062499963
    ));
#4913 = CARTESIAN_POINT('',(0.663661432655,-3.379999996037,
    -0.859374999915));
#4914 = CARTESIAN_POINT('',(1.32732295916,-3.231075653971,
    -0.843750001158));
#4915 = CARTESIAN_POINT('',(1.951995511484,-2.933220413572,
    -0.828124995509));
#4916 = CARTESIAN_POINT('',(2.498693155682,-2.498703237791,
    -0.812500004845));
#4917 = CARTESIAN_POINT('',(2.933226243813,-1.951985771311,
    -0.796874996961));
#4918 = CARTESIAN_POINT('',(3.231074112094,-1.327328246141,
    -0.781250000306));
#4919 = CARTESIAN_POINT('',(3.379999996186,-0.663660096326,
    -0.765624999927));
#4920 = CARTESIAN_POINT('',(3.379999985598,-1.0481616E-10,
    -0.749999999713));
#4921 = CARTESIAN_POINT('',(3.529999992802,-7.324852E-11,-1.149999999852
    ));
#4922 = CARTESIAN_POINT('',(3.529999982352,0.693112527223,
    -1.134374999641));
#4923 = CARTESIAN_POINT('',(3.374464950863,1.386233104561,
    -1.118749999248));
#4924 = CARTESIAN_POINT('',(3.063399174766,2.038612861075,
    -1.103125002579));
#4925 = CARTESIAN_POINT('',(2.609581602594,2.60959180924,-1.08749999481)
  );
#4926 = CARTESIAN_POINT('',(2.03862277716,3.06339336347,-1.07187500391)
  );
#4927 = CARTESIAN_POINT('',(1.386227746644,3.374466454488,
    -1.056249998504));
#4928 = CARTESIAN_POINT('',(0.693113862293,3.529999981701,
    -1.040624999624));
#4929 = CARTESIAN_POINT('',(-0.693113863326,3.529999996004,
    -1.00937499991));
#4930 = CARTESIAN_POINT('',(-1.386227832523,3.37446653513,
    -0.993750001205));
#4931 = CARTESIAN_POINT('',(-2.038622492151,3.063393125611,
    -0.978124995374));
#4932 = CARTESIAN_POINT('',(-2.60958197663,2.609592046756,
    -0.962500005032));
#4933 = CARTESIAN_POINT('',(-3.063398943819,2.03861276045,
    -0.946874996743));
#4934 = CARTESIAN_POINT('',(-3.374465003065,1.38623311566,
    -0.931250000499));
#4935 = CARTESIAN_POINT('',(-3.529999989956,0.693112527834,
    -0.915624999795));
#4936 = CARTESIAN_POINT('',(-3.529999988498,-0.69311252741,
    -0.884374999765));
#4937 = CARTESIAN_POINT('',(-3.374464942772,-1.386233104432,
    -0.868749999099));
#4938 = CARTESIAN_POINT('',(-3.063399183029,-2.038612861182,
    -0.853125002708));
#4939 = CARTESIAN_POINT('',(-2.609581595673,-2.609591809022,
    -0.837499994716));
#4940 = CARTESIAN_POINT('',(-2.038622781326,-3.063393363532,
    -0.821875003962));
#4941 = CARTESIAN_POINT('',(-1.386227744849,-3.374466454573,
    -0.806249998484));
#4942 = CARTESIAN_POINT('',(-0.693113862729,-3.529999981791,
    -0.790624999628));
#4943 = CARTESIAN_POINT('',(0.693113863785,-3.529999996037,
    -0.759374999913));
#4944 = CARTESIAN_POINT('',(1.386227830724,-3.374466535139,
    -0.743750001173));
#4945 = CARTESIAN_POINT('',(2.038622496361,-3.063393125477,
    -0.728124995451));
#4946 = CARTESIAN_POINT('',(2.609581969593,-2.609592047334,
    -0.712500004916));
#4947 = CARTESIAN_POINT('',(3.063398953222,-2.038612760453,
    -0.696874996911));
#4948 = CARTESIAN_POINT('',(3.374464993914,-1.386233115362,
    -0.681250000317));
#4949 = CARTESIAN_POINT('',(3.529999996186,-0.693112528059,
    -0.665624999921));
#4950 = CARTESIAN_POINT('',(3.529999985598,-1.0476864E-10,
    -0.649999999707));
#4951 = ADVANCED_FACE('',(#4952),#4962,.F.);
#4952 = FACE_BOUND('',#4953,.F.);
#4953 = EDGE_LOOP('',(#4954,#4955,#4956,#4957));
#4954 = ORIENTED_EDGE('',*,*,#4711,.F.);
#4955 = ORIENTED_EDGE('',*,*,#4386,.F.);
#4956 = ORIENTED_EDGE('',*,*,#4520,.T.);
#4957 = ORIENTED_EDGE('',*,*,#4958,.F.);
#4958 = EDGE_CURVE('',#4712,#4513,#4959,.T.);
#4959 = B_SPLINE_CURVE_WITH_KNOTS('',1,(#4960,#4961),.UNSPECIFIED.,.F.,
  .F.,(2,2),(-0.15,-0.),.PIECEWISE_BEZIER_KNOTS.);
#4960 = CARTESIAN_POINT('',(3.379999992802,-7.363932E-11,-1.049999999857
    ));
#4961 = CARTESIAN_POINT('',(3.229999992802,-7.36744E-11,-1.049999999857)
  );
#4962 = B_SPLINE_SURFACE_WITH_KNOTS('',1,8,(
    (#4963,#4964,#4965,#4966,#4967,#4968,#4969,#4970,#4971,#4972,#4973
      ,#4974,#4975,#4976,#4977,#4978,#4979,#4980,#4981,#4982,#4983,#4984
      ,#4985,#4986,#4987,#4988,#4989,#4990,#4991,#4992)
    ,(#4993,#4994,#4995,#4996,#4997,#4998,#4999,#5000,#5001,#5002,#5003
      ,#5004,#5005,#5006,#5007,#5008,#5009,#5010,#5011,#5012,#5013,#5014
      ,#5015,#5016,#5017,#5018,#5019,#5020,#5021,#5022
  )),.UNSPECIFIED.,.F.,.F.,.F.,(2,2),(9,7,7,7,9),(-0.15,-0.),(0.,
    1.57576206969,3.151524139379,4.727286209069,6.303048278758),
  .UNSPECIFIED.);
#4963 = CARTESIAN_POINT('',(3.38,4.4E-16,-1.550000000003));
#4964 = CARTESIAN_POINT('',(3.379999989583,0.663660096847,
    -1.534374999792));
#4965 = CARTESIAN_POINT('',(3.231074075926,1.327328238331,
    -1.518749999421));
#4966 = CARTESIAN_POINT('',(2.933226471489,1.951985876084,
    -1.503125002651));
#4967 = CARTESIAN_POINT('',(2.498692793804,2.498703004883,
    -1.487499995082));
#4968 = CARTESIAN_POINT('',(1.951995796457,2.933220657883,
    -1.471875003963));
#4969 = CARTESIAN_POINT('',(1.327322877867,3.231075580323,
    -1.456249998692));
#4970 = CARTESIAN_POINT('',(0.663661432531,3.379999988999,
    -1.440624999775));
#4971 = CARTESIAN_POINT('',(-0.663661433665,3.380000003227,
    -1.40937500006));
#4972 = CARTESIAN_POINT('',(-1.327322963807,3.231075660839,
    -1.393750001357));
#4973 = CARTESIAN_POINT('',(-1.951995511568,2.933220419894,
    -1.378124995516));
#4974 = CARTESIAN_POINT('',(-2.498693167794,2.4987032429,-1.362500005214
    ));
#4975 = CARTESIAN_POINT('',(-2.933226241678,1.951985775572,
    -1.346874996882));
#4976 = CARTESIAN_POINT('',(-3.231074127197,1.327328248955,
    -1.331250000639));
#4977 = CARTESIAN_POINT('',(-3.379999997173,0.663660097556,
    -1.315624999945));
#4978 = CARTESIAN_POINT('',(-3.379999995699,-0.663660097184,
    -1.284374999915));
#4979 = CARTESIAN_POINT('',(-3.231074067826,-1.32732823802,
    -1.268749999252));
#4980 = CARTESIAN_POINT('',(-2.933226479877,-1.951985876277,
    -1.253125002842));
#4981 = CARTESIAN_POINT('',(-2.498692787045,-2.498703004823,
    -1.237499994919));
#4982 = CARTESIAN_POINT('',(-1.951995800585,-2.933220657919,
    -1.221875004058));
#4983 = CARTESIAN_POINT('',(-1.327322876081,-3.231075580308,
    -1.206249998659));
#4984 = CARTESIAN_POINT('',(-0.663661432978,-3.379999989013,
    -1.190624999778));
#4985 = CARTESIAN_POINT('',(0.663661434112,-3.380000003241,
    -1.159375000063));
#4986 = CARTESIAN_POINT('',(1.327322962036,-3.231075660861,
    -1.143750001331));
#4987 = CARTESIAN_POINT('',(1.951995515666,-2.933220419758,
    -1.128124995582));
#4988 = CARTESIAN_POINT('',(2.498693161058,-2.498703243211,
    -1.112500005099));
#4989 = CARTESIAN_POINT('',(2.933226250091,-1.951985775289,
    -1.096874997036));
#4990 = CARTESIAN_POINT('',(3.231074118999,-1.327328249049,
    -1.081250000479));
#4991 = CARTESIAN_POINT('',(3.380000003417,-0.663660097657,
    -1.065625000072));
#4992 = CARTESIAN_POINT('',(3.379999992802,-7.363932E-11,-1.049999999857
    ));
#4993 = CARTESIAN_POINT('',(3.23,1.33E-15,-1.550000000003));
#4994 = CARTESIAN_POINT('',(3.229999989584,0.634207665114,
    -1.534374999792));
#4995 = CARTESIAN_POINT('',(3.087683194106,1.26842336911,-1.518749999412
    ));
#4996 = CARTESIAN_POINT('',(2.80305376208,1.865358886943,-1.503125002672
    ));
#4997 = CARTESIAN_POINT('',(2.387803979894,2.387814195339,
    -1.487499995059));
#4998 = CARTESIAN_POINT('',(1.865368811579,2.803047945979,
    -1.471875003975));
#4999 = CARTESIAN_POINT('',(1.268418006302,3.087684699154,
    -1.456249998689));
#5000 = CARTESIAN_POINT('',(0.634209001401,3.229999988999,
    -1.440624999775));
#5001 = CARTESIAN_POINT('',(-0.634209002536,3.230000003227,
    -1.40937500006));
#5002 = CARTESIAN_POINT('',(-1.268418092242,3.087684779671,
    -1.39375000136));
#5003 = CARTESIAN_POINT('',(-1.865368526691,2.803047707989,
    -1.378124995503));
#5004 = CARTESIAN_POINT('',(-2.387804353883,2.387814433357,
    -1.362500005237));
#5005 = CARTESIAN_POINT('',(-2.80305353227,1.86535878643,-1.34687499686)
  );
#5006 = CARTESIAN_POINT('',(-3.087683245377,1.268423379734,
    -1.331250000648));
#5007 = CARTESIAN_POINT('',(-3.229999997173,0.634207665823,
    -1.315624999945));
#5008 = CARTESIAN_POINT('',(-3.229999995699,-0.634207665451,
    -1.284374999915));
#5009 = CARTESIAN_POINT('',(-3.087683186006,-1.268423368799,
    -1.268749999252));
#5010 = CARTESIAN_POINT('',(-2.803053770468,-1.865358887134,
    -1.253125002841));
#5011 = CARTESIAN_POINT('',(-2.387803973135,-2.38781419528,
    -1.23749999492));
#5012 = CARTESIAN_POINT('',(-1.865368815707,-2.803047946014,
    -1.221875004057));
#5013 = CARTESIAN_POINT('',(-1.268418004516,-3.087684699139,
    -1.206249998659));
#5014 = CARTESIAN_POINT('',(-0.634209001848,-3.229999989013,
    -1.190624999778));
#5015 = CARTESIAN_POINT('',(0.634209002982,-3.230000003241,
    -1.159375000063));
#5016 = CARTESIAN_POINT('',(1.268418090471,-3.087684779692,
    -1.143750001331));
#5017 = CARTESIAN_POINT('',(1.865368530788,-2.803047707853,
    -1.128124995583));
#5018 = CARTESIAN_POINT('',(2.387804347147,-2.387814433668,
    -1.112500005098));
#5019 = CARTESIAN_POINT('',(2.803053540682,-1.865358786147,
    -1.096874997037));
#5020 = CARTESIAN_POINT('',(3.087683237179,-1.268423379827,
    -1.081250000478));
#5021 = CARTESIAN_POINT('',(3.230000003417,-0.634207665925,
    -1.065625000072));
#5022 = CARTESIAN_POINT('',(3.229999992802,-7.36744E-11,-1.049999999857)
  );
#5023 = ADVANCED_FACE('',(#5024),#5035,.F.);
#5024 = FACE_BOUND('',#5025,.F.);
#5025 = EDGE_LOOP('',(#5026,#5027,#5028,#5029));
#5026 = ORIENTED_EDGE('',*,*,#4421,.F.);
#5027 = ORIENTED_EDGE('',*,*,#4615,.T.);
#5028 = ORIENTED_EDGE('',*,*,#4815,.T.);
#5029 = ORIENTED_EDGE('',*,*,#5030,.F.);
#5030 = EDGE_CURVE('',#4422,#4816,#5031,.T.);
#5031 = LINE('',#5032,#5033);
#5032 = CARTESIAN_POINT('',(3.229999985598,-1.0457154E-10,
    -0.749999999713));
#5033 = VECTOR('',#5034,1.);
#5034 = DIRECTION('',(1.,3.2757E-13,-8.7276E-13));
#5035 = B_SPLINE_SURFACE_WITH_KNOTS('',1,8,(
    (#5036,#5037,#5038,#5039,#5040,#5041,#5042,#5043,#5044,#5045,#5046
      ,#5047,#5048,#5049,#5050,#5051,#5052,#5053,#5054,#5055,#5056,#5057
      ,#5058,#5059,#5060,#5061,#5062,#5063,#5064,#5065)
    ,(#5066,#5067,#5068,#5069,#5070,#5071,#5072,#5073,#5074,#5075,#5076
      ,#5077,#5078,#5079,#5080,#5081,#5082,#5083,#5084,#5085,#5086,#5087
      ,#5088,#5089,#5090,#5091,#5092,#5093,#5094,#5095
  )),.UNSPECIFIED.,.F.,.F.,.F.,(2,2),(9,7,7,7,9),(0.,0.15),(0.,
    1.57576206969,3.151524139379,4.727286209069,6.303048278758),
  .UNSPECIFIED.);
#5036 = CARTESIAN_POINT('',(3.229999992802,-7.331646E-11,-1.249999999858
    ));
#5037 = CARTESIAN_POINT('',(3.229999982352,0.634207663757,
    -1.234374999647));
#5038 = CARTESIAN_POINT('',(3.087683187224,1.268423366118,
    -1.218749999248));
#5039 = CARTESIAN_POINT('',(2.803053755949,1.865358882792,-1.2031250026)
  );
#5040 = CARTESIAN_POINT('',(2.387803974771,2.387814190151,
    -1.187499994766));
#5041 = CARTESIAN_POINT('',(1.865368807406,2.803047939662,
    -1.171875003963));
#5042 = CARTESIAN_POINT('',(1.268418003516,3.087684692151,
    -1.156249998489));
#5043 = CARTESIAN_POINT('',(0.634209000034,3.229999981701,
    -1.140624999626));
#5044 = CARTESIAN_POINT('',(-0.634209001067,3.229999996004,
    -1.109374999912));
#5045 = CARTESIAN_POINT('',(-1.268418089395,3.087684772794,
    -1.093750001182));
#5046 = CARTESIAN_POINT('',(-1.865368522394,2.8030477018,-1.078124995453
    ));
#5047 = CARTESIAN_POINT('',(-2.38780434881,2.38781442767,-1.062500004949
    ));
#5048 = CARTESIAN_POINT('',(-2.803053525,1.865358782166,-1.046874996795)
  );
#5049 = CARTESIAN_POINT('',(-3.087683239426,1.268423377217,
    -1.031250000489));
#5050 = CARTESIAN_POINT('',(-3.229999989956,0.634207664369,
    -1.015624999801));
#5051 = CARTESIAN_POINT('',(-3.229999988498,-0.634207663944,
    -0.98437499977));
#5052 = CARTESIAN_POINT('',(-3.087683179132,-1.268423365989,
    -0.9687499991));
#5053 = CARTESIAN_POINT('',(-2.803053764212,-1.865358882898,
    -0.953125002736));
#5054 = CARTESIAN_POINT('',(-2.38780396785,-2.387814189934,
    -0.93749999466));
#5055 = CARTESIAN_POINT('',(-1.865368811572,-2.803047939723,
    -0.921875004025));
#5056 = CARTESIAN_POINT('',(-1.268418001721,-3.087684692235,
    -0.906249998466));
#5057 = CARTESIAN_POINT('',(-0.63420900047,-3.229999981791,
    -0.89062499963));
#5058 = CARTESIAN_POINT('',(0.634209001526,-3.229999996037,
    -0.859374999915));
#5059 = CARTESIAN_POINT('',(1.268418087596,-3.087684772803,
    -0.843750001157));
#5060 = CARTESIAN_POINT('',(1.865368526605,-2.803047701667,
    -0.82812499551));
#5061 = CARTESIAN_POINT('',(2.387804341771,-2.387814428247,
    -0.812500004844));
#5062 = CARTESIAN_POINT('',(2.803053534404,-1.865358782169,
    -0.796874996962));
#5063 = CARTESIAN_POINT('',(3.087683230274,-1.268423376919,
    -0.781250000306));
#5064 = CARTESIAN_POINT('',(3.229999996186,-0.634207664594,
    -0.765624999927));
#5065 = CARTESIAN_POINT('',(3.229999985598,-1.0486456E-10,
    -0.749999999713));
#5066 = CARTESIAN_POINT('',(3.379999992802,-7.328138E-11,-1.249999999858
    ));
#5067 = CARTESIAN_POINT('',(3.379999982352,0.66366009549,-1.234374999647
    ));
#5068 = CARTESIAN_POINT('',(3.231074069044,1.32732823534,-1.218749999248
    ));
#5069 = CARTESIAN_POINT('',(2.933226465357,1.951985871934,
    -1.203125002601));
#5070 = CARTESIAN_POINT('',(2.498692788683,2.498702999695,
    -1.187499994765));
#5071 = CARTESIAN_POINT('',(1.951995792282,2.933220651566,
    -1.171875003964));
#5072 = CARTESIAN_POINT('',(1.32732287508,3.23107557332,-1.156249998488)
  );
#5073 = CARTESIAN_POINT('',(0.663661431164,3.379999981701,
    -1.140624999626));
#5074 = CARTESIAN_POINT('',(-0.663661432196,3.379999996004,
    -1.109374999912));
#5075 = CARTESIAN_POINT('',(-1.327322960959,3.231075653962,
    -1.093750001182));
#5076 = CARTESIAN_POINT('',(-1.951995507272,2.933220413705,
    -1.078124995452));
#5077 = CARTESIAN_POINT('',(-2.49869316272,2.498703237213,-1.06250000495
    ));
#5078 = CARTESIAN_POINT('',(-2.933226234409,1.951985771308,
    -1.046874996794));
#5079 = CARTESIAN_POINT('',(-3.231074121246,1.327328246439,
    -1.031250000489));
#5080 = CARTESIAN_POINT('',(-3.379999989956,0.663660096101,
    -1.015624999801));
#5081 = CARTESIAN_POINT('',(-3.379999988498,-0.663660095677,
    -0.98437499977));
#5082 = CARTESIAN_POINT('',(-3.231074060952,-1.32732823521,-0.9687499991
    ));
#5083 = CARTESIAN_POINT('',(-2.933226473621,-1.95198587204,
    -0.953125002737));
#5084 = CARTESIAN_POINT('',(-2.498692781761,-2.498702999478,
    -0.937499994659));
#5085 = CARTESIAN_POINT('',(-1.951995796449,-2.933220651628,
    -0.921875004026));
#5086 = CARTESIAN_POINT('',(-1.327322873285,-3.231075573404,
    -0.906249998466));
#5087 = CARTESIAN_POINT('',(-0.6636614316,-3.379999981791,-0.89062499963
    ));
#5088 = CARTESIAN_POINT('',(0.663661432655,-3.379999996037,
    -0.859374999915));
#5089 = CARTESIAN_POINT('',(1.32732295916,-3.231075653971,
    -0.843750001158));
#5090 = CARTESIAN_POINT('',(1.951995511484,-2.933220413572,
    -0.828124995509));
#5091 = CARTESIAN_POINT('',(2.498693155682,-2.498703237791,
    -0.812500004845));
#5092 = CARTESIAN_POINT('',(2.933226243813,-1.951985771311,
    -0.796874996961));
#5093 = CARTESIAN_POINT('',(3.231074112094,-1.327328246141,
    -0.781250000306));
#5094 = CARTESIAN_POINT('',(3.379999996186,-0.663660096326,
    -0.765624999927));
#5095 = CARTESIAN_POINT('',(3.379999985598,-1.0481616E-10,
    -0.749999999713));
#5096 = ADVANCED_FACE('',(#5097),#5332,.T.);
#5097 = FACE_BOUND('',#5098,.F.);
#5098 = EDGE_LOOP('',(#5099,#5109,#5116,#5117,#5212,#5213,#5235,#5277,
    #5312));
#5099 = ORIENTED_EDGE('',*,*,#5100,.F.);
#5100 = EDGE_CURVE('',#5101,#5103,#5105,.T.);
#5101 = VERTEX_POINT('',#5102);
#5102 = CARTESIAN_POINT('',(3.35,0.,0.));
#5103 = VERTEX_POINT('',#5104);
#5104 = CARTESIAN_POINT('',(3.35,-5.2266E-11,-0.549999999712));
#5105 = LINE('',#5106,#5107);
#5106 = CARTESIAN_POINT('',(3.35,0.,0.));
#5107 = VECTOR('',#5108,1.);
#5108 = DIRECTION('',(0.,0.,-1.));
#5109 = ORIENTED_EDGE('',*,*,#5110,.F.);
#5110 = EDGE_CURVE('',#5101,#5101,#5111,.T.);
#5111 = CIRCLE('',#5112,3.35);
#5112 = AXIS2_PLACEMENT_3D('',#5113,#5114,#5115);
#5113 = CARTESIAN_POINT('',(0.,0.,0.));
#5114 = DIRECTION('',(0.,0.,-1.));
#5115 = DIRECTION('',(1.,0.,0.));
#5116 = ORIENTED_EDGE('',*,*,#5100,.T.);
#5117 = ORIENTED_EDGE('',*,*,#5118,.F.);
#5118 = EDGE_CURVE('',#4513,#5103,#5119,.T.);
#5119 = B_SPLINE_CURVE_WITH_KNOTS('',7,(#5120,#5121,#5122,#5123,#5124,
    #5125,#5126,#5127,#5128,#5129,#5130,#5131,#5132,#5133,#5134,#5135,
    #5136,#5137,#5138,#5139,#5140,#5141,#5142,#5143,#5144,#5145,#5146,
    #5147,#5148,#5149,#5150,#5151,#5152,#5153,#5154,#5155,#5156,#5157,
    #5158,#5159,#5160,#5161,#5162,#5163,#5164,#5165,#5166,#5167,#5168,
    #5169,#5170,#5171,#5172,#5173,#5174,#5175,#5176,#5177,#5178,#5179,
    #5180,#5181,#5182,#5183,#5184,#5185,#5186,#5187,#5188,#5189,#5190,
    #5191,#5192,#5193,#5194,#5195,#5196,#5197,#5198,#5199,#5200,#5201,
    #5202,#5203,#5204,#5205,#5206,#5207,#5208,#5209,#5210,#5211),
  .UNSPECIFIED.,.F.,.F.,(8,6,6,6,6,6,6,6,6,6,6,6,6,6,6,8),(0.,
    0.124909885401,0.250897447652,0.375738354201,0.500726832871,
    0.523116875373,0.543119169392,0.584123755522,0.637129470206,
    0.681134361761,0.749140854962,0.772717371868,0.826637521579,
    0.922641326448,0.983625136284,1.),.UNSPECIFIED.);
#5120 = CARTESIAN_POINT('',(3.35,-7.328937E-11,-1.049999999857));
#5121 = CARTESIAN_POINT('',(3.350000000004,0.375554978553,
    -1.041078872269));
#5122 = CARTESIAN_POINT('',(3.300880000365,0.751351161878,
    -1.032152074497));
#5123 = CARTESIAN_POINT('',(3.202534262359,1.119235851925,
    -1.023230023355));
#5124 = CARTESIAN_POINT('',(3.056680695647,1.471603912499,
    -1.014309296731));
#5125 = CARTESIAN_POINT('',(2.866250705249,1.801372832919,
    -1.005387276817));
#5126 = CARTESIAN_POINT('',(2.635404361851,2.101948006245,
    -0.996460438587));
#5127 = CARTESIAN_POINT('',(2.102261913869,2.635617693404,
    -0.978541252238));
#5128 = CARTESIAN_POINT('',(1.79901543503,2.868459027622,-0.969537194745
    ));
#5129 = CARTESIAN_POINT('',(1.466077930397,3.060158493666,
    -0.960538168607));
#5130 = CARTESIAN_POINT('',(1.110223504079,3.206455724903,
    -0.951540485555));
#5131 = CARTESIAN_POINT('',(0.7387255381,3.304360499322,-0.942541465412)
  );
#5132 = CARTESIAN_POINT('',(0.359395933456,3.352136682979,
    -0.933537407649));
#5133 = CARTESIAN_POINT('',(-0.394734219899,3.347771009748,
    -0.915623145904));
#5134 = CARTESIAN_POINT('',(-0.770031855163,3.296531815904,
    -0.906701248858));
#5135 = CARTESIAN_POINT('',(-1.137147067968,3.196168072993,
    -0.89778415474));
#5136 = CARTESIAN_POINT('',(-1.488496882832,3.048437441305,
    -0.88886836109));
#5137 = CARTESIAN_POINT('',(-1.817026929204,2.856306047747,
    -0.879951261583));
#5138 = CARTESIAN_POINT('',(-2.116176620947,2.623963097388,
    -0.871029363934));
#5139 = CARTESIAN_POINT('',(-2.644723982313,2.090252175884,
    -0.853186459784));
#5140 = CARTESIAN_POINT('',(-2.87437847466,1.788459920791,
    -0.844253988076));
#5141 = CARTESIAN_POINT('',(-3.063434595582,1.457617676208,
    -0.835326365317));
#5142 = CARTESIAN_POINT('',(-3.207754383709,1.104351597368,
    -0.826400003087));
#5143 = CARTESIAN_POINT('',(-3.304433698348,0.735770718548,
    -0.817472362066));
#5144 = CARTESIAN_POINT('',(-3.351787095816,0.359502898613,
    -0.80853991953));
#5145 = CARTESIAN_POINT('',(-3.349633198281,-8.360118741574E-02,
    -0.798014073919));
#5146 = CARTESIAN_POINT('',(-3.347727777365,-0.150910882747,
    -0.796414966589));
#5147 = CARTESIAN_POINT('',(-3.344244378293,-0.218168483017,
    -0.794815859795));
#5148 = CARTESIAN_POINT('',(-3.339184777486,-0.285329592315,
    -0.793216753614));
#5149 = CARTESIAN_POINT('',(-3.332552309476,-0.352349941815,
    -0.791617648048));
#5150 = CARTESIAN_POINT('',(-3.324351866915,-0.419185389775,
    -0.790018543025));
#5151 = CARTESIAN_POINT('',(-3.305868982735,-0.545295311572,
    -0.7869908676));
#5152 = CARTESIAN_POINT('',(-3.295901823305,-0.604616080031,
    -0.78556229652));
#5153 = CARTESIAN_POINT('',(-3.284693022202,-0.66372285263,
    -0.784133725175));
#5154 = CARTESIAN_POINT('',(-3.272248152554,-0.722584460946,
    -0.782705153609));
#5155 = CARTESIAN_POINT('',(-3.258573760687,-0.781169942417,
    -0.781276581895));
#5156 = CARTESIAN_POINT('',(-3.243677366134,-0.839448540343,
    -0.77984801013));
#5157 = CARTESIAN_POINT('',(-3.19454225131,-1.016168751354,
    -0.775490874814));
#5158 = CARTESIAN_POINT('',(-3.156416962116,-1.133530735145,
    -0.772562288536));
#5159 = CARTESIAN_POINT('',(-3.113265152908,-1.249211383163,
    -0.769633718156));
#5160 = CARTESIAN_POINT('',(-3.065176736108,-1.362952885799,
    -0.766705158092));
#5161 = CARTESIAN_POINT('',(-3.012257869937,-1.474504151182,
    -0.763776587981));
#5162 = CARTESIAN_POINT('',(-2.954630850657,-1.58362106043,
    -0.760848002045));
#5163 = CARTESIAN_POINT('',(-2.812033528259,-1.827666658577,
    -0.754133749532));
#5164 = CARTESIAN_POINT('',(-2.723994234082,-1.960806964344,
    -0.750347983194));
#5165 = CARTESIAN_POINT('',(-2.628616467924,-2.088974306283,
    -0.746562274585));
#5166 = CARTESIAN_POINT('',(-2.526239352862,-2.211685538117,
    -0.742776602523));
#5167 = CARTESIAN_POINT('',(-2.417240079505,-2.328488551893,
    -0.738990893758));
#5168 = CARTESIAN_POINT('',(-2.302033196108,-2.438963128661,
    -0.735205127247));
#5169 = CARTESIAN_POINT('',(-2.080647202441,-2.628861342786,
    -0.728276591891));
#5170 = CARTESIAN_POINT('',(-1.97625444427,-2.710374551885,
    -0.725133713935));
#5171 = CARTESIAN_POINT('',(-1.868149264746,-2.787040575024,
    -0.721990858778));
#5172 = CARTESIAN_POINT('',(-1.756602414066,-2.858657867103,
    -0.718848018173));
#5173 = CARTESIAN_POINT('',(-1.641897411891,-2.925044397766,
    -0.715705163036));
#5174 = CARTESIAN_POINT('',(-1.524330207188,-2.986037869831,
    -0.71256228509));
#5175 = CARTESIAN_POINT('',(-1.218569633343,-3.127202516742,
    -0.704562388139));
#5176 = CARTESIAN_POINT('',(-1.026816650087,-3.199695044595,
    -0.699705059282));
#5177 = CARTESIAN_POINT('',(-0.830097344443,-3.258440530535,
    -0.694847935762));
#5178 = CARTESIAN_POINT('',(-0.629595521358,-3.303044924157,
    -0.689990942131));
#5179 = CARTESIAN_POINT('',(-0.426524414242,-3.333238325311,
    -0.685133817705));
#5180 = CARTESIAN_POINT('',(-0.222123231411,-3.348875751962,
    -0.680276488693));
#5181 = CARTESIAN_POINT('',(5.322720276338E-02,-3.350327088314,
    -0.673735594383));
#5182 = CARTESIAN_POINT('',(0.124120905606,-3.348950824631,
    -0.672051748944));
#5183 = CARTESIAN_POINT('',(0.19497195737,-3.345824403784,
    -0.670367902795));
#5184 = CARTESIAN_POINT('',(0.265728515296,-3.340949470921,
    -0.66868405647));
#5185 = CARTESIAN_POINT('',(0.33633887569,-3.334329587508,
    -0.667000210343));
#5186 = CARTESIAN_POINT('',(0.406751473923,-3.32597023133,
    -0.665316364623));
#5187 = CARTESIAN_POINT('',(0.637380555155,-3.292799404417,
    -0.659781518431));
#5188 = CARTESIAN_POINT('',(0.796546668477,-3.260659551156,
    -0.655930432637));
#5189 = CARTESIAN_POINT('',(0.953793399439,-3.219548770572,
    -0.652079409336));
#5190 = CARTESIAN_POINT('',(1.108515344983,-3.169607209638,
    -0.648228425776));
#5191 = CARTESIAN_POINT('',(1.260122680992,-3.111025253945,
    -0.644377402471));
#5192 = CARTESIAN_POINT('',(1.40804231935,-3.044043153221,
    -0.640526316568));
#5193 = CARTESIAN_POINT('',(1.807532788168,-2.835249862095,
    -0.629818680305));
#5194 = CARTESIAN_POINT('',(2.049964730831,-2.675803052296,
    -0.622960512609));
#5195 = CARTESIAN_POINT('',(2.275796567863,-2.492267274545,
    -0.616103472561));
#5196 = CARTESIAN_POINT('',(2.482215633086,-2.286755724195,
    -0.609247152444));
#5197 = CARTESIAN_POINT('',(2.666744682518,-2.061734751013,
    -0.602390116824));
#5198 = CARTESIAN_POINT('',(2.827258131287,-1.820007697625,
    -0.595531950686));
#5199 = CARTESIAN_POINT('',(3.047729721248,-1.402662628659,
    -0.584319823862));
#5200 = CARTESIAN_POINT('',(3.123025559669,-1.235064756037,
    -0.579964169427));
#5201 = CARTESIAN_POINT('',(3.187546172588,-1.062795253695,
    -0.575608633789));
#5202 = CARTESIAN_POINT('',(3.240952147915,-0.88668683017,
    -0.571253173985));
#5203 = CARTESIAN_POINT('',(3.282983355803,-0.70759726781,
    -0.566897640303));
#5204 = CARTESIAN_POINT('',(3.313459523725,-0.526407533419,-0.5625419908
    ));
#5205 = CARTESIAN_POINT('',(3.337344679127,-0.295049768242,
    -0.557017002864));
#5206 = CARTESIAN_POINT('',(3.341560887506,-0.245990524026,
    -0.555847503441));
#5207 = CARTESIAN_POINT('',(3.344935639473,-0.196861876869,
    -0.554678003744));
#5208 = CARTESIAN_POINT('',(3.347467596279,-0.147681142181,
    -0.553508503582));
#5209 = CARTESIAN_POINT('',(3.349155865293,-9.846566424538E-02,
    -0.552339002851));
#5210 = CARTESIAN_POINT('',(3.349999999999,-4.923281621288E-02,
    -0.551169501536));
#5211 = CARTESIAN_POINT('',(3.35,-1.0482681E-10,-0.549999999712));
#5212 = ORIENTED_EDGE('',*,*,#4512,.F.);
#5213 = ORIENTED_EDGE('',*,*,#5214,.T.);
#5214 = EDGE_CURVE('',#4422,#5215,#5217,.T.);
#5215 = VERTEX_POINT('',#5216);
#5216 = CARTESIAN_POINT('',(2.313553609282,2.422802034211,
    -0.685664720047));
#5217 = B_SPLINE_CURVE_WITH_KNOTS('',6,(#5218,#5219,#5220,#5221,#5222,
    #5223,#5224,#5225,#5226,#5227,#5228,#5229,#5230,#5231,#5232,#5233,
    #5234),.UNSPECIFIED.,.F.,.F.,(7,5,5,7),(0.,9.000532346534E-02,
    0.305012398743,1.),.UNSPECIFIED.);
#5218 = CARTESIAN_POINT('',(3.35,-1.0453289E-10,-0.749999999712));
#5219 = CARTESIAN_POINT('',(3.350000000001,4.062594141756E-02,
    -0.749034953762));
#5220 = CARTESIAN_POINT('',(3.349408787849,8.125188215733E-02,
    -0.748069906809));
#5221 = CARTESIAN_POINT('',(3.348226363827,0.121867062237,
    -0.747104859093));
#5222 = CARTESIAN_POINT('',(3.346452988852,0.162460731144,
    -0.746139810816));
#5223 = CARTESIAN_POINT('',(3.344089184483,0.203022147737,-0.74517476214
    ));
#5224 = CARTESIAN_POINT('',(3.334080450422,0.340332073585,
    -0.741904378961));
#5225 = CARTESIAN_POINT('',(3.323660325906,0.436878503087,
    -0.739599041662));
#5226 = CARTESIAN_POINT('',(3.309886071203,0.533033185877,
    -0.737293703382));
#5227 = CARTESIAN_POINT('',(3.292776787776,0.628650788325,
    -0.734988365676));
#5228 = CARTESIAN_POINT('',(3.272359966726,0.723587326036,-0.73268302956
    ));
#5229 = CARTESIAN_POINT('',(3.172100992482,1.1219099454,-0.722925947341)
  );
#5230 = CARTESIAN_POINT('',(3.061330605292,1.41757824344,-0.715472698203
    ));
#5231 = CARTESIAN_POINT('',(2.917579715568,1.699755674558,-0.70802121678
    ));
#5232 = CARTESIAN_POINT('',(2.743004662422,1.963975186317,
    -0.700569724788));
#5233 = CARTESIAN_POINT('',(2.540427910379,2.206157896249,
    -0.693116468278));
#5234 = CARTESIAN_POINT('',(2.313553609282,2.422802034211,
    -0.685664720047));
#5235 = ORIENTED_EDGE('',*,*,#5236,.F.);
#5236 = EDGE_CURVE('',#5237,#5215,#5239,.T.);
#5237 = VERTEX_POINT('',#5238);
#5238 = CARTESIAN_POINT('',(0.462053109169,-3.317982357444,
    -0.263988608822));
#5239 = B_SPLINE_CURVE_WITH_KNOTS('',8,(#5240,#5241,#5242,#5243,#5244,
    #5245,#5246,#5247,#5248,#5249,#5250,#5251,#5252,#5253,#5254,#5255,
    #5256,#5257,#5258,#5259,#5260,#5261,#5262,#5263,#5264,#5265,#5266,
    #5267,#5268,#5269,#5270,#5271,#5272,#5273,#5274,#5275,#5276),
  .UNSPECIFIED.,.F.,.F.,(9,7,7,7,7,9),(0.,0.256967847671,0.500963458242,
    0.744959431331,0.9699858261,1.),.UNSPECIFIED.);
#5240 = CARTESIAN_POINT('',(0.462053109169,-3.317982357444,
    -0.263988608822));
#5241 = CARTESIAN_POINT('',(3.144618476684E-02,-3.377947494933,
    -0.27752668342));
#5242 = CARTESIAN_POINT('',(-0.408780663646,-3.374145658148,
    -0.291087329832));
#5243 = CARTESIAN_POINT('',(-0.846448929807,-3.304502213751,
    -0.304634469174));
#5244 = CARTESIAN_POINT('',(-1.27021488304,-3.170362285047,
    -0.318174421144));
#5245 = CARTESIAN_POINT('',(-1.669370430925,-2.974796300071,
    -0.331713519121));
#5246 = CARTESIAN_POINT('',(-2.034049316467,-2.722977021044,
    -0.345260639433));
#5247 = CARTESIAN_POINT('',(-2.355117429888,-2.421763831258,
    -0.358821475682));
#5248 = CARTESIAN_POINT('',(-2.881643817099,-1.757567854672,
    -0.38521428693));
#5249 = CARTESIAN_POINT('',(-3.092881804895,-1.397510323008,
    -0.398086551681));
#5250 = CARTESIAN_POINT('',(-3.252197837702,-1.008919703897,
    -0.41094844997));
#5251 = CARTESIAN_POINT('',(-3.355505225312,-0.600659683248,
    -0.423803991576));
#5252 = CARTESIAN_POINT('',(-3.40023777038,-0.181914346528,
    -0.436659659609));
#5253 = CARTESIAN_POINT('',(-3.385616378425,0.237812320085,
    -0.449521579386));
#5254 = CARTESIAN_POINT('',(-3.312399157614,0.648789390376,
    -0.462393808466));
#5255 = CARTESIAN_POINT('',(-3.055798314436,1.433531660033,
    -0.488103150864));
#5256 = CARTESIAN_POINT('',(-2.872063145349,1.808371413003,
    -0.500975333736));
#5257 = CARTESIAN_POINT('',(-2.635882576758,2.155651601395,
    -0.513837485271));
#5258 = CARTESIAN_POINT('',(-2.3523940931,2.467073302495,-0.526692714517
    ));
#5259 = CARTESIAN_POINT('',(-2.027841228993,2.735428822034,
    -0.539548795571));
#5260 = CARTESIAN_POINT('',(-1.66972057863,2.954824366893,
    -0.552410509543));
#5261 = CARTESIAN_POINT('',(-1.28656605748,3.120523054173,
    -0.565282768258));
#5262 = CARTESIAN_POINT('',(-0.521451631201,3.330996309087,
    -0.589992759879));
#5263 = CARTESIAN_POINT('',(-0.1408873941,3.384398377944,-0.601859802183
    ));
#5264 = CARTESIAN_POINT('',(0.245401239667,3.387912472612,
    -0.613720174205));
#5265 = CARTESIAN_POINT('',(0.629790119941,3.341118732547,
    -0.625576073994));
#5266 = CARTESIAN_POINT('',(1.004836439851,3.244761387757,
    -0.637431840165));
#5267 = CARTESIAN_POINT('',(1.36333715886,3.10085688746,-0.649292156336)
  );
#5268 = CARTESIAN_POINT('',(1.698344174383,2.912571935473,
    -0.661159209448));
#5269 = CARTESIAN_POINT('',(2.044174029488,2.654511485146,
    -0.674595814527));
#5270 = CARTESIAN_POINT('',(2.084346536614,2.623436848142,
    -0.676177087199));
#5271 = CARTESIAN_POINT('',(2.123978665761,2.591667790476,
    -0.677758360009));
#5272 = CARTESIAN_POINT('',(2.163056423282,2.559215292501,
    -0.679339632783));
#5273 = CARTESIAN_POINT('',(2.201566093962,2.526090663987,
    -0.680920905347));
#5274 = CARTESIAN_POINT('',(2.239494241019,2.492305544125,
    -0.682502177527));
#5275 = CARTESIAN_POINT('',(2.276827706099,2.457871901523,
    -0.684083449152));
#5276 = CARTESIAN_POINT('',(2.313553609282,2.422802034211,
    -0.685664720047));
#5277 = ORIENTED_EDGE('',*,*,#5278,.F.);
#5278 = EDGE_CURVE('',#5279,#5237,#5281,.T.);
#5279 = VERTEX_POINT('',#5280);
#5280 = CARTESIAN_POINT('',(2.31355360903,2.422802034452,-0.485664720039
    ));
#5281 = B_SPLINE_CURVE_WITH_KNOTS('',8,(#5282,#5283,#5284,#5285,#5286,
    #5287,#5288,#5289,#5290,#5291,#5292,#5293,#5294,#5295,#5296,#5297,
    #5298,#5299,#5300,#5301,#5302,#5303,#5304,#5305,#5306,#5307,#5308,
    #5309,#5310,#5311),.UNSPECIFIED.,.F.,.F.,(9,7,7,7,9),(0.,
    0.250997401654,0.500997477933,0.750997147389,1.),.UNSPECIFIED.);
#5282 = CARTESIAN_POINT('',(2.31355360903,2.422802034452,-0.485664720039
    ));
#5283 = CARTESIAN_POINT('',(2.006448985877,2.716058767418,-0.47871355007
    ));
#5284 = CARTESIAN_POINT('',(1.656390272112,2.965276970067,
    -0.471751774033));
#5285 = CARTESIAN_POINT('',(1.271432808328,3.16231347325,-0.464796379783
    ));
#5286 = CARTESIAN_POINT('',(0.860834134234,3.301936881279,
    -0.457844406755));
#5287 = CARTESIAN_POINT('',(0.434330015712,3.380551032309,
    -0.450892581862));
#5288 = CARTESIAN_POINT('',(2.172704467145E-03,3.396541112822,
    -0.443937169183));
#5289 = CARTESIAN_POINT('',(-0.425004484645,3.349952828413,
    -0.436975353464));
#5290 = CARTESIAN_POINT('',(-1.245753245814,3.138388365832,
    -0.423100593984));
#5291 = CARTESIAN_POINT('',(-1.640696600815,2.973562419434,
    -0.416166602065));
#5292 = CARTESIAN_POINT('',(-2.009999647394,2.751995447275,
    -0.409238633064));
#5293 = CARTESIAN_POINT('',(-2.344437194138,2.478713558079,
    -0.402314930488));
#5294 = CARTESIAN_POINT('',(-2.635902735202,2.159998648059,
    -0.39539025946));
#5295 = CARTESIAN_POINT('',(-2.877673402215,1.803594919875,
    -0.388462763602));
#5296 = CARTESIAN_POINT('',(-3.064217447497,1.418433687266,
    -0.381528692902));
#5297 = CARTESIAN_POINT('',(-3.320606470034,0.612335512354,
    -0.367681548749));
#5298 = CARTESIAN_POINT('',(-3.390838990608,0.190180766003,
    -0.360747557817));
#5299 = CARTESIAN_POINT('',(-3.39937967423,-0.240403842332,
    -0.353819860961));
#5300 = CARTESIAN_POINT('',(-3.345584325855,-0.66893251363,
    -0.346895684265));
#5301 = CARTESIAN_POINT('',(-3.230466964328,-1.085200154742,
    -0.339971396154));
#5302 = CARTESIAN_POINT('',(-3.057015559934,-1.479396383882,
    -0.333043693362));
#5303 = CARTESIAN_POINT('',(-2.829856759524,-1.842089257096,
    -0.326109741143));
#5304 = CARTESIAN_POINT('',(-2.28431084592,-2.486339158317,-0.3122902626
    ));
#5305 = CARTESIAN_POINT('',(-1.965476713496,-2.769175674959,
    -0.305384060726));
#5306 = CARTESIAN_POINT('',(-1.607011504692,-3.004648943814,
    -0.298483985854));
#5307 = CARTESIAN_POINT('',(-1.217344454164,-3.186703325177,
    -0.291587110729));
#5308 = CARTESIAN_POINT('',(-0.805543217948,-3.310815834463,
    -0.284690972243));
#5309 = CARTESIAN_POINT('',(-0.381381342521,-3.374311919829,
    -0.277790977924));
#5310 = CARTESIAN_POINT('',(4.482113774441E-02,-3.37608493572,
    -0.270884605685));
#5311 = CARTESIAN_POINT('',(0.462053109174,-3.317982357443,
    -0.263988608823));
#5312 = ORIENTED_EDGE('',*,*,#5313,.F.);
#5313 = EDGE_CURVE('',#5103,#5279,#5314,.T.);
#5314 = B_SPLINE_CURVE_WITH_KNOTS('',6,(#5315,#5316,#5317,#5318,#5319,
    #5320,#5321,#5322,#5323,#5324,#5325,#5326,#5327,#5328,#5329,#5330,
    #5331),.UNSPECIFIED.,.F.,.F.,(7,5,5,7),(0.,9.0005323456E-02,
    0.305012398711,1.),.UNSPECIFIED.);
#5315 = CARTESIAN_POINT('',(3.35,-1.0453313E-10,-0.549999999712));
#5316 = CARTESIAN_POINT('',(3.350000000001,4.062594141857E-02,
    -0.549034953762));
#5317 = CARTESIAN_POINT('',(3.349408787849,8.125188215936E-02,
    -0.548069906809));
#5318 = CARTESIAN_POINT('',(3.348226363826,0.12186706224,-0.547104859094
    ));
#5319 = CARTESIAN_POINT('',(3.346452988852,0.162460731148,
    -0.546139810816));
#5320 = CARTESIAN_POINT('',(3.344089184483,0.203022147743,-0.54517476214
    ));
#5321 = CARTESIAN_POINT('',(3.334080450421,0.340332073594,
    -0.541904378961));
#5322 = CARTESIAN_POINT('',(3.323660325905,0.436878503098,
    -0.539599041662));
#5323 = CARTESIAN_POINT('',(3.309886071201,0.53303318589,-0.537293703382
    ));
#5324 = CARTESIAN_POINT('',(3.292776787774,0.62865078834,-0.534988365676
    ));
#5325 = CARTESIAN_POINT('',(3.272359966722,0.723587326053,-0.53268302956
    ));
#5326 = CARTESIAN_POINT('',(3.172100992462,1.121909945472,-0.52292594734
    ));
#5327 = CARTESIAN_POINT('',(3.061330605244,1.417578243561,-0.5154726982)
  );
#5328 = CARTESIAN_POINT('',(2.917579715482,1.699755674723,
    -0.508021216776));
#5329 = CARTESIAN_POINT('',(2.743004662289,1.963975186518,
    -0.500569724782));
#5330 = CARTESIAN_POINT('',(2.540427910189,2.206157896475,
    -0.493116468272));
#5331 = CARTESIAN_POINT('',(2.31355360903,2.422802034452,-0.485664720039
    ));
#5332 = CYLINDRICAL_SURFACE('',#5333,3.35);
#5333 = AXIS2_PLACEMENT_3D('',#5334,#5335,#5336);
#5334 = CARTESIAN_POINT('',(0.,0.,0.));
#5335 = DIRECTION('',(0.,0.,1.));
#5336 = DIRECTION('',(1.,0.,0.));
#5337 = ADVANCED_FACE('',(#5338),#5357,.F.);
#5338 = FACE_BOUND('',#5339,.F.);
#5339 = EDGE_LOOP('',(#5340,#5348,#5349,#5350));
#5340 = ORIENTED_EDGE('',*,*,#5341,.F.);
#5341 = EDGE_CURVE('',#4685,#5342,#5344,.T.);
#5342 = VERTEX_POINT('',#5343);
#5343 = CARTESIAN_POINT('',(1.45,0.,0.9));
#5344 = LINE('',#5345,#5346);
#5345 = CARTESIAN_POINT('',(1.2,0.,0.65));
#5346 = VECTOR('',#5347,1.);
#5347 = DIRECTION('',(0.707106781187,0.,0.707106781187));
#5348 = ORIENTED_EDGE('',*,*,#4692,.T.);
#5349 = ORIENTED_EDGE('',*,*,#5341,.T.);
#5350 = ORIENTED_EDGE('',*,*,#5351,.F.);
#5351 = EDGE_CURVE('',#5342,#5342,#5352,.T.);
#5352 = CIRCLE('',#5353,1.45);
#5353 = AXIS2_PLACEMENT_3D('',#5354,#5355,#5356);
#5354 = CARTESIAN_POINT('',(0.,0.,0.9));
#5355 = DIRECTION('',(0.,0.,1.));
#5356 = DIRECTION('',(1.,0.,0.));
#5357 = CONICAL_SURFACE('',#5358,1.2,0.785398163397);
#5358 = AXIS2_PLACEMENT_3D('',#5359,#5360,#5361);
#5359 = CARTESIAN_POINT('',(0.,0.,0.65));
#5360 = DIRECTION('',(0.,0.,1.));
#5361 = DIRECTION('',(1.,0.,0.));
#5362 = ADVANCED_FACE('',(#5363),#5408,.F.);
#5363 = FACE_BOUND('',#5364,.F.);
#5364 = EDGE_LOOP('',(#5365,#5366,#5367,#5402));
#5365 = ORIENTED_EDGE('',*,*,#4851,.F.);
#5366 = ORIENTED_EDGE('',*,*,#4746,.T.);
#5367 = ORIENTED_EDGE('',*,*,#5368,.T.);
#5368 = EDGE_CURVE('',#4712,#5369,#5371,.T.);
#5369 = VERTEX_POINT('',#5370);
#5370 = CARTESIAN_POINT('',(3.379999985598,-1.04522E-10,-0.549999999712)
  );
#5371 = B_SPLINE_CURVE_WITH_KNOTS('',8,(#5372,#5373,#5374,#5375,#5376,
    #5377,#5378,#5379,#5380,#5381,#5382,#5383,#5384,#5385,#5386,#5387,
    #5388,#5389,#5390,#5391,#5392,#5393,#5394,#5395,#5396,#5397,#5398,
    #5399,#5400,#5401),.UNSPECIFIED.,.F.,.F.,(9,7,7,7,9),(0.,
    1.57576206969,3.151524139379,4.727286209069,6.303048278758),
  .UNSPECIFIED.);
#5372 = CARTESIAN_POINT('',(3.379999992802,-7.328183E-11,-1.049999999857
    ));
#5373 = CARTESIAN_POINT('',(3.379999982352,0.66366009549,-1.034374999646
    ));
#5374 = CARTESIAN_POINT('',(3.231074069044,1.32732823534,-1.018749999253
    ));
#5375 = CARTESIAN_POINT('',(2.933226465357,1.951985871934,
    -1.003125002585));
#5376 = CARTESIAN_POINT('',(2.498692788684,2.498702999696,
    -0.987499994814));
#5377 = CARTESIAN_POINT('',(1.951995792282,2.933220651565,
    -0.971875003915));
#5378 = CARTESIAN_POINT('',(1.32732287508,3.23107557332,-0.956249998509)
  );
#5379 = CARTESIAN_POINT('',(0.663661431164,3.379999981701,
    -0.940624999629));
#5380 = CARTESIAN_POINT('',(-0.663661432196,3.379999996004,
    -0.909374999915));
#5381 = CARTESIAN_POINT('',(-1.327322960959,3.231075653961,
    -0.89375000121));
#5382 = CARTESIAN_POINT('',(-1.951995507274,2.933220413707,
    -0.878124995379));
#5383 = CARTESIAN_POINT('',(-2.498693162718,2.49870323721,
    -0.862500005037));
#5384 = CARTESIAN_POINT('',(-2.93322623441,1.95198577131,-0.846874996748
    ));
#5385 = CARTESIAN_POINT('',(-3.231074121245,1.327328246438,
    -0.831250000504));
#5386 = CARTESIAN_POINT('',(-3.379999989956,0.663660096101,-0.8156249998
    ));
#5387 = CARTESIAN_POINT('',(-3.379999988499,-0.663660095677,
    -0.78437499977));
#5388 = CARTESIAN_POINT('',(-3.231074060953,-1.327328235211,
    -0.768749999105));
#5389 = CARTESIAN_POINT('',(-2.93322647362,-1.95198587204,
    -0.753125002713));
#5390 = CARTESIAN_POINT('',(-2.498692781763,-2.498702999479,
    -0.737499994722));
#5391 = CARTESIAN_POINT('',(-1.951995796448,-2.933220651627,
    -0.721875003967));
#5392 = CARTESIAN_POINT('',(-1.327322873285,-3.231075573404,
    -0.70624999849));
#5393 = CARTESIAN_POINT('',(-0.6636614316,-3.379999981791,
    -0.690624999633));
#5394 = CARTESIAN_POINT('',(0.663661432655,-3.379999996038,
    -0.659374999918));
#5395 = CARTESIAN_POINT('',(1.32732295916,-3.23107565397,-0.643750001185
    ));
#5396 = CARTESIAN_POINT('',(1.951995511485,-2.933220413574,
    -0.628124995437));
#5397 = CARTESIAN_POINT('',(2.49869315568,-2.498703237789,
    -0.612500004932));
#5398 = CARTESIAN_POINT('',(2.933226243814,-1.951985771312,
    -0.596874996915));
#5399 = CARTESIAN_POINT('',(3.231074112094,-1.327328246141,
    -0.58125000032));
#5400 = CARTESIAN_POINT('',(3.379999996186,-0.663660096326,
    -0.565624999926));
#5401 = CARTESIAN_POINT('',(3.379999985598,-1.048166E-10,-0.549999999712
    ));
#5402 = ORIENTED_EDGE('',*,*,#5403,.T.);
#5403 = EDGE_CURVE('',#5369,#4852,#5404,.T.);
#5404 = LINE('',#5405,#5406);
#5405 = CARTESIAN_POINT('',(3.379999985598,-1.0452225E-10,
    -0.549999999712));
#5406 = VECTOR('',#5407,1.);
#5407 = DIRECTION('',(0.832050294337,2.7286E-13,-0.554700196226));
#5408 = B_SPLINE_SURFACE_WITH_KNOTS('',1,8,(
    (#5409,#5410,#5411,#5412,#5413,#5414,#5415,#5416,#5417,#5418,#5419
      ,#5420,#5421,#5422,#5423,#5424,#5425,#5426,#5427,#5428,#5429,#5430
      ,#5431,#5432,#5433,#5434,#5435,#5436,#5437,#5438)
    ,(#5439,#5440,#5441,#5442,#5443,#5444,#5445,#5446,#5447,#5448,#5449
      ,#5450,#5451,#5452,#5453,#5454,#5455,#5456,#5457,#5458,#5459,#5460
      ,#5461,#5462,#5463,#5464,#5465,#5466,#5467,#5468
  )),.UNSPECIFIED.,.F.,.F.,.F.,(2,2),(9,7,7,7,9),(-0.180277563773,-0.),(
    0.,1.57576206969,3.151524139379,4.727286209069,6.303048278758),
  .UNSPECIFIED.);
#5409 = CARTESIAN_POINT('',(3.529999992802,-7.324674E-11,-1.149999999856
    ));
#5410 = CARTESIAN_POINT('',(3.529999982352,0.693112527223,
    -1.134374999645));
#5411 = CARTESIAN_POINT('',(3.374464950863,1.386233104561,
    -1.118749999252));
#5412 = CARTESIAN_POINT('',(3.063399174766,2.038612861075,
    -1.103125002583));
#5413 = CARTESIAN_POINT('',(2.609581602594,2.60959180924,-1.087499994813
    ));
#5414 = CARTESIAN_POINT('',(2.03862277716,3.06339336347,-1.071875003914)
  );
#5415 = CARTESIAN_POINT('',(1.386227746644,3.374466454488,
    -1.056249998508));
#5416 = CARTESIAN_POINT('',(0.693113862293,3.529999981701,
    -1.040624999628));
#5417 = CARTESIAN_POINT('',(-0.693113863326,3.529999996004,
    -1.009374999914));
#5418 = CARTESIAN_POINT('',(-1.386227832523,3.37446653513,
    -0.993750001208));
#5419 = CARTESIAN_POINT('',(-2.038622492151,3.063393125611,
    -0.978124995377));
#5420 = CARTESIAN_POINT('',(-2.60958197663,2.609592046755,
    -0.962500005036));
#5421 = CARTESIAN_POINT('',(-3.063398943819,2.03861276045,
    -0.946874996746));
#5422 = CARTESIAN_POINT('',(-3.374465003065,1.38623311566,
    -0.931250000503));
#5423 = CARTESIAN_POINT('',(-3.529999989956,0.693112527834,
    -0.915624999798));
#5424 = CARTESIAN_POINT('',(-3.529999988498,-0.69311252741,
    -0.884374999768));
#5425 = CARTESIAN_POINT('',(-3.374464942772,-1.386233104432,
    -0.868749999103));
#5426 = CARTESIAN_POINT('',(-3.063399183029,-2.038612861182,
    -0.853125002712));
#5427 = CARTESIAN_POINT('',(-2.609581595673,-2.609591809022,
    -0.83749999472));
#5428 = CARTESIAN_POINT('',(-2.038622781326,-3.063393363532,
    -0.821875003966));
#5429 = CARTESIAN_POINT('',(-1.386227744849,-3.374466454573,
    -0.806249998488));
#5430 = CARTESIAN_POINT('',(-0.693113862729,-3.529999981791,
    -0.790624999632));
#5431 = CARTESIAN_POINT('',(0.693113863785,-3.529999996037,
    -0.759374999916));
#5432 = CARTESIAN_POINT('',(1.386227830724,-3.37446653514,
    -0.743750001176));
#5433 = CARTESIAN_POINT('',(2.038622496361,-3.063393125477,
    -0.728124995455));
#5434 = CARTESIAN_POINT('',(2.609581969593,-2.609592047334,
    -0.71250000492));
#5435 = CARTESIAN_POINT('',(3.063398953222,-2.038612760453,
    -0.696874996914));
#5436 = CARTESIAN_POINT('',(3.374464993914,-1.386233115362,
    -0.68125000032));
#5437 = CARTESIAN_POINT('',(3.529999996186,-0.693112528059,
    -0.665624999924));
#5438 = CARTESIAN_POINT('',(3.529999985598,-1.0476642E-10,-0.64999999971
    ));
#5439 = CARTESIAN_POINT('',(3.379999992802,-7.328138E-11,-1.049999999857
    ));
#5440 = CARTESIAN_POINT('',(3.379999982352,0.66366009549,-1.034374999646
    ));
#5441 = CARTESIAN_POINT('',(3.231074069044,1.32732823534,-1.018749999253
    ));
#5442 = CARTESIAN_POINT('',(2.933226465357,1.951985871934,
    -1.003125002585));
#5443 = CARTESIAN_POINT('',(2.498692788684,2.498702999696,
    -0.987499994814));
#5444 = CARTESIAN_POINT('',(1.951995792282,2.933220651565,
    -0.971875003915));
#5445 = CARTESIAN_POINT('',(1.32732287508,3.23107557332,-0.956249998509)
  );
#5446 = CARTESIAN_POINT('',(0.663661431164,3.379999981701,
    -0.940624999629));
#5447 = CARTESIAN_POINT('',(-0.663661432196,3.379999996004,
    -0.909374999915));
#5448 = CARTESIAN_POINT('',(-1.327322960959,3.231075653961,
    -0.89375000121));
#5449 = CARTESIAN_POINT('',(-1.951995507274,2.933220413708,
    -0.878124995379));
#5450 = CARTESIAN_POINT('',(-2.498693162718,2.49870323721,
    -0.862500005037));
#5451 = CARTESIAN_POINT('',(-2.93322623441,1.95198577131,-0.846874996748
    ));
#5452 = CARTESIAN_POINT('',(-3.231074121246,1.327328246438,
    -0.831250000504));
#5453 = CARTESIAN_POINT('',(-3.379999989956,0.663660096101,-0.8156249998
    ));
#5454 = CARTESIAN_POINT('',(-3.379999988499,-0.663660095677,
    -0.78437499977));
#5455 = CARTESIAN_POINT('',(-3.231074060952,-1.327328235211,
    -0.768749999105));
#5456 = CARTESIAN_POINT('',(-2.93322647362,-1.95198587204,
    -0.753125002713));
#5457 = CARTESIAN_POINT('',(-2.498692781763,-2.498702999479,
    -0.737499994722));
#5458 = CARTESIAN_POINT('',(-1.951995796448,-2.933220651627,
    -0.721875003967));
#5459 = CARTESIAN_POINT('',(-1.327322873285,-3.231075573404,
    -0.70624999849));
#5460 = CARTESIAN_POINT('',(-0.6636614316,-3.379999981791,
    -0.690624999633));
#5461 = CARTESIAN_POINT('',(0.663661432655,-3.379999996038,
    -0.659374999918));
#5462 = CARTESIAN_POINT('',(1.32732295916,-3.23107565397,-0.643750001185
    ));
#5463 = CARTESIAN_POINT('',(1.951995511485,-2.933220413574,
    -0.628124995437));
#5464 = CARTESIAN_POINT('',(2.49869315568,-2.498703237789,
    -0.612500004932));
#5465 = CARTESIAN_POINT('',(2.933226243814,-1.951985771312,
    -0.596874996915));
#5466 = CARTESIAN_POINT('',(3.231074112094,-1.327328246141,
    -0.58125000032));
#5467 = CARTESIAN_POINT('',(3.379999996186,-0.663660096326,
    -0.565624999926));
#5468 = CARTESIAN_POINT('',(3.379999985598,-1.0481616E-10,
    -0.549999999712));
#5469 = ADVANCED_FACE('',(#5470),#5520,.F.);
#5470 = FACE_BOUND('',#5471,.F.);
#5471 = EDGE_LOOP('',(#5472,#5495,#5496,#5519));
#5472 = ORIENTED_EDGE('',*,*,#5473,.F.);
#5473 = EDGE_CURVE('',#4816,#5215,#5474,.T.);
#5474 = B_SPLINE_CURVE_WITH_KNOTS('',10,(#5475,#5476,#5477,#5478,#5479,
    #5480,#5481,#5482,#5483,#5484,#5485,#5486,#5487,#5488,#5489,#5490,
    #5491,#5492,#5493,#5494),.UNSPECIFIED.,.F.,.F.,(11,9,11),(0.,
    2.562527427501,5.125054855003),.UNSPECIFIED.);
#5475 = CARTESIAN_POINT('',(3.379999985594,-1.0452217E-10,
    -0.749999999712));
#5476 = CARTESIAN_POINT('',(3.370673832367,0.84948815339,-0.729999999712
    ));
#5477 = CARTESIAN_POINT('',(3.124128609218,1.693749710674,
    -0.709999999713));
#5478 = CARTESIAN_POINT('',(2.642807152832,2.458335732326,-0.68999999971
    ));
#5479 = CARTESIAN_POINT('',(1.955955306272,3.069723716163,
    -0.669999999714));
#5480 = CARTESIAN_POINT('',(1.118870151754,3.467211615333,
    -0.649999999711));
#5481 = CARTESIAN_POINT('',(0.206862120572,3.612760589554,-0.62999999971
    ));
#5482 = CARTESIAN_POINT('',(-0.696599695285,3.499016251102,
    -0.609999999714));
#5483 = CARTESIAN_POINT('',(-1.513350523568,3.14806078331,
    -0.589999999711));
#5484 = CARTESIAN_POINT('',(-2.181026357554,2.605670460642,
    -0.569999999712));
#5485 = CARTESIAN_POINT('',(-3.137016252083,1.258138725256,
    -0.529999999712));
#5486 = CARTESIAN_POINT('',(-3.425328658018,0.452999591052,
    -0.509999999712));
#5487 = CARTESIAN_POINT('',(-3.483357711575,-0.42344961914,
    -0.489999999715));
#5488 = CARTESIAN_POINT('',(-3.292192049252,-1.296767972424,
    -0.469999999704));
#5489 = CARTESIAN_POINT('',(-2.860721035413,-2.087431357692,
    -0.449999999716));
#5490 = CARTESIAN_POINT('',(-2.226429356318,-2.722719015147,
    -0.429999999711));
#5491 = CARTESIAN_POINT('',(-1.45097419532,-3.149093121643,
    -0.409999999711));
#5492 = CARTESIAN_POINT('',(-0.608269228002,-3.339398172937,
    -0.389999999712));
#5493 = CARTESIAN_POINT('',(0.226372430821,-3.294068224,-0.369999999711)
  );
#5494 = CARTESIAN_POINT('',(0.986819349241,-3.037183304726,
    -0.349999999711));
#5495 = ORIENTED_EDGE('',*,*,#4886,.T.);
#5496 = ORIENTED_EDGE('',*,*,#5497,.T.);
#5497 = EDGE_CURVE('',#4852,#5237,#5498,.T.);
#5498 = B_SPLINE_CURVE_WITH_KNOTS('',10,(#5499,#5500,#5501,#5502,#5503,
    #5504,#5505,#5506,#5507,#5508,#5509,#5510,#5511,#5512,#5513,#5514,
    #5515,#5516,#5517,#5518),.UNSPECIFIED.,.F.,.F.,(11,9,11),(0.,
    2.562527427501,5.125054855003),.UNSPECIFIED.);
#5499 = CARTESIAN_POINT('',(3.529999985598,-1.0447376E-10,
    -0.649999999711));
#5500 = CARTESIAN_POINT('',(3.52067383237,0.88718726456,-0.629999999712)
  );
#5501 = CARTESIAN_POINT('',(3.263601033974,1.769147939731,
    -0.609999999712));
#5502 = CARTESIAN_POINT('',(2.761224397727,2.568125728295,-0.58999999971
    ));
#5503 = CARTESIAN_POINT('',(2.0439773687,3.207290806612,-0.569999999714)
  );
#5504 = CARTESIAN_POINT('',(1.169531527008,3.623131285652,
    -0.549999999711));
#5505 = CARTESIAN_POINT('',(0.21651066648,3.775792769833,-0.529999999709
    ));
#5506 = CARTESIAN_POINT('',(-0.727868314585,3.657442139314,
    -0.509999999714));
#5507 = CARTESIAN_POINT('',(-1.581868126358,3.291039060488,
    -0.489999999711));
#5508 = CARTESIAN_POINT('',(-2.280219928072,2.72433746801,
    -0.469999999711));
#5509 = CARTESIAN_POINT('',(-3.280527785227,1.315807286227,
    -0.429999999712));
#5510 = CARTESIAN_POINT('',(-3.582482185167,0.473980976667,
    -0.409999999711));
#5511 = CARTESIAN_POINT('',(-3.643692218487,-0.442667696521,
    -0.389999999715));
#5512 = CARTESIAN_POINT('',(-3.444263298437,-1.356324008439,
    -0.369999999704));
#5513 = CARTESIAN_POINT('',(-2.993354222086,-2.183795024663,
    -0.349999999716));
#5514 = CARTESIAN_POINT('',(-2.330063113356,-2.848943546309,
    -0.329999999711));
#5515 = CARTESIAN_POINT('',(-1.518797736386,-3.295641592708,
    -0.30999999971));
#5516 = CARTESIAN_POINT('',(-0.636877846134,-3.495343667209,
    -0.289999999712));
#5517 = CARTESIAN_POINT('',(0.236871003999,-3.448376366835,
    -0.269999999711));
#5518 = CARTESIAN_POINT('',(1.033171907046,-3.179841779364,
    -0.249999999711));
#5519 = ORIENTED_EDGE('',*,*,#5236,.T.);
#5520 = B_SPLINE_SURFACE_WITH_KNOTS('',1,10,(
    (#5521,#5522,#5523,#5524,#5525,#5526,#5527,#5528,#5529,#5530,#5531
      ,#5532,#5533,#5534,#5535,#5536,#5537,#5538,#5539,#5540)
    ,(#5541,#5542,#5543,#5544,#5545,#5546,#5547,#5548,#5549,#5550,#5551
      ,#5552,#5553,#5554,#5555,#5556,#5557,#5558,#5559,#5560
  )),.UNSPECIFIED.,.F.,.F.,.F.,(2,2),(11,9,11),(0.,0.180277563776),(0.,
    2.562527427501,5.125054855003),.UNSPECIFIED.);
#5521 = CARTESIAN_POINT('',(3.379999985594,-1.0452217E-10,
    -0.749999999712));
#5522 = CARTESIAN_POINT('',(3.370673832367,0.84948815339,-0.729999999712
    ));
#5523 = CARTESIAN_POINT('',(3.124128609218,1.693749710674,
    -0.709999999713));
#5524 = CARTESIAN_POINT('',(2.642807152832,2.458335732326,-0.68999999971
    ));
#5525 = CARTESIAN_POINT('',(1.955955306272,3.069723716163,
    -0.669999999714));
#5526 = CARTESIAN_POINT('',(1.118870151754,3.467211615333,
    -0.649999999711));
#5527 = CARTESIAN_POINT('',(0.206862120572,3.612760589554,-0.62999999971
    ));
#5528 = CARTESIAN_POINT('',(-0.696599695285,3.499016251102,
    -0.609999999714));
#5529 = CARTESIAN_POINT('',(-1.513350523568,3.14806078331,
    -0.589999999711));
#5530 = CARTESIAN_POINT('',(-2.181026357554,2.605670460642,
    -0.569999999712));
#5531 = CARTESIAN_POINT('',(-3.137016252083,1.258138725256,
    -0.529999999712));
#5532 = CARTESIAN_POINT('',(-3.425328658018,0.452999591052,
    -0.509999999712));
#5533 = CARTESIAN_POINT('',(-3.483357711575,-0.42344961914,
    -0.489999999715));
#5534 = CARTESIAN_POINT('',(-3.292192049252,-1.296767972424,
    -0.469999999704));
#5535 = CARTESIAN_POINT('',(-2.860721035413,-2.087431357692,
    -0.449999999716));
#5536 = CARTESIAN_POINT('',(-2.226429356318,-2.722719015147,
    -0.429999999711));
#5537 = CARTESIAN_POINT('',(-1.45097419532,-3.149093121643,
    -0.409999999711));
#5538 = CARTESIAN_POINT('',(-0.608269228002,-3.339398172937,
    -0.389999999712));
#5539 = CARTESIAN_POINT('',(0.226372430821,-3.294068224,-0.369999999711)
  );
#5540 = CARTESIAN_POINT('',(0.986819349241,-3.037183304726,
    -0.349999999711));
#5541 = CARTESIAN_POINT('',(3.529999985598,-1.0447376E-10,
    -0.649999999711));
#5542 = CARTESIAN_POINT('',(3.52067383237,0.88718726456,-0.629999999712)
  );
#5543 = CARTESIAN_POINT('',(3.263601033974,1.769147939731,
    -0.609999999712));
#5544 = CARTESIAN_POINT('',(2.761224397727,2.568125728295,-0.58999999971
    ));
#5545 = CARTESIAN_POINT('',(2.0439773687,3.207290806612,-0.569999999714)
  );
#5546 = CARTESIAN_POINT('',(1.169531527008,3.623131285652,
    -0.549999999711));
#5547 = CARTESIAN_POINT('',(0.21651066648,3.775792769833,-0.529999999709
    ));
#5548 = CARTESIAN_POINT('',(-0.727868314585,3.657442139314,
    -0.509999999714));
#5549 = CARTESIAN_POINT('',(-1.581868126358,3.291039060488,
    -0.489999999711));
#5550 = CARTESIAN_POINT('',(-2.280219928072,2.72433746801,
    -0.469999999711));
#5551 = CARTESIAN_POINT('',(-3.280527785227,1.315807286227,
    -0.429999999712));
#5552 = CARTESIAN_POINT('',(-3.582482185167,0.473980976667,
    -0.409999999711));
#5553 = CARTESIAN_POINT('',(-3.643692218487,-0.442667696521,
    -0.389999999715));
#5554 = CARTESIAN_POINT('',(-3.444263298437,-1.356324008439,
    -0.369999999704));
#5555 = CARTESIAN_POINT('',(-2.993354222086,-2.183795024663,
    -0.349999999716));
#5556 = CARTESIAN_POINT('',(-2.330063113356,-2.848943546309,
    -0.329999999711));
#5557 = CARTESIAN_POINT('',(-1.518797736386,-3.295641592708,
    -0.30999999971));
#5558 = CARTESIAN_POINT('',(-0.636877846134,-3.495343667209,
    -0.289999999712));
#5559 = CARTESIAN_POINT('',(0.236871003999,-3.448376366835,
    -0.269999999711));
#5560 = CARTESIAN_POINT('',(1.033171907046,-3.179841779364,
    -0.249999999711));
#5561 = ADVANCED_FACE('',(#5562),#5573,.F.);
#5562 = FACE_BOUND('',#5563,.F.);
#5563 = EDGE_LOOP('',(#5564,#5565,#5566,#5567));
#5564 = ORIENTED_EDGE('',*,*,#5368,.F.);
#5565 = ORIENTED_EDGE('',*,*,#4958,.T.);
#5566 = ORIENTED_EDGE('',*,*,#5118,.T.);
#5567 = ORIENTED_EDGE('',*,*,#5568,.T.);
#5568 = EDGE_CURVE('',#5103,#5369,#5569,.T.);
#5569 = LINE('',#5570,#5571);
#5570 = CARTESIAN_POINT('',(3.229999985598,-1.0457154E-10,
    -0.549999999712));
#5571 = VECTOR('',#5572,1.);
#5572 = DIRECTION('',(1.,3.2757E-13,-8.7276E-13));
#5573 = B_SPLINE_SURFACE_WITH_KNOTS('',1,8,(
    (#5574,#5575,#5576,#5577,#5578,#5579,#5580,#5581,#5582,#5583,#5584
      ,#5585,#5586,#5587,#5588,#5589,#5590,#5591,#5592,#5593,#5594,#5595
      ,#5596,#5597,#5598,#5599,#5600,#5601,#5602,#5603)
    ,(#5604,#5605,#5606,#5607,#5608,#5609,#5610,#5611,#5612,#5613,#5614
      ,#5615,#5616,#5617,#5618,#5619,#5620,#5621,#5622,#5623,#5624,#5625
      ,#5626,#5627,#5628,#5629,#5630,#5631,#5632,#5633
  )),.UNSPECIFIED.,.F.,.F.,.F.,(2,2),(9,7,7,7,9),(-0.15,-0.),(0.,
    1.57576206969,3.151524139379,4.727286209069,6.303048278758),
  .UNSPECIFIED.);
#5574 = CARTESIAN_POINT('',(3.379999992802,-7.328183E-11,-1.049999999857
    ));
#5575 = CARTESIAN_POINT('',(3.379999982352,0.66366009549,-1.034374999646
    ));
#5576 = CARTESIAN_POINT('',(3.231074069044,1.32732823534,-1.018749999253
    ));
#5577 = CARTESIAN_POINT('',(2.933226465357,1.951985871934,
    -1.003125002585));
#5578 = CARTESIAN_POINT('',(2.498692788684,2.498702999696,
    -0.987499994814));
#5579 = CARTESIAN_POINT('',(1.951995792282,2.933220651565,
    -0.971875003915));
#5580 = CARTESIAN_POINT('',(1.32732287508,3.23107557332,-0.956249998509)
  );
#5581 = CARTESIAN_POINT('',(0.663661431164,3.379999981701,
    -0.940624999629));
#5582 = CARTESIAN_POINT('',(-0.663661432196,3.379999996004,
    -0.909374999915));
#5583 = CARTESIAN_POINT('',(-1.327322960959,3.231075653961,
    -0.89375000121));
#5584 = CARTESIAN_POINT('',(-1.951995507274,2.933220413707,
    -0.878124995379));
#5585 = CARTESIAN_POINT('',(-2.498693162718,2.49870323721,
    -0.862500005037));
#5586 = CARTESIAN_POINT('',(-2.93322623441,1.95198577131,-0.846874996748
    ));
#5587 = CARTESIAN_POINT('',(-3.231074121245,1.327328246438,
    -0.831250000504));
#5588 = CARTESIAN_POINT('',(-3.379999989956,0.663660096101,-0.8156249998
    ));
#5589 = CARTESIAN_POINT('',(-3.379999988499,-0.663660095677,
    -0.78437499977));
#5590 = CARTESIAN_POINT('',(-3.231074060953,-1.327328235211,
    -0.768749999105));
#5591 = CARTESIAN_POINT('',(-2.93322647362,-1.95198587204,
    -0.753125002713));
#5592 = CARTESIAN_POINT('',(-2.498692781763,-2.498702999479,
    -0.737499994722));
#5593 = CARTESIAN_POINT('',(-1.951995796448,-2.933220651627,
    -0.721875003967));
#5594 = CARTESIAN_POINT('',(-1.327322873285,-3.231075573404,
    -0.70624999849));
#5595 = CARTESIAN_POINT('',(-0.6636614316,-3.379999981791,
    -0.690624999633));
#5596 = CARTESIAN_POINT('',(0.663661432655,-3.379999996038,
    -0.659374999918));
#5597 = CARTESIAN_POINT('',(1.32732295916,-3.23107565397,-0.643750001185
    ));
#5598 = CARTESIAN_POINT('',(1.951995511485,-2.933220413574,
    -0.628124995437));
#5599 = CARTESIAN_POINT('',(2.49869315568,-2.498703237789,
    -0.612500004932));
#5600 = CARTESIAN_POINT('',(2.933226243814,-1.951985771312,
    -0.596874996915));
#5601 = CARTESIAN_POINT('',(3.231074112094,-1.327328246141,
    -0.58125000032));
#5602 = CARTESIAN_POINT('',(3.379999996186,-0.663660096326,
    -0.565624999926));
#5603 = CARTESIAN_POINT('',(3.379999985598,-1.048166E-10,-0.549999999712
    ));
#5604 = CARTESIAN_POINT('',(3.229999992802,-7.331602E-11,-1.049999999857
    ));
#5605 = CARTESIAN_POINT('',(3.229999982352,0.634207663757,
    -1.034374999646));
#5606 = CARTESIAN_POINT('',(3.087683187224,1.268423366118,
    -1.018749999254));
#5607 = CARTESIAN_POINT('',(2.803053755948,1.865358882792,
    -1.003125002584));
#5608 = CARTESIAN_POINT('',(2.387803974774,2.387814190152,
    -0.987499994815));
#5609 = CARTESIAN_POINT('',(1.865368807404,2.803047939661,
    -0.971875003915));
#5610 = CARTESIAN_POINT('',(1.268418003516,3.087684692151,
    -0.956249998509));
#5611 = CARTESIAN_POINT('',(0.634209000034,3.229999981701,
    -0.940624999629));
#5612 = CARTESIAN_POINT('',(-0.634209001067,3.229999996004,
    -0.909374999915));
#5613 = CARTESIAN_POINT('',(-1.268418089395,3.087684772793,
    -0.893750001209));
#5614 = CARTESIAN_POINT('',(-1.865368522395,2.803047701802,
    -0.87812499538));
#5615 = CARTESIAN_POINT('',(-2.387804348808,2.387814427667,
    -0.862500005036));
#5616 = CARTESIAN_POINT('',(-2.803053525001,1.865358782168,
    -0.846874996749));
#5617 = CARTESIAN_POINT('',(-3.087683239426,1.268423377217,
    -0.831250000503));
#5618 = CARTESIAN_POINT('',(-3.229999989957,0.634207664369,-0.8156249998
    ));
#5619 = CARTESIAN_POINT('',(-3.229999988499,-0.634207663944,
    -0.784374999769));
#5620 = CARTESIAN_POINT('',(-3.087683179133,-1.268423365989,
    -0.768749999105));
#5621 = CARTESIAN_POINT('',(-2.803053764211,-1.865358882898,
    -0.753125002712));
#5622 = CARTESIAN_POINT('',(-2.387803967853,-2.387814189935,
    -0.737499994723));
#5623 = CARTESIAN_POINT('',(-1.86536881157,-2.803047939722,
    -0.721875003966));
#5624 = CARTESIAN_POINT('',(-1.268418001721,-3.087684692236,
    -0.70624999849));
#5625 = CARTESIAN_POINT('',(-0.63420900047,-3.229999981791,
    -0.690624999633));
#5626 = CARTESIAN_POINT('',(0.634209001526,-3.229999996038,
    -0.659374999918));
#5627 = CARTESIAN_POINT('',(1.268418087596,-3.087684772802,
    -0.643750001185));
#5628 = CARTESIAN_POINT('',(1.865368526606,-2.803047701669,
    -0.628124995437));
#5629 = CARTESIAN_POINT('',(2.387804341771,-2.387814428246,
    -0.612500004931));
#5630 = CARTESIAN_POINT('',(2.803053534404,-1.86535878217,
    -0.596874996916));
#5631 = CARTESIAN_POINT('',(3.087683230274,-1.268423376919,
    -0.58125000032));
#5632 = CARTESIAN_POINT('',(3.229999996186,-0.634207664594,
    -0.565624999926));
#5633 = CARTESIAN_POINT('',(3.229999985598,-1.0486545E-10,
    -0.549999999712));
#5634 = ADVANCED_FACE('',(#5635),#5640,.F.);
#5635 = FACE_BOUND('',#5636,.F.);
#5636 = EDGE_LOOP('',(#5637,#5638,#5639));
#5637 = ORIENTED_EDGE('',*,*,#5214,.F.);
#5638 = ORIENTED_EDGE('',*,*,#5030,.T.);
#5639 = ORIENTED_EDGE('',*,*,#5473,.T.);
#5640 = B_SPLINE_SURFACE_WITH_KNOTS('',1,10,(
    (#5641,#5642,#5643,#5644,#5645,#5646,#5647,#5648,#5649,#5650,#5651
      ,#5652,#5653,#5654,#5655,#5656,#5657,#5658,#5659,#5660)
    ,(#5661,#5662,#5663,#5664,#5665,#5666,#5667,#5668,#5669,#5670,#5671
      ,#5672,#5673,#5674,#5675,#5676,#5677,#5678,#5679,#5680
  )),.UNSPECIFIED.,.F.,.F.,.F.,(2,2),(11,9,11),(0.,0.149999999996),(0.,
    2.562527427501,5.125054855003),.UNSPECIFIED.);
#5641 = CARTESIAN_POINT('',(3.229999985598,-1.0457235E-10,
    -0.749999999712));
#5642 = CARTESIAN_POINT('',(3.22067383237,0.811789042222,-0.729999999712
    ));
#5643 = CARTESIAN_POINT('',(2.98465618447,1.618351481621,-0.709999999713
    ));
#5644 = CARTESIAN_POINT('',(2.524389907939,2.348545736364,-0.68999999971
    ));
#5645 = CARTESIAN_POINT('',(1.867933243854,2.932156625719,
    -0.669999999714));
#5646 = CARTESIAN_POINT('',(1.068208776497,3.311291945024,
    -0.649999999711));
#5647 = CARTESIAN_POINT('',(0.197213574669,3.449728409283,-0.62999999971
    ));
#5648 = CARTESIAN_POINT('',(-0.665331075988,3.340590362899,
    -0.609999999714));
#5649 = CARTESIAN_POINT('',(-1.444832920782,3.00508250614,
    -0.589999999711));
#5650 = CARTESIAN_POINT('',(-2.081832787041,2.487003453281,
    -0.569999999712));
#5651 = CARTESIAN_POINT('',(-2.993504718947,1.200470164289,
    -0.529999999712));
#5652 = CARTESIAN_POINT('',(-3.268175130877,0.432018205438,
    -0.509999999712));
#5653 = CARTESIAN_POINT('',(-3.323023204675,-0.404231541759,
    -0.489999999715));
#5654 = CARTESIAN_POINT('',(-3.140120800066,-1.237211936416,
    -0.469999999704));
#5655 = CARTESIAN_POINT('',(-2.728087848757,-1.991067690719,
    -0.449999999716));
#5656 = CARTESIAN_POINT('',(-2.122795599279,-2.596494483998,
    -0.429999999711));
#5657 = CARTESIAN_POINT('',(-1.383150654261,-3.002544650581,
    -0.409999999711));
#5658 = CARTESIAN_POINT('',(-0.57966060987,-3.183452678674,
    -0.389999999712));
#5659 = CARTESIAN_POINT('',(0.215873857644,-3.139760081173,
    -0.369999999711));
#5660 = CARTESIAN_POINT('',(0.940466791438,-2.894524830095,
    -0.349999999711));
#5661 = CARTESIAN_POINT('',(3.379999985594,-1.0452217E-10,
    -0.749999999712));
#5662 = CARTESIAN_POINT('',(3.370673832367,0.84948815339,-0.729999999712
    ));
#5663 = CARTESIAN_POINT('',(3.124128609218,1.693749710674,
    -0.709999999713));
#5664 = CARTESIAN_POINT('',(2.642807152832,2.458335732326,-0.68999999971
    ));
#5665 = CARTESIAN_POINT('',(1.955955306272,3.069723716163,
    -0.669999999714));
#5666 = CARTESIAN_POINT('',(1.118870151754,3.467211615333,
    -0.649999999711));
#5667 = CARTESIAN_POINT('',(0.206862120572,3.612760589554,-0.62999999971
    ));
#5668 = CARTESIAN_POINT('',(-0.696599695285,3.499016251102,
    -0.609999999714));
#5669 = CARTESIAN_POINT('',(-1.513350523568,3.14806078331,
    -0.589999999711));
#5670 = CARTESIAN_POINT('',(-2.181026357554,2.605670460642,
    -0.569999999712));
#5671 = CARTESIAN_POINT('',(-3.137016252083,1.258138725256,
    -0.529999999712));
#5672 = CARTESIAN_POINT('',(-3.425328658018,0.452999591052,
    -0.509999999712));
#5673 = CARTESIAN_POINT('',(-3.483357711575,-0.42344961914,
    -0.489999999715));
#5674 = CARTESIAN_POINT('',(-3.292192049252,-1.296767972424,
    -0.469999999704));
#5675 = CARTESIAN_POINT('',(-2.860721035413,-2.087431357692,
    -0.449999999716));
#5676 = CARTESIAN_POINT('',(-2.226429356318,-2.722719015147,
    -0.429999999711));
#5677 = CARTESIAN_POINT('',(-1.45097419532,-3.149093121643,
    -0.409999999711));
#5678 = CARTESIAN_POINT('',(-0.608269228002,-3.339398172937,
    -0.389999999712));
#5679 = CARTESIAN_POINT('',(0.226372430821,-3.294068224,-0.369999999711)
  );
#5680 = CARTESIAN_POINT('',(0.986819349241,-3.037183304726,
    -0.349999999711));
#5681 = ADVANCED_FACE('',(#5682),#5709,.F.);
#5682 = FACE_BOUND('',#5683,.F.);
#5683 = EDGE_LOOP('',(#5684,#5707,#5708));
#5684 = ORIENTED_EDGE('',*,*,#5685,.F.);
#5685 = EDGE_CURVE('',#5369,#5279,#5686,.T.);
#5686 = B_SPLINE_CURVE_WITH_KNOTS('',10,(#5687,#5688,#5689,#5690,#5691,
    #5692,#5693,#5694,#5695,#5696,#5697,#5698,#5699,#5700,#5701,#5702,
    #5703,#5704,#5705,#5706),.UNSPECIFIED.,.F.,.F.,(11,9,11),(0.,
    2.562527427501,5.125054855003),.UNSPECIFIED.);
#5687 = CARTESIAN_POINT('',(3.379999985598,-1.0452217E-10,
    -0.549999999712));
#5688 = CARTESIAN_POINT('',(3.370673832371,0.849488153391,
    -0.529999999712));
#5689 = CARTESIAN_POINT('',(3.124128609221,1.693749710676,
    -0.509999999713));
#5690 = CARTESIAN_POINT('',(2.642807152836,2.458335732329,-0.48999999971
    ));
#5691 = CARTESIAN_POINT('',(1.955955306273,3.069723716167,
    -0.469999999714));
#5692 = CARTESIAN_POINT('',(1.118870151756,3.467211615336,
    -0.449999999711));
#5693 = CARTESIAN_POINT('',(0.206862120572,3.612760589559,-0.42999999971
    ));
#5694 = CARTESIAN_POINT('',(-0.696599695286,3.499016251105,
    -0.409999999714));
#5695 = CARTESIAN_POINT('',(-1.51335052357,3.148060783315,
    -0.389999999711));
#5696 = CARTESIAN_POINT('',(-2.181026357557,2.605670460645,
    -0.369999999712));
#5697 = CARTESIAN_POINT('',(-3.137016252087,1.258138725258,
    -0.329999999712));
#5698 = CARTESIAN_POINT('',(-3.425328658022,0.452999591053,
    -0.309999999712));
#5699 = CARTESIAN_POINT('',(-3.483357711579,-0.423449619143,
    -0.289999999715));
#5700 = CARTESIAN_POINT('',(-3.292192049254,-1.296767972423,
    -0.269999999704));
#5701 = CARTESIAN_POINT('',(-2.860721035419,-2.087431357698,
    -0.249999999716));
#5702 = CARTESIAN_POINT('',(-2.226429356319,-2.722719015148,
    -0.229999999712));
#5703 = CARTESIAN_POINT('',(-1.450974195322,-3.149093121648,
    -0.209999999711));
#5704 = CARTESIAN_POINT('',(-0.608269228002,-3.33939817294,
    -0.189999999712));
#5705 = CARTESIAN_POINT('',(0.226372430822,-3.294068224004,
    -0.169999999712));
#5706 = CARTESIAN_POINT('',(0.986819349242,-3.03718330473,
    -0.149999999711));
#5707 = ORIENTED_EDGE('',*,*,#5568,.F.);
#5708 = ORIENTED_EDGE('',*,*,#5313,.T.);
#5709 = B_SPLINE_SURFACE_WITH_KNOTS('',1,10,(
    (#5710,#5711,#5712,#5713,#5714,#5715,#5716,#5717,#5718,#5719,#5720
      ,#5721,#5722,#5723,#5724,#5725,#5726,#5727,#5728,#5729)
    ,(#5730,#5731,#5732,#5733,#5734,#5735,#5736,#5737,#5738,#5739,#5740
      ,#5741,#5742,#5743,#5744,#5745,#5746,#5747,#5748,#5749
  )),.UNSPECIFIED.,.F.,.F.,.F.,(2,2),(11,9,11),(-0.15,-0.),(0.,
    2.562527427501,5.125054855003),.UNSPECIFIED.);
#5710 = CARTESIAN_POINT('',(3.379999985598,-1.0452217E-10,
    -0.549999999712));
#5711 = CARTESIAN_POINT('',(3.370673832371,0.849488153391,
    -0.529999999712));
#5712 = CARTESIAN_POINT('',(3.124128609221,1.693749710676,
    -0.509999999713));
#5713 = CARTESIAN_POINT('',(2.642807152836,2.458335732329,-0.48999999971
    ));
#5714 = CARTESIAN_POINT('',(1.955955306273,3.069723716167,
    -0.469999999714));
#5715 = CARTESIAN_POINT('',(1.118870151756,3.467211615336,
    -0.449999999711));
#5716 = CARTESIAN_POINT('',(0.206862120572,3.612760589559,-0.42999999971
    ));
#5717 = CARTESIAN_POINT('',(-0.696599695286,3.499016251105,
    -0.409999999714));
#5718 = CARTESIAN_POINT('',(-1.51335052357,3.148060783315,
    -0.389999999711));
#5719 = CARTESIAN_POINT('',(-2.181026357557,2.605670460645,
    -0.369999999712));
#5720 = CARTESIAN_POINT('',(-3.137016252087,1.258138725258,
    -0.329999999712));
#5721 = CARTESIAN_POINT('',(-3.425328658022,0.452999591053,
    -0.309999999712));
#5722 = CARTESIAN_POINT('',(-3.483357711579,-0.423449619143,
    -0.289999999715));
#5723 = CARTESIAN_POINT('',(-3.292192049254,-1.296767972423,
    -0.269999999704));
#5724 = CARTESIAN_POINT('',(-2.860721035419,-2.087431357698,
    -0.249999999716));
#5725 = CARTESIAN_POINT('',(-2.226429356319,-2.722719015148,
    -0.229999999712));
#5726 = CARTESIAN_POINT('',(-1.450974195322,-3.149093121648,
    -0.209999999711));
#5727 = CARTESIAN_POINT('',(-0.608269228002,-3.33939817294,
    -0.189999999712));
#5728 = CARTESIAN_POINT('',(0.226372430822,-3.294068224004,
    -0.169999999712));
#5729 = CARTESIAN_POINT('',(0.986819349242,-3.03718330473,
    -0.149999999711));
#5730 = CARTESIAN_POINT('',(3.229999985598,-1.0457146E-10,
    -0.549999999712));
#5731 = CARTESIAN_POINT('',(3.22067383237,0.811789042222,-0.529999999712
    ));
#5732 = CARTESIAN_POINT('',(2.98465618447,1.618351481621,-0.509999999713
    ));
#5733 = CARTESIAN_POINT('',(2.524389907939,2.348545736364,-0.48999999971
    ));
#5734 = CARTESIAN_POINT('',(1.867933243854,2.932156625718,
    -0.469999999714));
#5735 = CARTESIAN_POINT('',(1.068208776497,3.311291945024,
    -0.449999999711));
#5736 = CARTESIAN_POINT('',(0.197213574669,3.449728409283,-0.42999999971
    ));
#5737 = CARTESIAN_POINT('',(-0.665331075988,3.340590362899,
    -0.409999999714));
#5738 = CARTESIAN_POINT('',(-1.444832920782,3.00508250614,
    -0.389999999711));
#5739 = CARTESIAN_POINT('',(-2.081832787041,2.487003453281,
    -0.369999999712));
#5740 = CARTESIAN_POINT('',(-2.993504718947,1.200470164289,
    -0.329999999712));
#5741 = CARTESIAN_POINT('',(-3.268175130877,0.432018205438,
    -0.309999999712));
#5742 = CARTESIAN_POINT('',(-3.323023204675,-0.404231541759,
    -0.289999999715));
#5743 = CARTESIAN_POINT('',(-3.140120800066,-1.237211936416,
    -0.269999999704));
#5744 = CARTESIAN_POINT('',(-2.728087848757,-1.99106769072,
    -0.249999999716));
#5745 = CARTESIAN_POINT('',(-2.122795599279,-2.596494483997,
    -0.229999999712));
#5746 = CARTESIAN_POINT('',(-1.383150654261,-3.002544650581,
    -0.209999999711));
#5747 = CARTESIAN_POINT('',(-0.57966060987,-3.183452678674,
    -0.189999999712));
#5748 = CARTESIAN_POINT('',(0.215873857644,-3.139760081173,
    -0.169999999712));
#5749 = CARTESIAN_POINT('',(0.940466791438,-2.894524830095,
    -0.149999999711));
#5750 = ADVANCED_FACE('',(#5751),#5757,.F.);
#5751 = FACE_BOUND('',#5752,.F.);
#5752 = EDGE_LOOP('',(#5753,#5754,#5755,#5756));
#5753 = ORIENTED_EDGE('',*,*,#5497,.F.);
#5754 = ORIENTED_EDGE('',*,*,#5403,.F.);
#5755 = ORIENTED_EDGE('',*,*,#5685,.T.);
#5756 = ORIENTED_EDGE('',*,*,#5278,.T.);
#5757 = B_SPLINE_SURFACE_WITH_KNOTS('',1,10,(
    (#5758,#5759,#5760,#5761,#5762,#5763,#5764,#5765,#5766,#5767,#5768
      ,#5769,#5770,#5771,#5772,#5773,#5774,#5775,#5776,#5777)
    ,(#5778,#5779,#5780,#5781,#5782,#5783,#5784,#5785,#5786,#5787,#5788
      ,#5789,#5790,#5791,#5792,#5793,#5794,#5795,#5796,#5797
  )),.UNSPECIFIED.,.F.,.F.,.F.,(2,2),(11,9,11),(-0.180277563773,-0.),(0.
    ,2.562527427501,5.125054855003),.UNSPECIFIED.);
#5758 = CARTESIAN_POINT('',(3.529999985598,-1.0447332E-10,
    -0.649999999712));
#5759 = CARTESIAN_POINT('',(3.520673832371,0.88718726456,-0.629999999712
    ));
#5760 = CARTESIAN_POINT('',(3.263601033974,1.769147939731,
    -0.609999999713));
#5761 = CARTESIAN_POINT('',(2.761224397728,2.568125728295,
    -0.589999999711));
#5762 = CARTESIAN_POINT('',(2.043977368698,3.207290806612,
    -0.569999999715));
#5763 = CARTESIAN_POINT('',(1.16953152701,3.623131285651,-0.549999999712
    ));
#5764 = CARTESIAN_POINT('',(0.216510666478,3.775792769835,-0.52999999971
    ));
#5765 = CARTESIAN_POINT('',(-0.727868314584,3.657442139313,
    -0.509999999715));
#5766 = CARTESIAN_POINT('',(-1.581868126358,3.291039060489,
    -0.489999999712));
#5767 = CARTESIAN_POINT('',(-2.280219928072,2.72433746801,
    -0.469999999712));
#5768 = CARTESIAN_POINT('',(-3.280527785227,1.315807286227,
    -0.429999999712));
#5769 = CARTESIAN_POINT('',(-3.582482185167,0.473980976667,
    -0.409999999712));
#5770 = CARTESIAN_POINT('',(-3.643692218487,-0.442667696522,
    -0.389999999716));
#5771 = CARTESIAN_POINT('',(-3.444263298437,-1.356324008437,
    -0.369999999705));
#5772 = CARTESIAN_POINT('',(-2.993354222086,-2.183795024666,
    -0.349999999717));
#5773 = CARTESIAN_POINT('',(-2.330063113356,-2.848943546307,
    -0.329999999712));
#5774 = CARTESIAN_POINT('',(-1.518797736385,-3.295641592709,
    -0.309999999711));
#5775 = CARTESIAN_POINT('',(-0.636877846134,-3.495343667209,
    -0.289999999713));
#5776 = CARTESIAN_POINT('',(0.236871003999,-3.448376366835,
    -0.269999999712));
#5777 = CARTESIAN_POINT('',(1.033171907046,-3.179841779364,
    -0.249999999712));
#5778 = CARTESIAN_POINT('',(3.379999985598,-1.0452217E-10,
    -0.549999999712));
#5779 = CARTESIAN_POINT('',(3.370673832371,0.849488153391,
    -0.529999999712));
#5780 = CARTESIAN_POINT('',(3.124128609221,1.693749710676,
    -0.509999999713));
#5781 = CARTESIAN_POINT('',(2.642807152836,2.458335732329,-0.48999999971
    ));
#5782 = CARTESIAN_POINT('',(1.955955306273,3.069723716167,
    -0.469999999714));
#5783 = CARTESIAN_POINT('',(1.118870151756,3.467211615336,
    -0.449999999711));
#5784 = CARTESIAN_POINT('',(0.206862120572,3.612760589559,-0.42999999971
    ));
#5785 = CARTESIAN_POINT('',(-0.696599695286,3.499016251105,
    -0.409999999714));
#5786 = CARTESIAN_POINT('',(-1.51335052357,3.148060783315,
    -0.389999999711));
#5787 = CARTESIAN_POINT('',(-2.181026357557,2.605670460645,
    -0.369999999712));
#5788 = CARTESIAN_POINT('',(-3.137016252087,1.258138725258,
    -0.329999999712));
#5789 = CARTESIAN_POINT('',(-3.425328658022,0.452999591053,
    -0.309999999712));
#5790 = CARTESIAN_POINT('',(-3.483357711579,-0.423449619143,
    -0.289999999715));
#5791 = CARTESIAN_POINT('',(-3.292192049254,-1.296767972423,
    -0.269999999704));
#5792 = CARTESIAN_POINT('',(-2.860721035419,-2.087431357698,
    -0.249999999716));
#5793 = CARTESIAN_POINT('',(-2.226429356319,-2.722719015148,
    -0.229999999712));
#5794 = CARTESIAN_POINT('',(-1.450974195322,-3.149093121648,
    -0.209999999711));
#5795 = CARTESIAN_POINT('',(-0.608269228002,-3.33939817294,
    -0.189999999712));
#5796 = CARTESIAN_POINT('',(0.226372430822,-3.294068224004,
    -0.169999999712));
#5797 = CARTESIAN_POINT('',(0.986819349242,-3.03718330473,
    -0.149999999711));
#5798 = ADVANCED_FACE('',(#5799,#5810),#5813,.F.);
#5799 = FACE_BOUND('',#5800,.F.);
#5800 = EDGE_LOOP('',(#5801));
#5801 = ORIENTED_EDGE('',*,*,#5802,.T.);
#5802 = EDGE_CURVE('',#5803,#5803,#5805,.T.);
#5803 = VERTEX_POINT('',#5804);
#5804 = CARTESIAN_POINT('',(3.45,0.,0.));
#5805 = CIRCLE('',#5806,3.45);
#5806 = AXIS2_PLACEMENT_3D('',#5807,#5808,#5809);
#5807 = CARTESIAN_POINT('',(0.,0.,0.));
#5808 = DIRECTION('',(0.,0.,1.));
#5809 = DIRECTION('',(1.,0.,0.));
#5810 = FACE_BOUND('',#5811,.F.);
#5811 = EDGE_LOOP('',(#5812));
#5812 = ORIENTED_EDGE('',*,*,#5110,.T.);
#5813 = PLANE('',#5814);
#5814 = AXIS2_PLACEMENT_3D('',#5815,#5816,#5817);
#5815 = CARTESIAN_POINT('',(-1.8E-16,-1.E-16,0.));
#5816 = DIRECTION('',(0.,0.,1.));
#5817 = DIRECTION('',(1.,0.,0.));
#5818 = ADVANCED_FACE('',(#5819,#5965),#5968,.T.);
#5819 = FACE_BOUND('',#5820,.T.);
#5820 = EDGE_LOOP('',(#5821,#5832,#5841,#5850,#5859,#5868,#5877,#5886,
    #5895,#5904,#5913,#5922,#5931,#5940,#5949,#5958));
#5821 = ORIENTED_EDGE('',*,*,#5822,.F.);
#5822 = EDGE_CURVE('',#5823,#5825,#5827,.T.);
#5823 = VERTEX_POINT('',#5824);
#5824 = CARTESIAN_POINT('',(3.436956521739,0.299716311993,0.9));
#5825 = VERTEX_POINT('',#5826);
#5826 = CARTESIAN_POINT('',(3.436956521739,-0.299716311993,0.9));
#5827 = CIRCLE('',#5828,0.3);
#5828 = AXIS2_PLACEMENT_3D('',#5829,#5830,#5831);
#5829 = CARTESIAN_POINT('',(3.45,0.,0.9));
#5830 = DIRECTION('',(0.,0.,1.));
#5831 = DIRECTION('',(1.,0.,0.));
#5832 = ORIENTED_EDGE('',*,*,#5833,.T.);
#5833 = EDGE_CURVE('',#5823,#5834,#5836,.T.);
#5834 = VERTEX_POINT('',#5835);
#5835 = CARTESIAN_POINT('',(2.642226699808,2.218363826522,0.9));
#5836 = CIRCLE('',#5837,3.45);
#5837 = AXIS2_PLACEMENT_3D('',#5838,#5839,#5840);
#5838 = CARTESIAN_POINT('',(0.,0.,0.9));
#5839 = DIRECTION('',(0.,0.,1.));
#5840 = DIRECTION('',(1.,0.,0.));
#5841 = ORIENTED_EDGE('',*,*,#5842,.F.);
#5842 = EDGE_CURVE('',#5843,#5834,#5845,.T.);
#5843 = VERTEX_POINT('',#5844);
#5844 = CARTESIAN_POINT('',(2.218363826522,2.642226699808,0.9));
#5845 = CIRCLE('',#5846,0.3);
#5846 = AXIS2_PLACEMENT_3D('',#5847,#5848,#5849);
#5847 = CARTESIAN_POINT('',(2.439518395094,2.439518395094,0.9));
#5848 = DIRECTION('',(0.,0.,1.));
#5849 = DIRECTION('',(1.,0.,0.));
#5850 = ORIENTED_EDGE('',*,*,#5851,.T.);
#5851 = EDGE_CURVE('',#5843,#5852,#5854,.T.);
#5852 = VERTEX_POINT('',#5853);
#5853 = CARTESIAN_POINT('',(0.299716311993,3.436956521739,0.9));
#5854 = CIRCLE('',#5855,3.45);
#5855 = AXIS2_PLACEMENT_3D('',#5856,#5857,#5858);
#5856 = CARTESIAN_POINT('',(0.,0.,0.9));
#5857 = DIRECTION('',(0.,0.,1.));
#5858 = DIRECTION('',(1.,0.,0.));
#5859 = ORIENTED_EDGE('',*,*,#5860,.F.);
#5860 = EDGE_CURVE('',#5861,#5852,#5863,.T.);
#5861 = VERTEX_POINT('',#5862);
#5862 = CARTESIAN_POINT('',(-0.299716311993,3.436956521739,0.9));
#5863 = CIRCLE('',#5864,0.3);
#5864 = AXIS2_PLACEMENT_3D('',#5865,#5866,#5867);
#5865 = CARTESIAN_POINT('',(0.,3.45,0.9));
#5866 = DIRECTION('',(0.,0.,1.));
#5867 = DIRECTION('',(1.,0.,0.));
#5868 = ORIENTED_EDGE('',*,*,#5869,.T.);
#5869 = EDGE_CURVE('',#5861,#5870,#5872,.T.);
#5870 = VERTEX_POINT('',#5871);
#5871 = CARTESIAN_POINT('',(-2.218363826522,2.642226699808,0.9));
#5872 = CIRCLE('',#5873,3.45);
#5873 = AXIS2_PLACEMENT_3D('',#5874,#5875,#5876);
#5874 = CARTESIAN_POINT('',(0.,0.,0.9));
#5875 = DIRECTION('',(0.,0.,1.));
#5876 = DIRECTION('',(1.,0.,0.));
#5877 = ORIENTED_EDGE('',*,*,#5878,.F.);
#5878 = EDGE_CURVE('',#5879,#5870,#5881,.T.);
#5879 = VERTEX_POINT('',#5880);
#5880 = CARTESIAN_POINT('',(-2.642226699808,2.218363826522,0.9));
#5881 = CIRCLE('',#5882,0.3);
#5882 = AXIS2_PLACEMENT_3D('',#5883,#5884,#5885);
#5883 = CARTESIAN_POINT('',(-2.439518395094,2.439518395094,0.9));
#5884 = DIRECTION('',(0.,0.,1.));
#5885 = DIRECTION('',(1.,0.,0.));
#5886 = ORIENTED_EDGE('',*,*,#5887,.T.);
#5887 = EDGE_CURVE('',#5879,#5888,#5890,.T.);
#5888 = VERTEX_POINT('',#5889);
#5889 = CARTESIAN_POINT('',(-3.436956521739,0.299716311993,0.9));
#5890 = CIRCLE('',#5891,3.45);
#5891 = AXIS2_PLACEMENT_3D('',#5892,#5893,#5894);
#5892 = CARTESIAN_POINT('',(0.,0.,0.9));
#5893 = DIRECTION('',(0.,0.,1.));
#5894 = DIRECTION('',(1.,0.,0.));
#5895 = ORIENTED_EDGE('',*,*,#5896,.F.);
#5896 = EDGE_CURVE('',#5897,#5888,#5899,.T.);
#5897 = VERTEX_POINT('',#5898);
#5898 = CARTESIAN_POINT('',(-3.436956521739,-0.299716311993,0.9));
#5899 = CIRCLE('',#5900,0.3);
#5900 = AXIS2_PLACEMENT_3D('',#5901,#5902,#5903);
#5901 = CARTESIAN_POINT('',(-3.45,0.,0.9));
#5902 = DIRECTION('',(0.,0.,1.));
#5903 = DIRECTION('',(1.,0.,0.));
#5904 = ORIENTED_EDGE('',*,*,#5905,.T.);
#5905 = EDGE_CURVE('',#5897,#5906,#5908,.T.);
#5906 = VERTEX_POINT('',#5907);
#5907 = CARTESIAN_POINT('',(-2.642226699808,-2.218363826522,0.9));
#5908 = CIRCLE('',#5909,3.45);
#5909 = AXIS2_PLACEMENT_3D('',#5910,#5911,#5912);
#5910 = CARTESIAN_POINT('',(0.,0.,0.9));
#5911 = DIRECTION('',(0.,0.,1.));
#5912 = DIRECTION('',(1.,0.,0.));
#5913 = ORIENTED_EDGE('',*,*,#5914,.F.);
#5914 = EDGE_CURVE('',#5915,#5906,#5917,.T.);
#5915 = VERTEX_POINT('',#5916);
#5916 = CARTESIAN_POINT('',(-2.218363826522,-2.642226699808,0.9));
#5917 = CIRCLE('',#5918,0.3);
#5918 = AXIS2_PLACEMENT_3D('',#5919,#5920,#5921);
#5919 = CARTESIAN_POINT('',(-2.439518395094,-2.439518395094,0.9));
#5920 = DIRECTION('',(0.,0.,1.));
#5921 = DIRECTION('',(1.,0.,0.));
#5922 = ORIENTED_EDGE('',*,*,#5923,.T.);
#5923 = EDGE_CURVE('',#5915,#5924,#5926,.T.);
#5924 = VERTEX_POINT('',#5925);
#5925 = CARTESIAN_POINT('',(-0.299716311993,-3.436956521739,0.9));
#5926 = CIRCLE('',#5927,3.45);
#5927 = AXIS2_PLACEMENT_3D('',#5928,#5929,#5930);
#5928 = CARTESIAN_POINT('',(0.,0.,0.9));
#5929 = DIRECTION('',(0.,0.,1.));
#5930 = DIRECTION('',(1.,0.,0.));
#5931 = ORIENTED_EDGE('',*,*,#5932,.F.);
#5932 = EDGE_CURVE('',#5933,#5924,#5935,.T.);
#5933 = VERTEX_POINT('',#5934);
#5934 = CARTESIAN_POINT('',(0.299716311993,-3.436956521739,0.9));
#5935 = CIRCLE('',#5936,0.3);
#5936 = AXIS2_PLACEMENT_3D('',#5937,#5938,#5939);
#5937 = CARTESIAN_POINT('',(0.,-3.45,0.9));
#5938 = DIRECTION('',(0.,0.,1.));
#5939 = DIRECTION('',(1.,0.,0.));
#5940 = ORIENTED_EDGE('',*,*,#5941,.T.);
#5941 = EDGE_CURVE('',#5933,#5942,#5944,.T.);
#5942 = VERTEX_POINT('',#5943);
#5943 = CARTESIAN_POINT('',(2.218363826522,-2.642226699808,0.9));
#5944 = CIRCLE('',#5945,3.45);
#5945 = AXIS2_PLACEMENT_3D('',#5946,#5947,#5948);
#5946 = CARTESIAN_POINT('',(0.,0.,0.9));
#5947 = DIRECTION('',(0.,0.,1.));
#5948 = DIRECTION('',(1.,0.,0.));
#5949 = ORIENTED_EDGE('',*,*,#5950,.F.);
#5950 = EDGE_CURVE('',#5951,#5942,#5953,.T.);
#5951 = VERTEX_POINT('',#5952);
#5952 = CARTESIAN_POINT('',(2.642226699808,-2.218363826522,0.9));
#5953 = CIRCLE('',#5954,0.3);
#5954 = AXIS2_PLACEMENT_3D('',#5955,#5956,#5957);
#5955 = CARTESIAN_POINT('',(2.439518395094,-2.439518395094,0.9));
#5956 = DIRECTION('',(0.,0.,1.));
#5957 = DIRECTION('',(1.,0.,0.));
#5958 = ORIENTED_EDGE('',*,*,#5959,.T.);
#5959 = EDGE_CURVE('',#5951,#5825,#5960,.T.);
#5960 = CIRCLE('',#5961,3.45);
#5961 = AXIS2_PLACEMENT_3D('',#5962,#5963,#5964);
#5962 = CARTESIAN_POINT('',(0.,0.,0.9));
#5963 = DIRECTION('',(0.,0.,1.));
#5964 = DIRECTION('',(1.,0.,0.));
#5965 = FACE_BOUND('',#5966,.T.);
#5966 = EDGE_LOOP('',(#5967));
#5967 = ORIENTED_EDGE('',*,*,#5351,.F.);
#5968 = PLANE('',#5969);
#5969 = AXIS2_PLACEMENT_3D('',#5970,#5971,#5972);
#5970 = CARTESIAN_POINT('',(-1.8E-16,-1.E-16,0.9));
#5971 = DIRECTION('',(0.,0.,1.));
#5972 = DIRECTION('',(1.,0.,0.));
#5973 = ADVANCED_FACE('',(#5974),#6185,.T.);
#5974 = FACE_BOUND('',#5975,.F.);
#5975 = EDGE_LOOP('',(#5976,#5977,#5985,#5994,#6000,#6001,#6009,#6018,
    #6024,#6025,#6033,#6042,#6048,#6049,#6057,#6066,#6072,#6073,#6081,
    #6090,#6096,#6097,#6105,#6114,#6120,#6121,#6129,#6138,#6144,#6145,
    #6153,#6162,#6168,#6169,#6177,#6184));
#5976 = ORIENTED_EDGE('',*,*,#5802,.F.);
#5977 = ORIENTED_EDGE('',*,*,#5978,.T.);
#5978 = EDGE_CURVE('',#5803,#5979,#5981,.T.);
#5979 = VERTEX_POINT('',#5980);
#5980 = CARTESIAN_POINT('',(3.45,-8.E-14,0.4));
#5981 = LINE('',#5982,#5983);
#5982 = CARTESIAN_POINT('',(3.45,0.,0.));
#5983 = VECTOR('',#5984,1.);
#5984 = DIRECTION('',(0.,0.,1.));
#5985 = ORIENTED_EDGE('',*,*,#5986,.T.);
#5986 = EDGE_CURVE('',#5979,#5987,#5989,.T.);
#5987 = VERTEX_POINT('',#5988);
#5988 = CARTESIAN_POINT('',(3.436956521739,0.299716311993,0.4));
#5989 = CIRCLE('',#5990,3.45);
#5990 = AXIS2_PLACEMENT_3D('',#5991,#5992,#5993);
#5991 = CARTESIAN_POINT('',(0.,0.,0.4));
#5992 = DIRECTION('',(0.,0.,1.));
#5993 = DIRECTION('',(1.,0.,0.));
#5994 = ORIENTED_EDGE('',*,*,#5995,.F.);
#5995 = EDGE_CURVE('',#5823,#5987,#5996,.T.);
#5996 = LINE('',#5997,#5998);
#5997 = CARTESIAN_POINT('',(3.436956521739,0.299716311993,0.9));
#5998 = VECTOR('',#5999,1.);
#5999 = DIRECTION('',(-0.,-0.,-1.));
#6000 = ORIENTED_EDGE('',*,*,#5833,.T.);
#6001 = ORIENTED_EDGE('',*,*,#6002,.T.);
#6002 = EDGE_CURVE('',#5834,#6003,#6005,.T.);
#6003 = VERTEX_POINT('',#6004);
#6004 = CARTESIAN_POINT('',(2.642226699808,2.218363826522,0.4));
#6005 = LINE('',#6006,#6007);
#6006 = CARTESIAN_POINT('',(2.642226699808,2.218363826522,0.9));
#6007 = VECTOR('',#6008,1.);
#6008 = DIRECTION('',(-0.,-0.,-1.));
#6009 = ORIENTED_EDGE('',*,*,#6010,.T.);
#6010 = EDGE_CURVE('',#6003,#6011,#6013,.T.);
#6011 = VERTEX_POINT('',#6012);
#6012 = CARTESIAN_POINT('',(2.218363826522,2.642226699808,0.4));
#6013 = CIRCLE('',#6014,3.45);
#6014 = AXIS2_PLACEMENT_3D('',#6015,#6016,#6017);
#6015 = CARTESIAN_POINT('',(0.,0.,0.4));
#6016 = DIRECTION('',(0.,0.,1.));
#6017 = DIRECTION('',(1.,0.,0.));
#6018 = ORIENTED_EDGE('',*,*,#6019,.F.);
#6019 = EDGE_CURVE('',#5843,#6011,#6020,.T.);
#6020 = LINE('',#6021,#6022);
#6021 = CARTESIAN_POINT('',(2.218363826522,2.642226699808,0.9));
#6022 = VECTOR('',#6023,1.);
#6023 = DIRECTION('',(-0.,-0.,-1.));
#6024 = ORIENTED_EDGE('',*,*,#5851,.T.);
#6025 = ORIENTED_EDGE('',*,*,#6026,.T.);
#6026 = EDGE_CURVE('',#5852,#6027,#6029,.T.);
#6027 = VERTEX_POINT('',#6028);
#6028 = CARTESIAN_POINT('',(0.299716311993,3.436956521739,0.4));
#6029 = LINE('',#6030,#6031);
#6030 = CARTESIAN_POINT('',(0.299716311993,3.436956521739,0.9));
#6031 = VECTOR('',#6032,1.);
#6032 = DIRECTION('',(-0.,-0.,-1.));
#6033 = ORIENTED_EDGE('',*,*,#6034,.T.);
#6034 = EDGE_CURVE('',#6027,#6035,#6037,.T.);
#6035 = VERTEX_POINT('',#6036);
#6036 = CARTESIAN_POINT('',(-0.299716311993,3.436956521739,0.4));
#6037 = CIRCLE('',#6038,3.45);
#6038 = AXIS2_PLACEMENT_3D('',#6039,#6040,#6041);
#6039 = CARTESIAN_POINT('',(0.,0.,0.4));
#6040 = DIRECTION('',(0.,0.,1.));
#6041 = DIRECTION('',(1.,0.,0.));
#6042 = ORIENTED_EDGE('',*,*,#6043,.F.);
#6043 = EDGE_CURVE('',#5861,#6035,#6044,.T.);
#6044 = LINE('',#6045,#6046);
#6045 = CARTESIAN_POINT('',(-0.299716311993,3.436956521739,0.9));
#6046 = VECTOR('',#6047,1.);
#6047 = DIRECTION('',(-0.,-0.,-1.));
#6048 = ORIENTED_EDGE('',*,*,#5869,.T.);
#6049 = ORIENTED_EDGE('',*,*,#6050,.T.);
#6050 = EDGE_CURVE('',#5870,#6051,#6053,.T.);
#6051 = VERTEX_POINT('',#6052);
#6052 = CARTESIAN_POINT('',(-2.218363826522,2.642226699808,0.4));
#6053 = LINE('',#6054,#6055);
#6054 = CARTESIAN_POINT('',(-2.218363826522,2.642226699808,0.9));
#6055 = VECTOR('',#6056,1.);
#6056 = DIRECTION('',(-0.,-0.,-1.));
#6057 = ORIENTED_EDGE('',*,*,#6058,.T.);
#6058 = EDGE_CURVE('',#6051,#6059,#6061,.T.);
#6059 = VERTEX_POINT('',#6060);
#6060 = CARTESIAN_POINT('',(-2.642226699808,2.218363826522,0.4));
#6061 = CIRCLE('',#6062,3.45);
#6062 = AXIS2_PLACEMENT_3D('',#6063,#6064,#6065);
#6063 = CARTESIAN_POINT('',(0.,0.,0.4));
#6064 = DIRECTION('',(0.,0.,1.));
#6065 = DIRECTION('',(1.,0.,0.));
#6066 = ORIENTED_EDGE('',*,*,#6067,.F.);
#6067 = EDGE_CURVE('',#5879,#6059,#6068,.T.);
#6068 = LINE('',#6069,#6070);
#6069 = CARTESIAN_POINT('',(-2.642226699808,2.218363826522,0.9));
#6070 = VECTOR('',#6071,1.);
#6071 = DIRECTION('',(-0.,-0.,-1.));
#6072 = ORIENTED_EDGE('',*,*,#5887,.T.);
#6073 = ORIENTED_EDGE('',*,*,#6074,.T.);
#6074 = EDGE_CURVE('',#5888,#6075,#6077,.T.);
#6075 = VERTEX_POINT('',#6076);
#6076 = CARTESIAN_POINT('',(-3.436956521739,0.299716311993,0.4));
#6077 = LINE('',#6078,#6079);
#6078 = CARTESIAN_POINT('',(-3.436956521739,0.299716311993,0.9));
#6079 = VECTOR('',#6080,1.);
#6080 = DIRECTION('',(-0.,-0.,-1.));
#6081 = ORIENTED_EDGE('',*,*,#6082,.T.);
#6082 = EDGE_CURVE('',#6075,#6083,#6085,.T.);
#6083 = VERTEX_POINT('',#6084);
#6084 = CARTESIAN_POINT('',(-3.436956521739,-0.299716311993,0.4));
#6085 = CIRCLE('',#6086,3.45);
#6086 = AXIS2_PLACEMENT_3D('',#6087,#6088,#6089);
#6087 = CARTESIAN_POINT('',(0.,0.,0.4));
#6088 = DIRECTION('',(0.,0.,1.));
#6089 = DIRECTION('',(1.,0.,0.));
#6090 = ORIENTED_EDGE('',*,*,#6091,.F.);
#6091 = EDGE_CURVE('',#5897,#6083,#6092,.T.);
#6092 = LINE('',#6093,#6094);
#6093 = CARTESIAN_POINT('',(-3.436956521739,-0.299716311993,0.9));
#6094 = VECTOR('',#6095,1.);
#6095 = DIRECTION('',(-0.,-0.,-1.));
#6096 = ORIENTED_EDGE('',*,*,#5905,.T.);
#6097 = ORIENTED_EDGE('',*,*,#6098,.T.);
#6098 = EDGE_CURVE('',#5906,#6099,#6101,.T.);
#6099 = VERTEX_POINT('',#6100);
#6100 = CARTESIAN_POINT('',(-2.642226699808,-2.218363826522,0.4));
#6101 = LINE('',#6102,#6103);
#6102 = CARTESIAN_POINT('',(-2.642226699808,-2.218363826522,0.9));
#6103 = VECTOR('',#6104,1.);
#6104 = DIRECTION('',(-0.,-0.,-1.));
#6105 = ORIENTED_EDGE('',*,*,#6106,.T.);
#6106 = EDGE_CURVE('',#6099,#6107,#6109,.T.);
#6107 = VERTEX_POINT('',#6108);
#6108 = CARTESIAN_POINT('',(-2.218363826522,-2.642226699808,0.4));
#6109 = CIRCLE('',#6110,3.45);
#6110 = AXIS2_PLACEMENT_3D('',#6111,#6112,#6113);
#6111 = CARTESIAN_POINT('',(0.,0.,0.4));
#6112 = DIRECTION('',(0.,0.,1.));
#6113 = DIRECTION('',(1.,0.,0.));
#6114 = ORIENTED_EDGE('',*,*,#6115,.F.);
#6115 = EDGE_CURVE('',#5915,#6107,#6116,.T.);
#6116 = LINE('',#6117,#6118);
#6117 = CARTESIAN_POINT('',(-2.218363826522,-2.642226699808,0.9));
#6118 = VECTOR('',#6119,1.);
#6119 = DIRECTION('',(-0.,-0.,-1.));
#6120 = ORIENTED_EDGE('',*,*,#5923,.T.);
#6121 = ORIENTED_EDGE('',*,*,#6122,.T.);
#6122 = EDGE_CURVE('',#5924,#6123,#6125,.T.);
#6123 = VERTEX_POINT('',#6124);
#6124 = CARTESIAN_POINT('',(-0.299716311993,-3.436956521739,0.4));
#6125 = LINE('',#6126,#6127);
#6126 = CARTESIAN_POINT('',(-0.299716311993,-3.436956521739,0.9));
#6127 = VECTOR('',#6128,1.);
#6128 = DIRECTION('',(-0.,-0.,-1.));
#6129 = ORIENTED_EDGE('',*,*,#6130,.T.);
#6130 = EDGE_CURVE('',#6123,#6131,#6133,.T.);
#6131 = VERTEX_POINT('',#6132);
#6132 = CARTESIAN_POINT('',(0.299716311993,-3.436956521739,0.4));
#6133 = CIRCLE('',#6134,3.45);
#6134 = AXIS2_PLACEMENT_3D('',#6135,#6136,#6137);
#6135 = CARTESIAN_POINT('',(0.,0.,0.4));
#6136 = DIRECTION('',(0.,0.,1.));
#6137 = DIRECTION('',(1.,0.,0.));
#6138 = ORIENTED_EDGE('',*,*,#6139,.F.);
#6139 = EDGE_CURVE('',#5933,#6131,#6140,.T.);
#6140 = LINE('',#6141,#6142);
#6141 = CARTESIAN_POINT('',(0.299716311993,-3.436956521739,0.9));
#6142 = VECTOR('',#6143,1.);
#6143 = DIRECTION('',(-0.,-0.,-1.));
#6144 = ORIENTED_EDGE('',*,*,#5941,.T.);
#6145 = ORIENTED_EDGE('',*,*,#6146,.T.);
#6146 = EDGE_CURVE('',#5942,#6147,#6149,.T.);
#6147 = VERTEX_POINT('',#6148);
#6148 = CARTESIAN_POINT('',(2.218363826522,-2.642226699808,0.4));
#6149 = LINE('',#6150,#6151);
#6150 = CARTESIAN_POINT('',(2.218363826522,-2.642226699808,0.9));
#6151 = VECTOR('',#6152,1.);
#6152 = DIRECTION('',(-0.,-0.,-1.));
#6153 = ORIENTED_EDGE('',*,*,#6154,.T.);
#6154 = EDGE_CURVE('',#6147,#6155,#6157,.T.);
#6155 = VERTEX_POINT('',#6156);
#6156 = CARTESIAN_POINT('',(2.642226699808,-2.218363826522,0.4));
#6157 = CIRCLE('',#6158,3.45);
#6158 = AXIS2_PLACEMENT_3D('',#6159,#6160,#6161);
#6159 = CARTESIAN_POINT('',(0.,0.,0.4));
#6160 = DIRECTION('',(0.,0.,1.));
#6161 = DIRECTION('',(1.,0.,0.));
#6162 = ORIENTED_EDGE('',*,*,#6163,.F.);
#6163 = EDGE_CURVE('',#5951,#6155,#6164,.T.);
#6164 = LINE('',#6165,#6166);
#6165 = CARTESIAN_POINT('',(2.642226699808,-2.218363826522,0.9));
#6166 = VECTOR('',#6167,1.);
#6167 = DIRECTION('',(-0.,-0.,-1.));
#6168 = ORIENTED_EDGE('',*,*,#5959,.T.);
#6169 = ORIENTED_EDGE('',*,*,#6170,.T.);
#6170 = EDGE_CURVE('',#5825,#6171,#6173,.T.);
#6171 = VERTEX_POINT('',#6172);
#6172 = CARTESIAN_POINT('',(3.436956521739,-0.299716311993,0.4));
#6173 = LINE('',#6174,#6175);
#6174 = CARTESIAN_POINT('',(3.436956521739,-0.299716311993,0.9));
#6175 = VECTOR('',#6176,1.);
#6176 = DIRECTION('',(-0.,-0.,-1.));
#6177 = ORIENTED_EDGE('',*,*,#6178,.T.);
#6178 = EDGE_CURVE('',#6171,#5979,#6179,.T.);
#6179 = CIRCLE('',#6180,3.45);
#6180 = AXIS2_PLACEMENT_3D('',#6181,#6182,#6183);
#6181 = CARTESIAN_POINT('',(0.,0.,0.4));
#6182 = DIRECTION('',(0.,0.,1.));
#6183 = DIRECTION('',(1.,0.,0.));
#6184 = ORIENTED_EDGE('',*,*,#5978,.F.);
#6185 = CYLINDRICAL_SURFACE('',#6186,3.45);
#6186 = AXIS2_PLACEMENT_3D('',#6187,#6188,#6189);
#6187 = CARTESIAN_POINT('',(0.,0.,0.));
#6188 = DIRECTION('',(-0.,-0.,-1.));
#6189 = DIRECTION('',(1.,0.,0.));
#6190 = ADVANCED_FACE('',(#6191),#6203,.F.);
#6191 = FACE_BOUND('',#6192,.F.);
#6192 = EDGE_LOOP('',(#6193,#6194,#6201,#6202));
#6193 = ORIENTED_EDGE('',*,*,#5995,.T.);
#6194 = ORIENTED_EDGE('',*,*,#6195,.T.);
#6195 = EDGE_CURVE('',#5987,#6171,#6196,.T.);
#6196 = CIRCLE('',#6197,0.3);
#6197 = AXIS2_PLACEMENT_3D('',#6198,#6199,#6200);
#6198 = CARTESIAN_POINT('',(3.45,0.,0.4));
#6199 = DIRECTION('',(0.,0.,1.));
#6200 = DIRECTION('',(1.,0.,0.));
#6201 = ORIENTED_EDGE('',*,*,#6170,.F.);
#6202 = ORIENTED_EDGE('',*,*,#5822,.F.);
#6203 = CYLINDRICAL_SURFACE('',#6204,0.3);
#6204 = AXIS2_PLACEMENT_3D('',#6205,#6206,#6207);
#6205 = CARTESIAN_POINT('',(3.45,0.,0.9));
#6206 = DIRECTION('',(0.,0.,1.));
#6207 = DIRECTION('',(1.,0.,0.));
#6208 = ADVANCED_FACE('',(#6209),#6221,.F.);
#6209 = FACE_BOUND('',#6210,.F.);
#6210 = EDGE_LOOP('',(#6211,#6212,#6219,#6220));
#6211 = ORIENTED_EDGE('',*,*,#6163,.T.);
#6212 = ORIENTED_EDGE('',*,*,#6213,.T.);
#6213 = EDGE_CURVE('',#6155,#6147,#6214,.T.);
#6214 = CIRCLE('',#6215,0.3);
#6215 = AXIS2_PLACEMENT_3D('',#6216,#6217,#6218);
#6216 = CARTESIAN_POINT('',(2.439518395094,-2.439518395094,0.4));
#6217 = DIRECTION('',(0.,0.,1.));
#6218 = DIRECTION('',(1.,0.,0.));
#6219 = ORIENTED_EDGE('',*,*,#6146,.F.);
#6220 = ORIENTED_EDGE('',*,*,#5950,.F.);
#6221 = CYLINDRICAL_SURFACE('',#6222,0.3);
#6222 = AXIS2_PLACEMENT_3D('',#6223,#6224,#6225);
#6223 = CARTESIAN_POINT('',(2.439518395094,-2.439518395094,0.9));
#6224 = DIRECTION('',(0.,0.,1.));
#6225 = DIRECTION('',(1.,0.,0.));
#6226 = ADVANCED_FACE('',(#6227),#6239,.F.);
#6227 = FACE_BOUND('',#6228,.F.);
#6228 = EDGE_LOOP('',(#6229,#6230,#6237,#6238));
#6229 = ORIENTED_EDGE('',*,*,#6139,.T.);
#6230 = ORIENTED_EDGE('',*,*,#6231,.T.);
#6231 = EDGE_CURVE('',#6131,#6123,#6232,.T.);
#6232 = CIRCLE('',#6233,0.3);
#6233 = AXIS2_PLACEMENT_3D('',#6234,#6235,#6236);
#6234 = CARTESIAN_POINT('',(0.,-3.45,0.4));
#6235 = DIRECTION('',(0.,0.,1.));
#6236 = DIRECTION('',(1.,0.,0.));
#6237 = ORIENTED_EDGE('',*,*,#6122,.F.);
#6238 = ORIENTED_EDGE('',*,*,#5932,.F.);
#6239 = CYLINDRICAL_SURFACE('',#6240,0.3);
#6240 = AXIS2_PLACEMENT_3D('',#6241,#6242,#6243);
#6241 = CARTESIAN_POINT('',(0.,-3.45,0.9));
#6242 = DIRECTION('',(0.,0.,1.));
#6243 = DIRECTION('',(1.,0.,0.));
#6244 = ADVANCED_FACE('',(#6245),#6257,.F.);
#6245 = FACE_BOUND('',#6246,.F.);
#6246 = EDGE_LOOP('',(#6247,#6248,#6255,#6256));
#6247 = ORIENTED_EDGE('',*,*,#6115,.T.);
#6248 = ORIENTED_EDGE('',*,*,#6249,.T.);
#6249 = EDGE_CURVE('',#6107,#6099,#6250,.T.);
#6250 = CIRCLE('',#6251,0.3);
#6251 = AXIS2_PLACEMENT_3D('',#6252,#6253,#6254);
#6252 = CARTESIAN_POINT('',(-2.439518395094,-2.439518395094,0.4));
#6253 = DIRECTION('',(0.,0.,1.));
#6254 = DIRECTION('',(1.,0.,0.));
#6255 = ORIENTED_EDGE('',*,*,#6098,.F.);
#6256 = ORIENTED_EDGE('',*,*,#5914,.F.);
#6257 = CYLINDRICAL_SURFACE('',#6258,0.3);
#6258 = AXIS2_PLACEMENT_3D('',#6259,#6260,#6261);
#6259 = CARTESIAN_POINT('',(-2.439518395094,-2.439518395094,0.9));
#6260 = DIRECTION('',(0.,0.,1.));
#6261 = DIRECTION('',(1.,0.,0.));
#6262 = ADVANCED_FACE('',(#6263),#6275,.F.);
#6263 = FACE_BOUND('',#6264,.F.);
#6264 = EDGE_LOOP('',(#6265,#6266,#6273,#6274));
#6265 = ORIENTED_EDGE('',*,*,#6091,.T.);
#6266 = ORIENTED_EDGE('',*,*,#6267,.T.);
#6267 = EDGE_CURVE('',#6083,#6075,#6268,.T.);
#6268 = CIRCLE('',#6269,0.3);
#6269 = AXIS2_PLACEMENT_3D('',#6270,#6271,#6272);
#6270 = CARTESIAN_POINT('',(-3.45,0.,0.4));
#6271 = DIRECTION('',(0.,0.,1.));
#6272 = DIRECTION('',(1.,0.,0.));
#6273 = ORIENTED_EDGE('',*,*,#6074,.F.);
#6274 = ORIENTED_EDGE('',*,*,#5896,.F.);
#6275 = CYLINDRICAL_SURFACE('',#6276,0.3);
#6276 = AXIS2_PLACEMENT_3D('',#6277,#6278,#6279);
#6277 = CARTESIAN_POINT('',(-3.45,0.,0.9));
#6278 = DIRECTION('',(0.,0.,1.));
#6279 = DIRECTION('',(1.,0.,0.));
#6280 = ADVANCED_FACE('',(#6281),#6293,.F.);
#6281 = FACE_BOUND('',#6282,.F.);
#6282 = EDGE_LOOP('',(#6283,#6284,#6291,#6292));
#6283 = ORIENTED_EDGE('',*,*,#6067,.T.);
#6284 = ORIENTED_EDGE('',*,*,#6285,.T.);
#6285 = EDGE_CURVE('',#6059,#6051,#6286,.T.);
#6286 = CIRCLE('',#6287,0.3);
#6287 = AXIS2_PLACEMENT_3D('',#6288,#6289,#6290);
#6288 = CARTESIAN_POINT('',(-2.439518395094,2.439518395094,0.4));
#6289 = DIRECTION('',(0.,0.,1.));
#6290 = DIRECTION('',(1.,0.,0.));
#6291 = ORIENTED_EDGE('',*,*,#6050,.F.);
#6292 = ORIENTED_EDGE('',*,*,#5878,.F.);
#6293 = CYLINDRICAL_SURFACE('',#6294,0.3);
#6294 = AXIS2_PLACEMENT_3D('',#6295,#6296,#6297);
#6295 = CARTESIAN_POINT('',(-2.439518395094,2.439518395094,0.9));
#6296 = DIRECTION('',(0.,0.,1.));
#6297 = DIRECTION('',(1.,0.,0.));
#6298 = ADVANCED_FACE('',(#6299),#6311,.F.);
#6299 = FACE_BOUND('',#6300,.F.);
#6300 = EDGE_LOOP('',(#6301,#6302,#6309,#6310));
#6301 = ORIENTED_EDGE('',*,*,#6043,.T.);
#6302 = ORIENTED_EDGE('',*,*,#6303,.T.);
#6303 = EDGE_CURVE('',#6035,#6027,#6304,.T.);
#6304 = CIRCLE('',#6305,0.3);
#6305 = AXIS2_PLACEMENT_3D('',#6306,#6307,#6308);
#6306 = CARTESIAN_POINT('',(0.,3.45,0.4));
#6307 = DIRECTION('',(0.,0.,1.));
#6308 = DIRECTION('',(1.,0.,0.));
#6309 = ORIENTED_EDGE('',*,*,#6026,.F.);
#6310 = ORIENTED_EDGE('',*,*,#5860,.F.);
#6311 = CYLINDRICAL_SURFACE('',#6312,0.3);
#6312 = AXIS2_PLACEMENT_3D('',#6313,#6314,#6315);
#6313 = CARTESIAN_POINT('',(0.,3.45,0.9));
#6314 = DIRECTION('',(0.,0.,1.));
#6315 = DIRECTION('',(1.,0.,0.));
#6316 = ADVANCED_FACE('',(#6317),#6329,.F.);
#6317 = FACE_BOUND('',#6318,.F.);
#6318 = EDGE_LOOP('',(#6319,#6320,#6327,#6328));
#6319 = ORIENTED_EDGE('',*,*,#6019,.T.);
#6320 = ORIENTED_EDGE('',*,*,#6321,.T.);
#6321 = EDGE_CURVE('',#6011,#6003,#6322,.T.);
#6322 = CIRCLE('',#6323,0.3);
#6323 = AXIS2_PLACEMENT_3D('',#6324,#6325,#6326);
#6324 = CARTESIAN_POINT('',(2.439518395094,2.439518395094,0.4));
#6325 = DIRECTION('',(0.,0.,1.));
#6326 = DIRECTION('',(1.,0.,0.));
#6327 = ORIENTED_EDGE('',*,*,#6002,.F.);
#6328 = ORIENTED_EDGE('',*,*,#5842,.F.);
#6329 = CYLINDRICAL_SURFACE('',#6330,0.3);
#6330 = AXIS2_PLACEMENT_3D('',#6331,#6332,#6333);
#6331 = CARTESIAN_POINT('',(2.439518395094,2.439518395094,0.9));
#6332 = DIRECTION('',(0.,0.,1.));
#6333 = DIRECTION('',(1.,0.,0.));
#6334 = ADVANCED_FACE('',(#6335),#6340,.T.);
#6335 = FACE_BOUND('',#6336,.T.);
#6336 = EDGE_LOOP('',(#6337,#6338,#6339));
#6337 = ORIENTED_EDGE('',*,*,#6195,.T.);
#6338 = ORIENTED_EDGE('',*,*,#6178,.T.);
#6339 = ORIENTED_EDGE('',*,*,#5986,.T.);
#6340 = PLANE('',#6341);
#6341 = AXIS2_PLACEMENT_3D('',#6342,#6343,#6344);
#6342 = CARTESIAN_POINT('',(-1.2E-16,-3.1E-16,0.4));
#6343 = DIRECTION('',(0.,0.,1.));
#6344 = DIRECTION('',(0.,1.,0.));
#6345 = ADVANCED_FACE('',(#6346),#6350,.T.);
#6346 = FACE_BOUND('',#6347,.T.);
#6347 = EDGE_LOOP('',(#6348,#6349));
#6348 = ORIENTED_EDGE('',*,*,#6213,.T.);
#6349 = ORIENTED_EDGE('',*,*,#6154,.T.);
#6350 = PLANE('',#6351);
#6351 = AXIS2_PLACEMENT_3D('',#6352,#6353,#6354);
#6352 = CARTESIAN_POINT('',(-1.2E-16,-3.1E-16,0.4));
#6353 = DIRECTION('',(0.,0.,1.));
#6354 = DIRECTION('',(0.,1.,0.));
#6355 = ADVANCED_FACE('',(#6356),#6360,.T.);
#6356 = FACE_BOUND('',#6357,.T.);
#6357 = EDGE_LOOP('',(#6358,#6359));
#6358 = ORIENTED_EDGE('',*,*,#6231,.T.);
#6359 = ORIENTED_EDGE('',*,*,#6130,.T.);
#6360 = PLANE('',#6361);
#6361 = AXIS2_PLACEMENT_3D('',#6362,#6363,#6364);
#6362 = CARTESIAN_POINT('',(-1.2E-16,-3.1E-16,0.4));
#6363 = DIRECTION('',(0.,0.,1.));
#6364 = DIRECTION('',(0.,1.,0.));
#6365 = ADVANCED_FACE('',(#6366),#6370,.T.);
#6366 = FACE_BOUND('',#6367,.T.);
#6367 = EDGE_LOOP('',(#6368,#6369));
#6368 = ORIENTED_EDGE('',*,*,#6249,.T.);
#6369 = ORIENTED_EDGE('',*,*,#6106,.T.);
#6370 = PLANE('',#6371);
#6371 = AXIS2_PLACEMENT_3D('',#6372,#6373,#6374);
#6372 = CARTESIAN_POINT('',(-1.2E-16,-3.1E-16,0.4));
#6373 = DIRECTION('',(0.,0.,1.));
#6374 = DIRECTION('',(0.,1.,0.));
#6375 = ADVANCED_FACE('',(#6376),#6380,.T.);
#6376 = FACE_BOUND('',#6377,.T.);
#6377 = EDGE_LOOP('',(#6378,#6379));
#6378 = ORIENTED_EDGE('',*,*,#6267,.T.);
#6379 = ORIENTED_EDGE('',*,*,#6082,.T.);
#6380 = PLANE('',#6381);
#6381 = AXIS2_PLACEMENT_3D('',#6382,#6383,#6384);
#6382 = CARTESIAN_POINT('',(-1.2E-16,-3.1E-16,0.4));
#6383 = DIRECTION('',(0.,0.,1.));
#6384 = DIRECTION('',(0.,1.,0.));
#6385 = ADVANCED_FACE('',(#6386),#6390,.T.);
#6386 = FACE_BOUND('',#6387,.T.);
#6387 = EDGE_LOOP('',(#6388,#6389));
#6388 = ORIENTED_EDGE('',*,*,#6058,.T.);
#6389 = ORIENTED_EDGE('',*,*,#6285,.T.);
#6390 = PLANE('',#6391);
#6391 = AXIS2_PLACEMENT_3D('',#6392,#6393,#6394);
#6392 = CARTESIAN_POINT('',(-1.2E-16,-3.1E-16,0.4));
#6393 = DIRECTION('',(0.,0.,1.));
#6394 = DIRECTION('',(0.,1.,0.));
#6395 = ADVANCED_FACE('',(#6396),#6400,.T.);
#6396 = FACE_BOUND('',#6397,.T.);
#6397 = EDGE_LOOP('',(#6398,#6399));
#6398 = ORIENTED_EDGE('',*,*,#6303,.T.);
#6399 = ORIENTED_EDGE('',*,*,#6034,.T.);
#6400 = PLANE('',#6401);
#6401 = AXIS2_PLACEMENT_3D('',#6402,#6403,#6404);
#6402 = CARTESIAN_POINT('',(-1.2E-16,-3.1E-16,0.4));
#6403 = DIRECTION('',(0.,0.,1.));
#6404 = DIRECTION('',(0.,1.,0.));
#6405 = ADVANCED_FACE('',(#6406),#6410,.T.);
#6406 = FACE_BOUND('',#6407,.T.);
#6407 = EDGE_LOOP('',(#6408,#6409));
#6408 = ORIENTED_EDGE('',*,*,#6321,.T.);
#6409 = ORIENTED_EDGE('',*,*,#6010,.T.);
#6410 = PLANE('',#6411);
#6411 = AXIS2_PLACEMENT_3D('',#6412,#6413,#6414);
#6412 = CARTESIAN_POINT('',(-1.2E-16,-3.1E-16,0.4));
#6413 = DIRECTION('',(0.,0.,1.));
#6414 = DIRECTION('',(0.,1.,0.));
#6415 = ( GEOMETRIC_REPRESENTATION_CONTEXT(3) 
GLOBAL_UNCERTAINTY_ASSIGNED_CONTEXT((#6419)) 
GLOBAL_UNIT_ASSIGNED_CONTEXT((#6416,#6417,#6418)) REPRESENTATION_CONTEXT
('Context #1','3D Context with UNIT and UNCERTAINTY') );
#6416 = ( LENGTH_UNIT() NAMED_UNIT(*) SI_UNIT(.MILLI.,.METRE.) );
#6417 = ( NAMED_UNIT(*) PLANE_ANGLE_UNIT() SI_UNIT($,.RADIAN.) );
#6418 = ( NAMED_UNIT(*) SI_UNIT($,.STERADIAN.) SOLID_ANGLE_UNIT() );
#6419 = UNCERTAINTY_MEASURE_WITH_UNIT(LENGTH_MEASURE(1.E-06),#6416,
  'distance_accuracy_value','confusion accuracy');
#6420 = CONTEXT_DEPENDENT_SHAPE_REPRESENTATION(#6421,#6423);
#6421 = ( REPRESENTATION_RELATIONSHIP('','',#3720,#3693) 
REPRESENTATION_RELATIONSHIP_WITH_TRANSFORMATION(#6422) 
SHAPE_REPRESENTATION_RELATIONSHIP() );
#6422 = ITEM_DEFINED_TRANSFORMATION('','',#11,#3694);
#6423 = PRODUCT_DEFINITION_SHAPE('Placement','Placement of an item',
  #6424);
#6424 = NEXT_ASSEMBLY_USAGE_OCCURRENCE('2','Body','',#3688,#3715,$);
#6425 = PRODUCT_RELATED_PRODUCT_CATEGORY('part',$,(#3717));
#6426 = SHAPE_DEFINITION_REPRESENTATION(#6427,#6433);
#6427 = PRODUCT_DEFINITION_SHAPE('','',#6428);
#6428 = PRODUCT_DEFINITION('design','',#6429,#6432);
#6429 = PRODUCT_DEFINITION_FORMATION('','',#6430);
#6430 = PRODUCT('Lense','Lense','',(#6431));
#6431 = PRODUCT_CONTEXT('',#2,'mechanical');
#6432 = PRODUCT_DEFINITION_CONTEXT('part definition',#2,'design');
#6433 = ADVANCED_BREP_SHAPE_REPRESENTATION('',(#11,#6434),#6517);
#6434 = MANIFOLD_SOLID_BREP('',#6435);
#6435 = CLOSED_SHELL('',(#6436,#6463,#6480,#6505));
#6436 = ADVANCED_FACE('',(#6437),#6458,.T.);
#6437 = FACE_BOUND('',#6438,.F.);
#6438 = EDGE_LOOP('',(#6439,#6448,#6457));
#6439 = ORIENTED_EDGE('',*,*,#6440,.T.);
#6440 = EDGE_CURVE('',#6441,#6441,#6443,.T.);
#6441 = VERTEX_POINT('',#6442);
#6442 = CARTESIAN_POINT('',(1.07,0.,0.));
#6443 = CIRCLE('',#6444,1.07);
#6444 = AXIS2_PLACEMENT_3D('',#6445,#6446,#6447);
#6445 = CARTESIAN_POINT('',(0.,0.,0.));
#6446 = DIRECTION('',(0.,-2.2E-16,-1.));
#6447 = DIRECTION('',(1.,0.,0.));
#6448 = ORIENTED_EDGE('',*,*,#6449,.T.);
#6449 = EDGE_CURVE('',#6441,#6450,#6452,.T.);
#6450 = VERTEX_POINT('',#6451);
#6451 = CARTESIAN_POINT('',(0.,0.,0.436382150841));
#6452 = CIRCLE('',#6453,1.53);
#6453 = AXIS2_PLACEMENT_3D('',#6454,#6455,#6456);
#6454 = CARTESIAN_POINT('',(0.,2.4E-16,-1.093617849159));
#6455 = DIRECTION('',(0.,-1.,-2.2E-16));
#6456 = DIRECTION('',(1.,0.,0.));
#6457 = ORIENTED_EDGE('',*,*,#6449,.F.);
#6458 = SPHERICAL_SURFACE('',#6459,1.53);
#6459 = AXIS2_PLACEMENT_3D('',#6460,#6461,#6462);
#6460 = CARTESIAN_POINT('',(0.,-2.4E-16,-1.093617849159));
#6461 = DIRECTION('',(0.,2.2E-16,1.));
#6462 = DIRECTION('',(1.,0.,-0.));
#6463 = ADVANCED_FACE('',(#6464),#6475,.T.);
#6464 = FACE_BOUND('',#6465,.T.);
#6465 = EDGE_LOOP('',(#6466));
#6466 = ORIENTED_EDGE('',*,*,#6467,.T.);
#6467 = EDGE_CURVE('',#6468,#6468,#6470,.T.);
#6468 = VERTEX_POINT('',#6469);
#6469 = CARTESIAN_POINT('',(1.5,0.,-0.4));
#6470 = CIRCLE('',#6471,1.5);
#6471 = AXIS2_PLACEMENT_3D('',#6472,#6473,#6474);
#6472 = CARTESIAN_POINT('',(0.,-9.E-17,-0.4));
#6473 = DIRECTION('',(0.,-2.2E-16,-1.));
#6474 = DIRECTION('',(1.,0.,0.));
#6475 = PLANE('',#6476);
#6476 = AXIS2_PLACEMENT_3D('',#6477,#6478,#6479);
#6477 = CARTESIAN_POINT('',(0.,-9.E-17,-0.4));
#6478 = DIRECTION('',(0.,-2.2E-16,-1.));
#6479 = DIRECTION('',(1.,0.,0.));
#6480 = ADVANCED_FACE('',(#6481),#6500,.T.);
#6481 = FACE_BOUND('',#6482,.T.);
#6482 = EDGE_LOOP('',(#6483,#6492,#6498,#6499));
#6483 = ORIENTED_EDGE('',*,*,#6484,.T.);
#6484 = EDGE_CURVE('',#6485,#6485,#6487,.T.);
#6485 = VERTEX_POINT('',#6486);
#6486 = CARTESIAN_POINT('',(1.5,0.,0.));
#6487 = CIRCLE('',#6488,1.5);
#6488 = AXIS2_PLACEMENT_3D('',#6489,#6490,#6491);
#6489 = CARTESIAN_POINT('',(0.,0.,0.));
#6490 = DIRECTION('',(0.,-2.2E-16,-1.));
#6491 = DIRECTION('',(1.,0.,0.));
#6492 = ORIENTED_EDGE('',*,*,#6493,.T.);
#6493 = EDGE_CURVE('',#6485,#6468,#6494,.T.);
#6494 = LINE('',#6495,#6496);
#6495 = CARTESIAN_POINT('',(1.5,0.,0.));
#6496 = VECTOR('',#6497,1.);
#6497 = DIRECTION('',(0.,2.2E-16,-1.));
#6498 = ORIENTED_EDGE('',*,*,#6467,.F.);
#6499 = ORIENTED_EDGE('',*,*,#6493,.F.);
#6500 = CYLINDRICAL_SURFACE('',#6501,1.5);
#6501 = AXIS2_PLACEMENT_3D('',#6502,#6503,#6504);
#6502 = CARTESIAN_POINT('',(0.,0.,0.));
#6503 = DIRECTION('',(0.,-2.2E-16,-1.));
#6504 = DIRECTION('',(1.,0.,0.));
#6505 = ADVANCED_FACE('',(#6506,#6509),#6512,.F.);
#6506 = FACE_BOUND('',#6507,.T.);
#6507 = EDGE_LOOP('',(#6508));
#6508 = ORIENTED_EDGE('',*,*,#6440,.T.);
#6509 = FACE_BOUND('',#6510,.T.);
#6510 = EDGE_LOOP('',(#6511));
#6511 = ORIENTED_EDGE('',*,*,#6484,.F.);
#6512 = PLANE('',#6513);
#6513 = AXIS2_PLACEMENT_3D('',#6514,#6515,#6516);
#6514 = CARTESIAN_POINT('',(0.,0.,0.));
#6515 = DIRECTION('',(0.,-2.2E-16,-1.));
#6516 = DIRECTION('',(1.,0.,-0.));
#6517 = ( GEOMETRIC_REPRESENTATION_CONTEXT(3) 
GLOBAL_UNCERTAINTY_ASSIGNED_CONTEXT((#6521)) 
GLOBAL_UNIT_ASSIGNED_CONTEXT((#6518,#6519,#6520)) REPRESENTATION_CONTEXT
('Context #1','3D Context with UNIT and UNCERTAINTY') );
#6518 = ( LENGTH_UNIT() NAMED_UNIT(*) SI_UNIT(.MILLI.,.METRE.) );
#6519 = ( NAMED_UNIT(*) PLANE_ANGLE_UNIT() SI_UNIT($,.RADIAN.) );
#6520 = ( NAMED_UNIT(*) SI_UNIT($,.STERADIAN.) SOLID_ANGLE_UNIT() );
#6521 = UNCERTAINTY_MEASURE_WITH_UNIT(LENGTH_MEASURE(1.E-07),#6518,
  'distance_accuracy_value','confusion accuracy');
#6522 = CONTEXT_DEPENDENT_SHAPE_REPRESENTATION(#6523,#6525);
#6523 = ( REPRESENTATION_RELATIONSHIP('','',#6433,#3693) 
REPRESENTATION_RELATIONSHIP_WITH_TRANSFORMATION(#6524) 
SHAPE_REPRESENTATION_RELATIONSHIP() );
#6524 = ITEM_DEFINED_TRANSFORMATION('','',#11,#3698);
#6525 = PRODUCT_DEFINITION_SHAPE('Placement','Placement of an item',
  #6526);
#6526 = NEXT_ASSEMBLY_USAGE_OCCURRENCE('3','Lense','',#3688,#6428,$);
#6527 = PRODUCT_RELATED_PRODUCT_CATEGORY('part',$,(#6430));
#6528 = SHAPE_DEFINITION_REPRESENTATION(#6529,#6535);
#6529 = PRODUCT_DEFINITION_SHAPE('','',#6530);
#6530 = PRODUCT_DEFINITION('design','',#6531,#6534);
#6531 = PRODUCT_DEFINITION_FORMATION('','',#6532);
#6532 = PRODUCT('plate','plate','',(#6533));
#6533 = PRODUCT_CONTEXT('',#2,'mechanical');
#6534 = PRODUCT_DEFINITION_CONTEXT('part definition',#2,'design');
#6535 = ADVANCED_BREP_SHAPE_REPRESENTATION('',(#11,#6536),#6826);
#6536 = MANIFOLD_SOLID_BREP('',#6537);
#6537 = CLOSED_SHELL('',(#6538,#6578,#6611,#6642,#6675,#6706,#6739,#6770
    ,#6794,#6810));
#6538 = ADVANCED_FACE('',(#6539),#6573,.F.);
#6539 = FACE_BOUND('',#6540,.F.);
#6540 = EDGE_LOOP('',(#6541,#6551,#6559,#6567));
#6541 = ORIENTED_EDGE('',*,*,#6542,.T.);
#6542 = EDGE_CURVE('',#6543,#6545,#6547,.T.);
#6543 = VERTEX_POINT('',#6544);
#6544 = CARTESIAN_POINT('',(3.52816291573,3.928920995751,0.));
#6545 = VERTEX_POINT('',#6546);
#6546 = CARTESIAN_POINT('',(3.52816291573,3.928920995751,0.1));
#6547 = LINE('',#6548,#6549);
#6548 = CARTESIAN_POINT('',(3.52816291573,3.928920995751,0.));
#6549 = VECTOR('',#6550,1.);
#6550 = DIRECTION('',(0.,0.,1.));
#6551 = ORIENTED_EDGE('',*,*,#6552,.T.);
#6552 = EDGE_CURVE('',#6545,#6553,#6555,.T.);
#6553 = VERTEX_POINT('',#6554);
#6554 = CARTESIAN_POINT('',(-3.52816291573,3.928920995751,0.1));
#6555 = LINE('',#6556,#6557);
#6556 = CARTESIAN_POINT('',(3.52816291573,3.928920995751,0.1));
#6557 = VECTOR('',#6558,1.);
#6558 = DIRECTION('',(-1.,0.,0.));
#6559 = ORIENTED_EDGE('',*,*,#6560,.F.);
#6560 = EDGE_CURVE('',#6561,#6553,#6563,.T.);
#6561 = VERTEX_POINT('',#6562);
#6562 = CARTESIAN_POINT('',(-3.52816291573,3.928920995751,0.));
#6563 = LINE('',#6564,#6565);
#6564 = CARTESIAN_POINT('',(-3.52816291573,3.928920995751,0.));
#6565 = VECTOR('',#6566,1.);
#6566 = DIRECTION('',(0.,0.,1.));
#6567 = ORIENTED_EDGE('',*,*,#6568,.F.);
#6568 = EDGE_CURVE('',#6543,#6561,#6569,.T.);
#6569 = LINE('',#6570,#6571);
#6570 = CARTESIAN_POINT('',(3.52816291573,3.928920995751,0.));
#6571 = VECTOR('',#6572,1.);
#6572 = DIRECTION('',(-1.,0.,0.));
#6573 = PLANE('',#6574);
#6574 = AXIS2_PLACEMENT_3D('',#6575,#6576,#6577);
#6575 = CARTESIAN_POINT('',(3.52816291573,3.928920995751,0.));
#6576 = DIRECTION('',(0.,-1.,0.));
#6577 = DIRECTION('',(-1.,0.,0.));
#6578 = ADVANCED_FACE('',(#6579),#6606,.F.);
#6579 = FACE_BOUND('',#6580,.T.);
#6580 = EDGE_LOOP('',(#6581,#6591,#6598,#6599));
#6581 = ORIENTED_EDGE('',*,*,#6582,.T.);
#6582 = EDGE_CURVE('',#6583,#6585,#6587,.T.);
#6583 = VERTEX_POINT('',#6584);
#6584 = CARTESIAN_POINT('',(-3.951022557405,3.506782494951,0.));
#6585 = VERTEX_POINT('',#6586);
#6586 = CARTESIAN_POINT('',(-3.951022557405,3.506782494951,0.1));
#6587 = LINE('',#6588,#6589);
#6588 = CARTESIAN_POINT('',(-3.951022557405,3.506782494951,0.));
#6589 = VECTOR('',#6590,1.);
#6590 = DIRECTION('',(0.,0.,1.));
#6591 = ORIENTED_EDGE('',*,*,#6592,.T.);
#6592 = EDGE_CURVE('',#6585,#6553,#6593,.T.);
#6593 = CIRCLE('',#6594,0.3);
#6594 = AXIS2_PLACEMENT_3D('',#6595,#6596,#6597);
#6595 = CARTESIAN_POINT('',(-3.758905,3.737197,0.1));
#6596 = DIRECTION('',(0.,0.,1.));
#6597 = DIRECTION('',(1.,0.,0.));
#6598 = ORIENTED_EDGE('',*,*,#6560,.F.);
#6599 = ORIENTED_EDGE('',*,*,#6600,.F.);
#6600 = EDGE_CURVE('',#6583,#6561,#6601,.T.);
#6601 = CIRCLE('',#6602,0.3);
#6602 = AXIS2_PLACEMENT_3D('',#6603,#6604,#6605);
#6603 = CARTESIAN_POINT('',(-3.758905,3.737197,0.));
#6604 = DIRECTION('',(0.,0.,1.));
#6605 = DIRECTION('',(1.,0.,0.));
#6606 = CYLINDRICAL_SURFACE('',#6607,0.3);
#6607 = AXIS2_PLACEMENT_3D('',#6608,#6609,#6610);
#6608 = CARTESIAN_POINT('',(-3.758905,3.737197,0.));
#6609 = DIRECTION('',(-0.,-0.,-1.));
#6610 = DIRECTION('',(1.,0.,0.));
#6611 = ADVANCED_FACE('',(#6612),#6637,.F.);
#6612 = FACE_BOUND('',#6613,.F.);
#6613 = EDGE_LOOP('',(#6614,#6615,#6623,#6631));
#6614 = ORIENTED_EDGE('',*,*,#6582,.T.);
#6615 = ORIENTED_EDGE('',*,*,#6616,.T.);
#6616 = EDGE_CURVE('',#6585,#6617,#6619,.T.);
#6617 = VERTEX_POINT('',#6618);
#6618 = CARTESIAN_POINT('',(-3.951022557405,-3.506782494951,0.1));
#6619 = LINE('',#6620,#6621);
#6620 = CARTESIAN_POINT('',(-3.951022557405,3.506782494951,0.1));
#6621 = VECTOR('',#6622,1.);
#6622 = DIRECTION('',(0.,-1.,0.));
#6623 = ORIENTED_EDGE('',*,*,#6624,.F.);
#6624 = EDGE_CURVE('',#6625,#6617,#6627,.T.);
#6625 = VERTEX_POINT('',#6626);
#6626 = CARTESIAN_POINT('',(-3.951022557405,-3.506782494951,0.));
#6627 = LINE('',#6628,#6629);
#6628 = CARTESIAN_POINT('',(-3.951022557405,-3.506782494951,0.));
#6629 = VECTOR('',#6630,1.);
#6630 = DIRECTION('',(0.,0.,1.));
#6631 = ORIENTED_EDGE('',*,*,#6632,.F.);
#6632 = EDGE_CURVE('',#6583,#6625,#6633,.T.);
#6633 = LINE('',#6634,#6635);
#6634 = CARTESIAN_POINT('',(-3.951022557405,3.506782494951,0.));
#6635 = VECTOR('',#6636,1.);
#6636 = DIRECTION('',(0.,-1.,0.));
#6637 = PLANE('',#6638);
#6638 = AXIS2_PLACEMENT_3D('',#6639,#6640,#6641);
#6639 = CARTESIAN_POINT('',(-3.951022557405,3.506782494951,0.));
#6640 = DIRECTION('',(1.,0.,0.));
#6641 = DIRECTION('',(0.,-1.,0.));
#6642 = ADVANCED_FACE('',(#6643),#6670,.F.);
#6643 = FACE_BOUND('',#6644,.T.);
#6644 = EDGE_LOOP('',(#6645,#6655,#6662,#6663));
#6645 = ORIENTED_EDGE('',*,*,#6646,.T.);
#6646 = EDGE_CURVE('',#6647,#6649,#6651,.T.);
#6647 = VERTEX_POINT('',#6648);
#6648 = CARTESIAN_POINT('',(-3.52816291573,-3.928920995751,0.));
#6649 = VERTEX_POINT('',#6650);
#6650 = CARTESIAN_POINT('',(-3.52816291573,-3.928920995751,0.1));
#6651 = LINE('',#6652,#6653);
#6652 = CARTESIAN_POINT('',(-3.52816291573,-3.928920995751,0.));
#6653 = VECTOR('',#6654,1.);
#6654 = DIRECTION('',(0.,0.,1.));
#6655 = ORIENTED_EDGE('',*,*,#6656,.T.);
#6656 = EDGE_CURVE('',#6649,#6617,#6657,.T.);
#6657 = CIRCLE('',#6658,0.3);
#6658 = AXIS2_PLACEMENT_3D('',#6659,#6660,#6661);
#6659 = CARTESIAN_POINT('',(-3.758905,-3.737197,0.1));
#6660 = DIRECTION('',(0.,0.,1.));
#6661 = DIRECTION('',(1.,0.,0.));
#6662 = ORIENTED_EDGE('',*,*,#6624,.F.);
#6663 = ORIENTED_EDGE('',*,*,#6664,.F.);
#6664 = EDGE_CURVE('',#6647,#6625,#6665,.T.);
#6665 = CIRCLE('',#6666,0.3);
#6666 = AXIS2_PLACEMENT_3D('',#6667,#6668,#6669);
#6667 = CARTESIAN_POINT('',(-3.758905,-3.737197,0.));
#6668 = DIRECTION('',(0.,0.,1.));
#6669 = DIRECTION('',(1.,0.,0.));
#6670 = CYLINDRICAL_SURFACE('',#6671,0.3);
#6671 = AXIS2_PLACEMENT_3D('',#6672,#6673,#6674);
#6672 = CARTESIAN_POINT('',(-3.758905,-3.737197,0.));
#6673 = DIRECTION('',(-0.,-0.,-1.));
#6674 = DIRECTION('',(1.,0.,0.));
#6675 = ADVANCED_FACE('',(#6676),#6701,.F.);
#6676 = FACE_BOUND('',#6677,.F.);
#6677 = EDGE_LOOP('',(#6678,#6679,#6687,#6695));
#6678 = ORIENTED_EDGE('',*,*,#6646,.T.);
#6679 = ORIENTED_EDGE('',*,*,#6680,.T.);
#6680 = EDGE_CURVE('',#6649,#6681,#6683,.T.);
#6681 = VERTEX_POINT('',#6682);
#6682 = CARTESIAN_POINT('',(3.52816291573,-3.928920995751,0.1));
#6683 = LINE('',#6684,#6685);
#6684 = CARTESIAN_POINT('',(-3.52816291573,-3.928920995751,0.1));
#6685 = VECTOR('',#6686,1.);
#6686 = DIRECTION('',(1.,0.,0.));
#6687 = ORIENTED_EDGE('',*,*,#6688,.F.);
#6688 = EDGE_CURVE('',#6689,#6681,#6691,.T.);
#6689 = VERTEX_POINT('',#6690);
#6690 = CARTESIAN_POINT('',(3.52816291573,-3.928920995751,0.));
#6691 = LINE('',#6692,#6693);
#6692 = CARTESIAN_POINT('',(3.52816291573,-3.928920995751,0.));
#6693 = VECTOR('',#6694,1.);
#6694 = DIRECTION('',(0.,0.,1.));
#6695 = ORIENTED_EDGE('',*,*,#6696,.F.);
#6696 = EDGE_CURVE('',#6647,#6689,#6697,.T.);
#6697 = LINE('',#6698,#6699);
#6698 = CARTESIAN_POINT('',(-3.52816291573,-3.928920995751,0.));
#6699 = VECTOR('',#6700,1.);
#6700 = DIRECTION('',(1.,0.,0.));
#6701 = PLANE('',#6702);
#6702 = AXIS2_PLACEMENT_3D('',#6703,#6704,#6705);
#6703 = CARTESIAN_POINT('',(-3.52816291573,-3.928920995751,0.));
#6704 = DIRECTION('',(0.,1.,0.));
#6705 = DIRECTION('',(1.,0.,0.));
#6706 = ADVANCED_FACE('',(#6707),#6734,.F.);
#6707 = FACE_BOUND('',#6708,.T.);
#6708 = EDGE_LOOP('',(#6709,#6719,#6726,#6727));
#6709 = ORIENTED_EDGE('',*,*,#6710,.T.);
#6710 = EDGE_CURVE('',#6711,#6713,#6715,.T.);
#6711 = VERTEX_POINT('',#6712);
#6712 = CARTESIAN_POINT('',(3.951022557405,-3.506782494951,0.));
#6713 = VERTEX_POINT('',#6714);
#6714 = CARTESIAN_POINT('',(3.951022557405,-3.506782494951,0.1));
#6715 = LINE('',#6716,#6717);
#6716 = CARTESIAN_POINT('',(3.951022557405,-3.506782494951,0.));
#6717 = VECTOR('',#6718,1.);
#6718 = DIRECTION('',(0.,0.,1.));
#6719 = ORIENTED_EDGE('',*,*,#6720,.T.);
#6720 = EDGE_CURVE('',#6713,#6681,#6721,.T.);
#6721 = CIRCLE('',#6722,0.3);
#6722 = AXIS2_PLACEMENT_3D('',#6723,#6724,#6725);
#6723 = CARTESIAN_POINT('',(3.758905,-3.737197,0.1));
#6724 = DIRECTION('',(0.,0.,1.));
#6725 = DIRECTION('',(1.,0.,0.));
#6726 = ORIENTED_EDGE('',*,*,#6688,.F.);
#6727 = ORIENTED_EDGE('',*,*,#6728,.F.);
#6728 = EDGE_CURVE('',#6711,#6689,#6729,.T.);
#6729 = CIRCLE('',#6730,0.3);
#6730 = AXIS2_PLACEMENT_3D('',#6731,#6732,#6733);
#6731 = CARTESIAN_POINT('',(3.758905,-3.737197,0.));
#6732 = DIRECTION('',(0.,0.,1.));
#6733 = DIRECTION('',(1.,0.,0.));
#6734 = CYLINDRICAL_SURFACE('',#6735,0.3);
#6735 = AXIS2_PLACEMENT_3D('',#6736,#6737,#6738);
#6736 = CARTESIAN_POINT('',(3.758905,-3.737197,0.));
#6737 = DIRECTION('',(-0.,-0.,-1.));
#6738 = DIRECTION('',(1.,0.,0.));
#6739 = ADVANCED_FACE('',(#6740),#6765,.F.);
#6740 = FACE_BOUND('',#6741,.F.);
#6741 = EDGE_LOOP('',(#6742,#6743,#6751,#6759));
#6742 = ORIENTED_EDGE('',*,*,#6710,.T.);
#6743 = ORIENTED_EDGE('',*,*,#6744,.T.);
#6744 = EDGE_CURVE('',#6713,#6745,#6747,.T.);
#6745 = VERTEX_POINT('',#6746);
#6746 = CARTESIAN_POINT('',(3.951022557405,3.506782494951,0.1));
#6747 = LINE('',#6748,#6749);
#6748 = CARTESIAN_POINT('',(3.951022557405,-3.506782494951,0.1));
#6749 = VECTOR('',#6750,1.);
#6750 = DIRECTION('',(0.,1.,0.));
#6751 = ORIENTED_EDGE('',*,*,#6752,.F.);
#6752 = EDGE_CURVE('',#6753,#6745,#6755,.T.);
#6753 = VERTEX_POINT('',#6754);
#6754 = CARTESIAN_POINT('',(3.951022557405,3.506782494951,0.));
#6755 = LINE('',#6756,#6757);
#6756 = CARTESIAN_POINT('',(3.951022557405,3.506782494951,0.));
#6757 = VECTOR('',#6758,1.);
#6758 = DIRECTION('',(0.,0.,1.));
#6759 = ORIENTED_EDGE('',*,*,#6760,.F.);
#6760 = EDGE_CURVE('',#6711,#6753,#6761,.T.);
#6761 = LINE('',#6762,#6763);
#6762 = CARTESIAN_POINT('',(3.951022557405,-3.506782494951,0.));
#6763 = VECTOR('',#6764,1.);
#6764 = DIRECTION('',(0.,1.,0.));
#6765 = PLANE('',#6766);
#6766 = AXIS2_PLACEMENT_3D('',#6767,#6768,#6769);
#6767 = CARTESIAN_POINT('',(3.951022557405,-3.506782494951,0.));
#6768 = DIRECTION('',(-1.,0.,0.));
#6769 = DIRECTION('',(0.,1.,0.));
#6770 = ADVANCED_FACE('',(#6771),#6789,.F.);
#6771 = FACE_BOUND('',#6772,.T.);
#6772 = EDGE_LOOP('',(#6773,#6774,#6781,#6782));
#6773 = ORIENTED_EDGE('',*,*,#6542,.T.);
#6774 = ORIENTED_EDGE('',*,*,#6775,.T.);
#6775 = EDGE_CURVE('',#6545,#6745,#6776,.T.);
#6776 = CIRCLE('',#6777,0.3);
#6777 = AXIS2_PLACEMENT_3D('',#6778,#6779,#6780);
#6778 = CARTESIAN_POINT('',(3.758905,3.737197,0.1));
#6779 = DIRECTION('',(0.,0.,1.));
#6780 = DIRECTION('',(1.,0.,0.));
#6781 = ORIENTED_EDGE('',*,*,#6752,.F.);
#6782 = ORIENTED_EDGE('',*,*,#6783,.F.);
#6783 = EDGE_CURVE('',#6543,#6753,#6784,.T.);
#6784 = CIRCLE('',#6785,0.3);
#6785 = AXIS2_PLACEMENT_3D('',#6786,#6787,#6788);
#6786 = CARTESIAN_POINT('',(3.758905,3.737197,0.));
#6787 = DIRECTION('',(0.,0.,1.));
#6788 = DIRECTION('',(1.,0.,0.));
#6789 = CYLINDRICAL_SURFACE('',#6790,0.3);
#6790 = AXIS2_PLACEMENT_3D('',#6791,#6792,#6793);
#6791 = CARTESIAN_POINT('',(3.758905,3.737197,0.));
#6792 = DIRECTION('',(-0.,-0.,-1.));
#6793 = DIRECTION('',(1.,0.,0.));
#6794 = ADVANCED_FACE('',(#6795),#6805,.F.);
#6795 = FACE_BOUND('',#6796,.F.);
#6796 = EDGE_LOOP('',(#6797,#6798,#6799,#6800,#6801,#6802,#6803,#6804));
#6797 = ORIENTED_EDGE('',*,*,#6568,.T.);
#6798 = ORIENTED_EDGE('',*,*,#6600,.F.);
#6799 = ORIENTED_EDGE('',*,*,#6632,.T.);
#6800 = ORIENTED_EDGE('',*,*,#6664,.F.);
#6801 = ORIENTED_EDGE('',*,*,#6696,.T.);
#6802 = ORIENTED_EDGE('',*,*,#6728,.F.);
#6803 = ORIENTED_EDGE('',*,*,#6760,.T.);
#6804 = ORIENTED_EDGE('',*,*,#6783,.F.);
#6805 = PLANE('',#6806);
#6806 = AXIS2_PLACEMENT_3D('',#6807,#6808,#6809);
#6807 = CARTESIAN_POINT('',(1.1E-16,0.,0.));
#6808 = DIRECTION('',(0.,0.,1.));
#6809 = DIRECTION('',(1.,0.,0.));
#6810 = ADVANCED_FACE('',(#6811),#6821,.T.);
#6811 = FACE_BOUND('',#6812,.T.);
#6812 = EDGE_LOOP('',(#6813,#6814,#6815,#6816,#6817,#6818,#6819,#6820));
#6813 = ORIENTED_EDGE('',*,*,#6552,.T.);
#6814 = ORIENTED_EDGE('',*,*,#6592,.F.);
#6815 = ORIENTED_EDGE('',*,*,#6616,.T.);
#6816 = ORIENTED_EDGE('',*,*,#6656,.F.);
#6817 = ORIENTED_EDGE('',*,*,#6680,.T.);
#6818 = ORIENTED_EDGE('',*,*,#6720,.F.);
#6819 = ORIENTED_EDGE('',*,*,#6744,.T.);
#6820 = ORIENTED_EDGE('',*,*,#6775,.F.);
#6821 = PLANE('',#6822);
#6822 = AXIS2_PLACEMENT_3D('',#6823,#6824,#6825);
#6823 = CARTESIAN_POINT('',(1.1E-16,0.,0.1));
#6824 = DIRECTION('',(0.,0.,1.));
#6825 = DIRECTION('',(1.,0.,0.));
#6826 = ( GEOMETRIC_REPRESENTATION_CONTEXT(3) 
GLOBAL_UNCERTAINTY_ASSIGNED_CONTEXT((#6830)) 
GLOBAL_UNIT_ASSIGNED_CONTEXT((#6827,#6828,#6829)) REPRESENTATION_CONTEXT
('Context #1','3D Context with UNIT and UNCERTAINTY') );
#6827 = ( LENGTH_UNIT() NAMED_UNIT(*) SI_UNIT(.MILLI.,.METRE.) );
#6828 = ( NAMED_UNIT(*) PLANE_ANGLE_UNIT() SI_UNIT($,.RADIAN.) );
#6829 = ( NAMED_UNIT(*) SI_UNIT($,.STERADIAN.) SOLID_ANGLE_UNIT() );
#6830 = UNCERTAINTY_MEASURE_WITH_UNIT(LENGTH_MEASURE(1.E-07),#6827,
  'distance_accuracy_value','confusion accuracy');
#6831 = CONTEXT_DEPENDENT_SHAPE_REPRESENTATION(#6832,#6834);
#6832 = ( REPRESENTATION_RELATIONSHIP('','',#6535,#10) 
REPRESENTATION_RELATIONSHIP_WITH_TRANSFORMATION(#6833) 
SHAPE_REPRESENTATION_RELATIONSHIP() );
#6833 = ITEM_DEFINED_TRANSFORMATION('','',#11,#23);
#6834 = PRODUCT_DEFINITION_SHAPE('Placement','Placement of an item',
  #6835);
#6835 = NEXT_ASSEMBLY_USAGE_OCCURRENCE('5','plate','',#5,#6530,$);
#6836 = PRODUCT_RELATED_PRODUCT_CATEGORY('part',$,(#6532));
#6837 = SHAPE_DEFINITION_REPRESENTATION(#6838,#6844);
#6838 = PRODUCT_DEFINITION_SHAPE('','',#6839);
#6839 = PRODUCT_DEFINITION('design','',#6840,#6843);
#6840 = PRODUCT_DEFINITION_FORMATION('','',#6841);
#6841 = PRODUCT('tail001','tail001','',(#6842));
#6842 = PRODUCT_CONTEXT('',#2,'mechanical');
#6843 = PRODUCT_DEFINITION_CONTEXT('part definition',#2,'design');
#6844 = SHAPE_REPRESENTATION('',(#11,#6845,#6849,#6853,#6857,#6861),
  #6865);
#6845 = AXIS2_PLACEMENT_3D('',#6846,#6847,#6848);
#6846 = CARTESIAN_POINT('',(0.,0.,0.));
#6847 = DIRECTION('',(0.,0.,1.));
#6848 = DIRECTION('',(1.,0.,0.));
#6849 = AXIS2_PLACEMENT_3D('',#6850,#6851,#6852);
#6850 = CARTESIAN_POINT('',(0.,-7.,0.1));
#6851 = DIRECTION('',(0.,0.,1.));
#6852 = DIRECTION('',(1.,0.,0.));
#6853 = AXIS2_PLACEMENT_3D('',#6854,#6855,#6856);
#6854 = CARTESIAN_POINT('',(0.,0.,5.5E-02));
#6855 = DIRECTION('',(0.,0.,1.));
#6856 = DIRECTION('',(1.,0.,0.));
#6857 = AXIS2_PLACEMENT_3D('',#6858,#6859,#6860);
#6858 = CARTESIAN_POINT('',(0.,0.,0.1));
#6859 = DIRECTION('',(0.,0.,1.));
#6860 = DIRECTION('',(1.,0.,0.));
#6861 = AXIS2_PLACEMENT_3D('',#6862,#6863,#6864);
#6862 = CARTESIAN_POINT('',(0.,-6.94,0.15));
#6863 = DIRECTION('',(0.,0.,1.));
#6864 = DIRECTION('',(1.,0.,0.));
#6865 = ( GEOMETRIC_REPRESENTATION_CONTEXT(3) 
GLOBAL_UNCERTAINTY_ASSIGNED_CONTEXT((#6869)) 
GLOBAL_UNIT_ASSIGNED_CONTEXT((#6866,#6867,#6868)) REPRESENTATION_CONTEXT
('Context #1','3D Context with UNIT and UNCERTAINTY') );
#6866 = ( LENGTH_UNIT() NAMED_UNIT(*) SI_UNIT(.MILLI.,.METRE.) );
#6867 = ( NAMED_UNIT(*) PLANE_ANGLE_UNIT() SI_UNIT($,.RADIAN.) );
#6868 = ( NAMED_UNIT(*) SI_UNIT($,.STERADIAN.) SOLID_ANGLE_UNIT() );
#6869 = UNCERTAINTY_MEASURE_WITH_UNIT(LENGTH_MEASURE(1.E-07),#6866,
  'distance_accuracy_value','confusion accuracy');
#6870 = CONTEXT_DEPENDENT_SHAPE_REPRESENTATION(#6871,#6873);
#6871 = ( REPRESENTATION_RELATIONSHIP('','',#6844,#10) 
REPRESENTATION_RELATIONSHIP_WITH_TRANSFORMATION(#6872) 
SHAPE_REPRESENTATION_RELATIONSHIP() );
#6872 = ITEM_DEFINED_TRANSFORMATION('','',#11,#27);
#6873 = PRODUCT_DEFINITION_SHAPE('Placement','Placement of an item',
  #6874);
#6874 = NEXT_ASSEMBLY_USAGE_OCCURRENCE('11','tail001','',#5,#6839,$);
#6875 = PRODUCT_RELATED_PRODUCT_CATEGORY('part',$,(#6841));
#6876 = SHAPE_DEFINITION_REPRESENTATION(#6877,#6883);
#6877 = PRODUCT_DEFINITION_SHAPE('','',#6878);
#6878 = PRODUCT_DEFINITION('design','',#6879,#6882);
#6879 = PRODUCT_DEFINITION_FORMATION('','',#6880);
#6880 = PRODUCT('tail','tail','',(#6881));
#6881 = PRODUCT_CONTEXT('',#2,'mechanical');
#6882 = PRODUCT_DEFINITION_CONTEXT('part definition',#2,'design');
#6883 = ADVANCED_BREP_SHAPE_REPRESENTATION('',(#11,#6884),#7166);
#6884 = MANIFOLD_SOLID_BREP('',#6885);
#6885 = CLOSED_SHELL('',(#6886,#6926,#6957,#6988,#7019,#7050,#7081,#7112
    ,#7134,#7150));
#6886 = ADVANCED_FACE('',(#6887),#6921,.F.);
#6887 = FACE_BOUND('',#6888,.F.);
#6888 = EDGE_LOOP('',(#6889,#6899,#6907,#6915));
#6889 = ORIENTED_EDGE('',*,*,#6890,.T.);
#6890 = EDGE_CURVE('',#6891,#6893,#6895,.T.);
#6891 = VERTEX_POINT('',#6892);
#6892 = CARTESIAN_POINT('',(3.000000000005,-4.500000000005,0.));
#6893 = VERTEX_POINT('',#6894);
#6894 = CARTESIAN_POINT('',(3.000000000005,-4.500000000005,5.E-02));
#6895 = LINE('',#6896,#6897);
#6896 = CARTESIAN_POINT('',(3.000000000005,-4.500000000005,0.));
#6897 = VECTOR('',#6898,1.);
#6898 = DIRECTION('',(0.,0.,1.));
#6899 = ORIENTED_EDGE('',*,*,#6900,.T.);
#6900 = EDGE_CURVE('',#6893,#6901,#6903,.T.);
#6901 = VERTEX_POINT('',#6902);
#6902 = CARTESIAN_POINT('',(3.000000000005,5.499999999995,5.E-02));
#6903 = LINE('',#6904,#6905);
#6904 = CARTESIAN_POINT('',(3.000000000005,-4.500000000005,5.E-02));
#6905 = VECTOR('',#6906,1.);
#6906 = DIRECTION('',(0.,1.,0.));
#6907 = ORIENTED_EDGE('',*,*,#6908,.F.);
#6908 = EDGE_CURVE('',#6909,#6901,#6911,.T.);
#6909 = VERTEX_POINT('',#6910);
#6910 = CARTESIAN_POINT('',(3.000000000005,5.499999999995,0.));
#6911 = LINE('',#6912,#6913);
#6912 = CARTESIAN_POINT('',(3.000000000005,5.499999999995,0.));
#6913 = VECTOR('',#6914,1.);
#6914 = DIRECTION('',(0.,0.,1.));
#6915 = ORIENTED_EDGE('',*,*,#6916,.F.);
#6916 = EDGE_CURVE('',#6891,#6909,#6917,.T.);
#6917 = LINE('',#6918,#6919);
#6918 = CARTESIAN_POINT('',(3.000000000005,-4.500000000005,0.));
#6919 = VECTOR('',#6920,1.);
#6920 = DIRECTION('',(0.,1.,0.));
#6921 = PLANE('',#6922);
#6922 = AXIS2_PLACEMENT_3D('',#6923,#6924,#6925);
#6923 = CARTESIAN_POINT('',(3.000000000005,-4.500000000005,0.));
#6924 = DIRECTION('',(-1.,0.,0.));
#6925 = DIRECTION('',(0.,1.,0.));
#6926 = ADVANCED_FACE('',(#6927),#6952,.F.);
#6927 = FACE_BOUND('',#6928,.F.);
#6928 = EDGE_LOOP('',(#6929,#6930,#6938,#6946));
#6929 = ORIENTED_EDGE('',*,*,#6908,.T.);
#6930 = ORIENTED_EDGE('',*,*,#6931,.T.);
#6931 = EDGE_CURVE('',#6901,#6932,#6934,.T.);
#6932 = VERTEX_POINT('',#6933);
#6933 = CARTESIAN_POINT('',(-2.999999999995,5.499999999995,5.E-02));
#6934 = LINE('',#6935,#6936);
#6935 = CARTESIAN_POINT('',(3.000000000005,5.499999999995,5.E-02));
#6936 = VECTOR('',#6937,1.);
#6937 = DIRECTION('',(-1.,0.,0.));
#6938 = ORIENTED_EDGE('',*,*,#6939,.F.);
#6939 = EDGE_CURVE('',#6940,#6932,#6942,.T.);
#6940 = VERTEX_POINT('',#6941);
#6941 = CARTESIAN_POINT('',(-2.999999999995,5.499999999995,0.));
#6942 = LINE('',#6943,#6944);
#6943 = CARTESIAN_POINT('',(-2.999999999995,5.499999999995,0.));
#6944 = VECTOR('',#6945,1.);
#6945 = DIRECTION('',(0.,0.,1.));
#6946 = ORIENTED_EDGE('',*,*,#6947,.F.);
#6947 = EDGE_CURVE('',#6909,#6940,#6948,.T.);
#6948 = LINE('',#6949,#6950);
#6949 = CARTESIAN_POINT('',(3.000000000005,5.499999999995,0.));
#6950 = VECTOR('',#6951,1.);
#6951 = DIRECTION('',(-1.,0.,0.));
#6952 = PLANE('',#6953);
#6953 = AXIS2_PLACEMENT_3D('',#6954,#6955,#6956);
#6954 = CARTESIAN_POINT('',(3.000000000005,5.499999999995,0.));
#6955 = DIRECTION('',(0.,-1.,0.));
#6956 = DIRECTION('',(-1.,0.,0.));
#6957 = ADVANCED_FACE('',(#6958),#6983,.F.);
#6958 = FACE_BOUND('',#6959,.F.);
#6959 = EDGE_LOOP('',(#6960,#6961,#6969,#6977));
#6960 = ORIENTED_EDGE('',*,*,#6939,.T.);
#6961 = ORIENTED_EDGE('',*,*,#6962,.T.);
#6962 = EDGE_CURVE('',#6932,#6963,#6965,.T.);
#6963 = VERTEX_POINT('',#6964);
#6964 = CARTESIAN_POINT('',(-2.999999999995,-4.5,5.E-02));
#6965 = LINE('',#6966,#6967);
#6966 = CARTESIAN_POINT('',(-2.999999999995,5.499999999995,5.E-02));
#6967 = VECTOR('',#6968,1.);
#6968 = DIRECTION('',(0.,-1.,0.));
#6969 = ORIENTED_EDGE('',*,*,#6970,.F.);
#6970 = EDGE_CURVE('',#6971,#6963,#6973,.T.);
#6971 = VERTEX_POINT('',#6972);
#6972 = CARTESIAN_POINT('',(-2.999999999995,-4.5,0.));
#6973 = LINE('',#6974,#6975);
#6974 = CARTESIAN_POINT('',(-2.999999999995,-4.5,0.));
#6975 = VECTOR('',#6976,1.);
#6976 = DIRECTION('',(0.,0.,1.));
#6977 = ORIENTED_EDGE('',*,*,#6978,.F.);
#6978 = EDGE_CURVE('',#6940,#6971,#6979,.T.);
#6979 = LINE('',#6980,#6981);
#6980 = CARTESIAN_POINT('',(-2.999999999995,5.499999999995,0.));
#6981 = VECTOR('',#6982,1.);
#6982 = DIRECTION('',(0.,-1.,0.));
#6983 = PLANE('',#6984);
#6984 = AXIS2_PLACEMENT_3D('',#6985,#6986,#6987);
#6985 = CARTESIAN_POINT('',(-2.999999999995,5.499999999995,0.));
#6986 = DIRECTION('',(1.,0.,0.));
#6987 = DIRECTION('',(0.,-1.,0.));
#6988 = ADVANCED_FACE('',(#6989),#7014,.T.);
#6989 = FACE_BOUND('',#6990,.T.);
#6990 = EDGE_LOOP('',(#6991,#7001,#7007,#7008));
#6991 = ORIENTED_EDGE('',*,*,#6992,.T.);
#6992 = EDGE_CURVE('',#6993,#6995,#6997,.T.);
#6993 = VERTEX_POINT('',#6994);
#6994 = CARTESIAN_POINT('',(-6.25,-4.5,0.));
#6995 = VERTEX_POINT('',#6996);
#6996 = CARTESIAN_POINT('',(-6.25,-4.5,5.E-02));
#6997 = LINE('',#6998,#6999);
#6998 = CARTESIAN_POINT('',(-6.25,-4.5,0.));
#6999 = VECTOR('',#7000,1.);
#7000 = DIRECTION('',(0.,0.,1.));
#7001 = ORIENTED_EDGE('',*,*,#7002,.T.);
#7002 = EDGE_CURVE('',#6995,#6963,#7003,.T.);
#7003 = LINE('',#7004,#7005);
#7004 = CARTESIAN_POINT('',(-6.25,-4.5,5.E-02));
#7005 = VECTOR('',#7006,1.);
#7006 = DIRECTION('',(1.,0.,0.));
#7007 = ORIENTED_EDGE('',*,*,#6970,.F.);
#7008 = ORIENTED_EDGE('',*,*,#7009,.F.);
#7009 = EDGE_CURVE('',#6993,#6971,#7010,.T.);
#7010 = LINE('',#7011,#7012);
#7011 = CARTESIAN_POINT('',(-6.25,-4.5,0.));
#7012 = VECTOR('',#7013,1.);
#7013 = DIRECTION('',(1.,0.,0.));
#7014 = PLANE('',#7015);
#7015 = AXIS2_PLACEMENT_3D('',#7016,#7017,#7018);
#7016 = CARTESIAN_POINT('',(-6.25,-4.5,0.));
#7017 = DIRECTION('',(0.,1.,0.));
#7018 = DIRECTION('',(1.,0.,0.));
#7019 = ADVANCED_FACE('',(#7020),#7045,.T.);
#7020 = FACE_BOUND('',#7021,.T.);
#7021 = EDGE_LOOP('',(#7022,#7032,#7038,#7039));
#7022 = ORIENTED_EDGE('',*,*,#7023,.T.);
#7023 = EDGE_CURVE('',#7024,#7026,#7028,.T.);
#7024 = VERTEX_POINT('',#7025);
#7025 = CARTESIAN_POINT('',(-6.25,-7.000000000005,0.));
#7026 = VERTEX_POINT('',#7027);
#7027 = CARTESIAN_POINT('',(-6.25,-7.000000000005,5.E-02));
#7028 = LINE('',#7029,#7030);
#7029 = CARTESIAN_POINT('',(-6.25,-7.000000000005,0.));
#7030 = VECTOR('',#7031,1.);
#7031 = DIRECTION('',(0.,0.,1.));
#7032 = ORIENTED_EDGE('',*,*,#7033,.T.);
#7033 = EDGE_CURVE('',#7026,#6995,#7034,.T.);
#7034 = LINE('',#7035,#7036);
#7035 = CARTESIAN_POINT('',(-6.25,-7.000000000005,5.E-02));
#7036 = VECTOR('',#7037,1.);
#7037 = DIRECTION('',(0.,1.,0.));
#7038 = ORIENTED_EDGE('',*,*,#6992,.F.);
#7039 = ORIENTED_EDGE('',*,*,#7040,.F.);
#7040 = EDGE_CURVE('',#7024,#6993,#7041,.T.);
#7041 = LINE('',#7042,#7043);
#7042 = CARTESIAN_POINT('',(-6.25,-7.000000000005,0.));
#7043 = VECTOR('',#7044,1.);
#7044 = DIRECTION('',(0.,1.,0.));
#7045 = PLANE('',#7046);
#7046 = AXIS2_PLACEMENT_3D('',#7047,#7048,#7049);
#7047 = CARTESIAN_POINT('',(-6.25,-7.000000000005,0.));
#7048 = DIRECTION('',(-1.,0.,0.));
#7049 = DIRECTION('',(0.,1.,0.));
#7050 = ADVANCED_FACE('',(#7051),#7076,.T.);
#7051 = FACE_BOUND('',#7052,.T.);
#7052 = EDGE_LOOP('',(#7053,#7063,#7069,#7070));
#7053 = ORIENTED_EDGE('',*,*,#7054,.T.);
#7054 = EDGE_CURVE('',#7055,#7057,#7059,.T.);
#7055 = VERTEX_POINT('',#7056);
#7056 = CARTESIAN_POINT('',(6.25,-7.000000000005,0.));
#7057 = VERTEX_POINT('',#7058);
#7058 = CARTESIAN_POINT('',(6.25,-7.000000000005,5.E-02));
#7059 = LINE('',#7060,#7061);
#7060 = CARTESIAN_POINT('',(6.25,-7.000000000005,0.));
#7061 = VECTOR('',#7062,1.);
#7062 = DIRECTION('',(0.,0.,1.));
#7063 = ORIENTED_EDGE('',*,*,#7064,.T.);
#7064 = EDGE_CURVE('',#7057,#7026,#7065,.T.);
#7065 = LINE('',#7066,#7067);
#7066 = CARTESIAN_POINT('',(6.25,-7.000000000005,5.E-02));
#7067 = VECTOR('',#7068,1.);
#7068 = DIRECTION('',(-1.,0.,0.));
#7069 = ORIENTED_EDGE('',*,*,#7023,.F.);
#7070 = ORIENTED_EDGE('',*,*,#7071,.F.);
#7071 = EDGE_CURVE('',#7055,#7024,#7072,.T.);
#7072 = LINE('',#7073,#7074);
#7073 = CARTESIAN_POINT('',(6.25,-7.000000000005,0.));
#7074 = VECTOR('',#7075,1.);
#7075 = DIRECTION('',(-1.,0.,0.));
#7076 = PLANE('',#7077);
#7077 = AXIS2_PLACEMENT_3D('',#7078,#7079,#7080);
#7078 = CARTESIAN_POINT('',(6.25,-7.000000000005,0.));
#7079 = DIRECTION('',(0.,-1.,0.));
#7080 = DIRECTION('',(-1.,0.,0.));
#7081 = ADVANCED_FACE('',(#7082),#7107,.T.);
#7082 = FACE_BOUND('',#7083,.T.);
#7083 = EDGE_LOOP('',(#7084,#7094,#7100,#7101));
#7084 = ORIENTED_EDGE('',*,*,#7085,.T.);
#7085 = EDGE_CURVE('',#7086,#7088,#7090,.T.);
#7086 = VERTEX_POINT('',#7087);
#7087 = CARTESIAN_POINT('',(6.25,-4.500000000005,0.));
#7088 = VERTEX_POINT('',#7089);
#7089 = CARTESIAN_POINT('',(6.25,-4.500000000005,5.E-02));
#7090 = LINE('',#7091,#7092);
#7091 = CARTESIAN_POINT('',(6.25,-4.500000000005,0.));
#7092 = VECTOR('',#7093,1.);
#7093 = DIRECTION('',(0.,0.,1.));
#7094 = ORIENTED_EDGE('',*,*,#7095,.T.);
#7095 = EDGE_CURVE('',#7088,#7057,#7096,.T.);
#7096 = LINE('',#7097,#7098);
#7097 = CARTESIAN_POINT('',(6.25,-4.500000000005,5.E-02));
#7098 = VECTOR('',#7099,1.);
#7099 = DIRECTION('',(0.,-1.,0.));
#7100 = ORIENTED_EDGE('',*,*,#7054,.F.);
#7101 = ORIENTED_EDGE('',*,*,#7102,.F.);
#7102 = EDGE_CURVE('',#7086,#7055,#7103,.T.);
#7103 = LINE('',#7104,#7105);
#7104 = CARTESIAN_POINT('',(6.25,-4.500000000005,0.));
#7105 = VECTOR('',#7106,1.);
#7106 = DIRECTION('',(0.,-1.,0.));
#7107 = PLANE('',#7108);
#7108 = AXIS2_PLACEMENT_3D('',#7109,#7110,#7111);
#7109 = CARTESIAN_POINT('',(6.25,-4.500000000005,0.));
#7110 = DIRECTION('',(1.,0.,0.));
#7111 = DIRECTION('',(0.,-1.,0.));
#7112 = ADVANCED_FACE('',(#7113),#7129,.T.);
#7113 = FACE_BOUND('',#7114,.T.);
#7114 = EDGE_LOOP('',(#7115,#7116,#7122,#7123));
#7115 = ORIENTED_EDGE('',*,*,#6890,.T.);
#7116 = ORIENTED_EDGE('',*,*,#7117,.T.);
#7117 = EDGE_CURVE('',#6893,#7088,#7118,.T.);
#7118 = LINE('',#7119,#7120);
#7119 = CARTESIAN_POINT('',(3.000000000005,-4.500000000005,5.E-02));
#7120 = VECTOR('',#7121,1.);
#7121 = DIRECTION('',(1.,0.,0.));
#7122 = ORIENTED_EDGE('',*,*,#7085,.F.);
#7123 = ORIENTED_EDGE('',*,*,#7124,.F.);
#7124 = EDGE_CURVE('',#6891,#7086,#7125,.T.);
#7125 = LINE('',#7126,#7127);
#7126 = CARTESIAN_POINT('',(3.000000000005,-4.500000000005,0.));
#7127 = VECTOR('',#7128,1.);
#7128 = DIRECTION('',(1.,0.,0.));
#7129 = PLANE('',#7130);
#7130 = AXIS2_PLACEMENT_3D('',#7131,#7132,#7133);
#7131 = CARTESIAN_POINT('',(3.000000000005,-4.500000000005,0.));
#7132 = DIRECTION('',(0.,1.,0.));
#7133 = DIRECTION('',(1.,0.,0.));
#7134 = ADVANCED_FACE('',(#7135),#7145,.F.);
#7135 = FACE_BOUND('',#7136,.F.);
#7136 = EDGE_LOOP('',(#7137,#7138,#7139,#7140,#7141,#7142,#7143,#7144));
#7137 = ORIENTED_EDGE('',*,*,#6916,.T.);
#7138 = ORIENTED_EDGE('',*,*,#6947,.T.);
#7139 = ORIENTED_EDGE('',*,*,#6978,.T.);
#7140 = ORIENTED_EDGE('',*,*,#7009,.F.);
#7141 = ORIENTED_EDGE('',*,*,#7040,.F.);
#7142 = ORIENTED_EDGE('',*,*,#7071,.F.);
#7143 = ORIENTED_EDGE('',*,*,#7102,.F.);
#7144 = ORIENTED_EDGE('',*,*,#7124,.F.);
#7145 = PLANE('',#7146);
#7146 = AXIS2_PLACEMENT_3D('',#7147,#7148,#7149);
#7147 = CARTESIAN_POINT('',(1.64754E-12,-2.050000000005,0.));
#7148 = DIRECTION('',(0.,0.,1.));
#7149 = DIRECTION('',(1.,0.,0.));
#7150 = ADVANCED_FACE('',(#7151),#7161,.T.);
#7151 = FACE_BOUND('',#7152,.T.);
#7152 = EDGE_LOOP('',(#7153,#7154,#7155,#7156,#7157,#7158,#7159,#7160));
#7153 = ORIENTED_EDGE('',*,*,#6900,.T.);
#7154 = ORIENTED_EDGE('',*,*,#6931,.T.);
#7155 = ORIENTED_EDGE('',*,*,#6962,.T.);
#7156 = ORIENTED_EDGE('',*,*,#7002,.F.);
#7157 = ORIENTED_EDGE('',*,*,#7033,.F.);
#7158 = ORIENTED_EDGE('',*,*,#7064,.F.);
#7159 = ORIENTED_EDGE('',*,*,#7095,.F.);
#7160 = ORIENTED_EDGE('',*,*,#7117,.F.);
#7161 = PLANE('',#7162);
#7162 = AXIS2_PLACEMENT_3D('',#7163,#7164,#7165);
#7163 = CARTESIAN_POINT('',(1.64754E-12,-2.050000000005,5.E-02));
#7164 = DIRECTION('',(0.,0.,1.));
#7165 = DIRECTION('',(1.,0.,0.));
#7166 = ( GEOMETRIC_REPRESENTATION_CONTEXT(3) 
GLOBAL_UNCERTAINTY_ASSIGNED_CONTEXT((#7170)) 
GLOBAL_UNIT_ASSIGNED_CONTEXT((#7167,#7168,#7169)) REPRESENTATION_CONTEXT
('Context #1','3D Context with UNIT and UNCERTAINTY') );
#7167 = ( LENGTH_UNIT() NAMED_UNIT(*) SI_UNIT(.MILLI.,.METRE.) );
#7168 = ( NAMED_UNIT(*) PLANE_ANGLE_UNIT() SI_UNIT($,.RADIAN.) );
#7169 = ( NAMED_UNIT(*) SI_UNIT($,.STERADIAN.) SOLID_ANGLE_UNIT() );
#7170 = UNCERTAINTY_MEASURE_WITH_UNIT(LENGTH_MEASURE(1.E-07),#7167,
  'distance_accuracy_value','confusion accuracy');
#7171 = CONTEXT_DEPENDENT_SHAPE_REPRESENTATION(#7172,#7174);
#7172 = ( REPRESENTATION_RELATIONSHIP('','',#6883,#6844) 
REPRESENTATION_RELATIONSHIP_WITH_TRANSFORMATION(#7173) 
SHAPE_REPRESENTATION_RELATIONSHIP() );
#7173 = ITEM_DEFINED_TRANSFORMATION('','',#11,#6845);
#7174 = PRODUCT_DEFINITION_SHAPE('Placement','Placement of an item',
  #7175);
#7175 = NEXT_ASSEMBLY_USAGE_OCCURRENCE('6','tail','',#6839,#6878,$);
#7176 = PRODUCT_RELATED_PRODUCT_CATEGORY('part',$,(#6880));
#7177 = SHAPE_DEFINITION_REPRESENTATION(#7178,#7184);
#7178 = PRODUCT_DEFINITION_SHAPE('','',#7179);
#7179 = PRODUCT_DEFINITION('design','',#7180,#7183);
#7180 = PRODUCT_DEFINITION_FORMATION('','',#7181);
#7181 = PRODUCT('plate001','plate001','',(#7182));
#7182 = PRODUCT_CONTEXT('',#2,'mechanical');
#7183 = PRODUCT_DEFINITION_CONTEXT('part definition',#2,'design');
#7184 = ADVANCED_BREP_SHAPE_REPRESENTATION('',(#11,#7185),#7335);
#7185 = MANIFOLD_SOLID_BREP('',#7186);
#7186 = CLOSED_SHELL('',(#7187,#7227,#7258,#7289,#7311,#7323));
#7187 = ADVANCED_FACE('',(#7188),#7222,.F.);
#7188 = FACE_BOUND('',#7189,.F.);
#7189 = EDGE_LOOP('',(#7190,#7200,#7208,#7216));
#7190 = ORIENTED_EDGE('',*,*,#7191,.T.);
#7191 = EDGE_CURVE('',#7192,#7194,#7196,.T.);
#7192 = VERTEX_POINT('',#7193);
#7193 = CARTESIAN_POINT('',(-6.25,2.5,0.));
#7194 = VERTEX_POINT('',#7195);
#7195 = CARTESIAN_POINT('',(-6.25,2.5,5.E-02));
#7196 = LINE('',#7197,#7198);
#7197 = CARTESIAN_POINT('',(-6.25,2.5,0.));
#7198 = VECTOR('',#7199,1.);
#7199 = DIRECTION('',(0.,0.,1.));
#7200 = ORIENTED_EDGE('',*,*,#7201,.T.);
#7201 = EDGE_CURVE('',#7194,#7202,#7204,.T.);
#7202 = VERTEX_POINT('',#7203);
#7203 = CARTESIAN_POINT('',(-6.25,-2.5,5.E-02));
#7204 = LINE('',#7205,#7206);
#7205 = CARTESIAN_POINT('',(-6.25,2.5,5.E-02));
#7206 = VECTOR('',#7207,1.);
#7207 = DIRECTION('',(0.,-1.,0.));
#7208 = ORIENTED_EDGE('',*,*,#7209,.F.);
#7209 = EDGE_CURVE('',#7210,#7202,#7212,.T.);
#7210 = VERTEX_POINT('',#7211);
#7211 = CARTESIAN_POINT('',(-6.25,-2.5,0.));
#7212 = LINE('',#7213,#7214);
#7213 = CARTESIAN_POINT('',(-6.25,-2.5,0.));
#7214 = VECTOR('',#7215,1.);
#7215 = DIRECTION('',(0.,0.,1.));
#7216 = ORIENTED_EDGE('',*,*,#7217,.F.);
#7217 = EDGE_CURVE('',#7192,#7210,#7218,.T.);
#7218 = LINE('',#7219,#7220);
#7219 = CARTESIAN_POINT('',(-6.25,2.5,0.));
#7220 = VECTOR('',#7221,1.);
#7221 = DIRECTION('',(0.,-1.,0.));
#7222 = PLANE('',#7223);
#7223 = AXIS2_PLACEMENT_3D('',#7224,#7225,#7226);
#7224 = CARTESIAN_POINT('',(-6.25,2.5,0.));
#7225 = DIRECTION('',(1.,0.,0.));
#7226 = DIRECTION('',(0.,-1.,0.));
#7227 = ADVANCED_FACE('',(#7228),#7253,.F.);
#7228 = FACE_BOUND('',#7229,.F.);
#7229 = EDGE_LOOP('',(#7230,#7231,#7239,#7247));
#7230 = ORIENTED_EDGE('',*,*,#7209,.T.);
#7231 = ORIENTED_EDGE('',*,*,#7232,.T.);
#7232 = EDGE_CURVE('',#7202,#7233,#7235,.T.);
#7233 = VERTEX_POINT('',#7234);
#7234 = CARTESIAN_POINT('',(6.25,-2.5,5.E-02));
#7235 = LINE('',#7236,#7237);
#7236 = CARTESIAN_POINT('',(-6.25,-2.5,5.E-02));
#7237 = VECTOR('',#7238,1.);
#7238 = DIRECTION('',(1.,0.,0.));
#7239 = ORIENTED_EDGE('',*,*,#7240,.F.);
#7240 = EDGE_CURVE('',#7241,#7233,#7243,.T.);
#7241 = VERTEX_POINT('',#7242);
#7242 = CARTESIAN_POINT('',(6.25,-2.5,0.));
#7243 = LINE('',#7244,#7245);
#7244 = CARTESIAN_POINT('',(6.25,-2.5,0.));
#7245 = VECTOR('',#7246,1.);
#7246 = DIRECTION('',(0.,0.,1.));
#7247 = ORIENTED_EDGE('',*,*,#7248,.F.);
#7248 = EDGE_CURVE('',#7210,#7241,#7249,.T.);
#7249 = LINE('',#7250,#7251);
#7250 = CARTESIAN_POINT('',(-6.25,-2.5,0.));
#7251 = VECTOR('',#7252,1.);
#7252 = DIRECTION('',(1.,0.,0.));
#7253 = PLANE('',#7254);
#7254 = AXIS2_PLACEMENT_3D('',#7255,#7256,#7257);
#7255 = CARTESIAN_POINT('',(-6.25,-2.5,0.));
#7256 = DIRECTION('',(0.,1.,0.));
#7257 = DIRECTION('',(1.,0.,0.));
#7258 = ADVANCED_FACE('',(#7259),#7284,.F.);
#7259 = FACE_BOUND('',#7260,.F.);
#7260 = EDGE_LOOP('',(#7261,#7262,#7270,#7278));
#7261 = ORIENTED_EDGE('',*,*,#7240,.T.);
#7262 = ORIENTED_EDGE('',*,*,#7263,.T.);
#7263 = EDGE_CURVE('',#7233,#7264,#7266,.T.);
#7264 = VERTEX_POINT('',#7265);
#7265 = CARTESIAN_POINT('',(6.25,2.5,5.E-02));
#7266 = LINE('',#7267,#7268);
#7267 = CARTESIAN_POINT('',(6.25,-2.5,5.E-02));
#7268 = VECTOR('',#7269,1.);
#7269 = DIRECTION('',(0.,1.,0.));
#7270 = ORIENTED_EDGE('',*,*,#7271,.F.);
#7271 = EDGE_CURVE('',#7272,#7264,#7274,.T.);
#7272 = VERTEX_POINT('',#7273);
#7273 = CARTESIAN_POINT('',(6.25,2.5,0.));
#7274 = LINE('',#7275,#7276);
#7275 = CARTESIAN_POINT('',(6.25,2.5,0.));
#7276 = VECTOR('',#7277,1.);
#7277 = DIRECTION('',(0.,0.,1.));
#7278 = ORIENTED_EDGE('',*,*,#7279,.F.);
#7279 = EDGE_CURVE('',#7241,#7272,#7280,.T.);
#7280 = LINE('',#7281,#7282);
#7281 = CARTESIAN_POINT('',(6.25,-2.5,0.));
#7282 = VECTOR('',#7283,1.);
#7283 = DIRECTION('',(0.,1.,0.));
#7284 = PLANE('',#7285);
#7285 = AXIS2_PLACEMENT_3D('',#7286,#7287,#7288);
#7286 = CARTESIAN_POINT('',(6.25,-2.5,0.));
#7287 = DIRECTION('',(-1.,0.,0.));
#7288 = DIRECTION('',(0.,1.,0.));
#7289 = ADVANCED_FACE('',(#7290),#7306,.F.);
#7290 = FACE_BOUND('',#7291,.F.);
#7291 = EDGE_LOOP('',(#7292,#7293,#7299,#7300));
#7292 = ORIENTED_EDGE('',*,*,#7271,.T.);
#7293 = ORIENTED_EDGE('',*,*,#7294,.T.);
#7294 = EDGE_CURVE('',#7264,#7194,#7295,.T.);
#7295 = LINE('',#7296,#7297);
#7296 = CARTESIAN_POINT('',(6.25,2.5,5.E-02));
#7297 = VECTOR('',#7298,1.);
#7298 = DIRECTION('',(-1.,0.,0.));
#7299 = ORIENTED_EDGE('',*,*,#7191,.F.);
#7300 = ORIENTED_EDGE('',*,*,#7301,.F.);
#7301 = EDGE_CURVE('',#7272,#7192,#7302,.T.);
#7302 = LINE('',#7303,#7304);
#7303 = CARTESIAN_POINT('',(6.25,2.5,0.));
#7304 = VECTOR('',#7305,1.);
#7305 = DIRECTION('',(-1.,0.,0.));
#7306 = PLANE('',#7307);
#7307 = AXIS2_PLACEMENT_3D('',#7308,#7309,#7310);
#7308 = CARTESIAN_POINT('',(6.25,2.5,0.));
#7309 = DIRECTION('',(0.,-1.,0.));
#7310 = DIRECTION('',(-1.,0.,0.));
#7311 = ADVANCED_FACE('',(#7312),#7318,.F.);
#7312 = FACE_BOUND('',#7313,.F.);
#7313 = EDGE_LOOP('',(#7314,#7315,#7316,#7317));
#7314 = ORIENTED_EDGE('',*,*,#7217,.T.);
#7315 = ORIENTED_EDGE('',*,*,#7248,.T.);
#7316 = ORIENTED_EDGE('',*,*,#7279,.T.);
#7317 = ORIENTED_EDGE('',*,*,#7301,.T.);
#7318 = PLANE('',#7319);
#7319 = AXIS2_PLACEMENT_3D('',#7320,#7321,#7322);
#7320 = CARTESIAN_POINT('',(0.,0.,0.));
#7321 = DIRECTION('',(0.,0.,1.));
#7322 = DIRECTION('',(1.,0.,0.));
#7323 = ADVANCED_FACE('',(#7324),#7330,.T.);
#7324 = FACE_BOUND('',#7325,.T.);
#7325 = EDGE_LOOP('',(#7326,#7327,#7328,#7329));
#7326 = ORIENTED_EDGE('',*,*,#7201,.T.);
#7327 = ORIENTED_EDGE('',*,*,#7232,.T.);
#7328 = ORIENTED_EDGE('',*,*,#7263,.T.);
#7329 = ORIENTED_EDGE('',*,*,#7294,.T.);
#7330 = PLANE('',#7331);
#7331 = AXIS2_PLACEMENT_3D('',#7332,#7333,#7334);
#7332 = CARTESIAN_POINT('',(0.,0.,5.E-02));
#7333 = DIRECTION('',(0.,0.,1.));
#7334 = DIRECTION('',(1.,0.,0.));
#7335 = ( GEOMETRIC_REPRESENTATION_CONTEXT(3) 
GLOBAL_UNCERTAINTY_ASSIGNED_CONTEXT((#7339)) 
GLOBAL_UNIT_ASSIGNED_CONTEXT((#7336,#7337,#7338)) REPRESENTATION_CONTEXT
('Context #1','3D Context with UNIT and UNCERTAINTY') );
#7336 = ( LENGTH_UNIT() NAMED_UNIT(*) SI_UNIT(.MILLI.,.METRE.) );
#7337 = ( NAMED_UNIT(*) PLANE_ANGLE_UNIT() SI_UNIT($,.RADIAN.) );
#7338 = ( NAMED_UNIT(*) SI_UNIT($,.STERADIAN.) SOLID_ANGLE_UNIT() );
#7339 = UNCERTAINTY_MEASURE_WITH_UNIT(LENGTH_MEASURE(1.E-07),#7336,
  'distance_accuracy_value','confusion accuracy');
#7340 = CONTEXT_DEPENDENT_SHAPE_REPRESENTATION(#7341,#7343);
#7341 = ( REPRESENTATION_RELATIONSHIP('','',#7184,#6844) 
REPRESENTATION_RELATIONSHIP_WITH_TRANSFORMATION(#7342) 
SHAPE_REPRESENTATION_RELATIONSHIP() );
#7342 = ITEM_DEFINED_TRANSFORMATION('','',#11,#6849);
#7343 = PRODUCT_DEFINITION_SHAPE('Placement','Placement of an item',
  #7344);
#7344 = NEXT_ASSEMBLY_USAGE_OCCURRENCE('7','plate001','',#6839,#7179,$);
#7345 = PRODUCT_RELATED_PRODUCT_CATEGORY('part',$,(#7181));
#7346 = SHAPE_DEFINITION_REPRESENTATION(#7347,#7353);
#7347 = PRODUCT_DEFINITION_SHAPE('','',#7348);
#7348 = PRODUCT_DEFINITION('design','',#7349,#7352);
#7349 = PRODUCT_DEFINITION_FORMATION('','',#7350);
#7350 = PRODUCT('conn','conn','',(#7351));
#7351 = PRODUCT_CONTEXT('',#2,'mechanical');
#7352 = PRODUCT_DEFINITION_CONTEXT('part definition',#2,'design');
#7353 = ADVANCED_BREP_SHAPE_REPRESENTATION('',(#11,#7354),#12746);
#7354 = MANIFOLD_SOLID_BREP('',#7355);
#7355 = CLOSED_SHELL('',(#7356,#7396,#7427,#7458,#7489,#7520,#7551,#7582
    ,#7613,#7644,#7675,#7706,#7737,#7768,#7799,#7830,#7861,#7892,#7923,
    #7954,#7985,#8016,#8047,#8078,#8109,#8140,#8171,#8202,#8233,#8264,
    #8295,#8326,#8357,#8388,#8419,#8450,#8481,#8512,#8543,#8574,#8605,
    #8636,#8667,#8698,#8729,#8760,#8791,#8822,#8853,#8884,#8915,#8946,
    #8977,#9008,#9039,#9070,#9101,#9132,#9163,#9194,#9225,#9256,#9287,
    #9318,#9349,#9380,#9411,#9442,#9473,#9504,#9535,#9566,#9597,#9628,
    #9659,#9690,#9721,#9752,#9783,#9814,#9845,#9876,#9907,#9938,#9969,
    #10000,#10031,#10062,#10093,#10124,#10155,#10186,#10217,#10248,
    #10279,#10310,#10341,#10372,#10403,#10434,#10465,#10496,#10527,
    #10558,#10589,#10620,#10651,#10682,#10713,#10744,#10775,#10806,
    #10837,#10868,#10899,#10930,#10961,#10992,#11023,#11054,#11076,
    #11116,#11147,#11178,#11209,#11240,#11262,#11302,#11333,#11364,
    #11395,#11426,#11448,#11488,#11519,#11550,#11581,#11612,#11634,
    #11674,#11705,#11736,#11767,#11798,#11820,#11860,#11891,#11922,
    #11953,#11984,#12006,#12046,#12077,#12108,#12139,#12170,#12192,
    #12232,#12263,#12294,#12325,#12356,#12378,#12562));
#7356 = ADVANCED_FACE('',(#7357),#7391,.F.);
#7357 = FACE_BOUND('',#7358,.F.);
#7358 = EDGE_LOOP('',(#7359,#7369,#7377,#7385));
#7359 = ORIENTED_EDGE('',*,*,#7360,.T.);
#7360 = EDGE_CURVE('',#7361,#7363,#7365,.T.);
#7361 = VERTEX_POINT('',#7362);
#7362 = CARTESIAN_POINT('',(2.85,5.400929,0.));
#7363 = VERTEX_POINT('',#7364);
#7364 = CARTESIAN_POINT('',(2.85,5.400929,4.E-02));
#7365 = LINE('',#7366,#7367);
#7366 = CARTESIAN_POINT('',(2.85,5.400929,0.));
#7367 = VECTOR('',#7368,1.);
#7368 = DIRECTION('',(0.,0.,1.));
#7369 = ORIENTED_EDGE('',*,*,#7370,.T.);
#7370 = EDGE_CURVE('',#7363,#7371,#7373,.T.);
#7371 = VERTEX_POINT('',#7372);
#7372 = CARTESIAN_POINT('',(3.,5.400929,4.E-02));
#7373 = LINE('',#7374,#7375);
#7374 = CARTESIAN_POINT('',(2.85,5.400929,4.E-02));
#7375 = VECTOR('',#7376,1.);
#7376 = DIRECTION('',(1.,0.,0.));
#7377 = ORIENTED_EDGE('',*,*,#7378,.F.);
#7378 = EDGE_CURVE('',#7379,#7371,#7381,.T.);
#7379 = VERTEX_POINT('',#7380);
#7380 = CARTESIAN_POINT('',(3.,5.400929,0.));
#7381 = LINE('',#7382,#7383);
#7382 = CARTESIAN_POINT('',(3.,5.400929,0.));
#7383 = VECTOR('',#7384,1.);
#7384 = DIRECTION('',(0.,0.,1.));
#7385 = ORIENTED_EDGE('',*,*,#7386,.F.);
#7386 = EDGE_CURVE('',#7361,#7379,#7387,.T.);
#7387 = LINE('',#7388,#7389);
#7388 = CARTESIAN_POINT('',(2.85,5.400929,0.));
#7389 = VECTOR('',#7390,1.);
#7390 = DIRECTION('',(1.,0.,0.));
#7391 = PLANE('',#7392);
#7392 = AXIS2_PLACEMENT_3D('',#7393,#7394,#7395);
#7393 = CARTESIAN_POINT('',(2.85,5.400929,0.));
#7394 = DIRECTION('',(0.,1.,0.));
#7395 = DIRECTION('',(1.,0.,0.));
#7396 = ADVANCED_FACE('',(#7397),#7422,.F.);
#7397 = FACE_BOUND('',#7398,.F.);
#7398 = EDGE_LOOP('',(#7399,#7400,#7408,#7416));
#7399 = ORIENTED_EDGE('',*,*,#7378,.T.);
#7400 = ORIENTED_EDGE('',*,*,#7401,.T.);
#7401 = EDGE_CURVE('',#7371,#7402,#7404,.T.);
#7402 = VERTEX_POINT('',#7403);
#7403 = CARTESIAN_POINT('',(3.,5.5,4.E-02));
#7404 = LINE('',#7405,#7406);
#7405 = CARTESIAN_POINT('',(3.,5.400929,4.E-02));
#7406 = VECTOR('',#7407,1.);
#7407 = DIRECTION('',(0.,1.,0.));
#7408 = ORIENTED_EDGE('',*,*,#7409,.F.);
#7409 = EDGE_CURVE('',#7410,#7402,#7412,.T.);
#7410 = VERTEX_POINT('',#7411);
#7411 = CARTESIAN_POINT('',(3.,5.5,0.));
#7412 = LINE('',#7413,#7414);
#7413 = CARTESIAN_POINT('',(3.,5.5,0.));
#7414 = VECTOR('',#7415,1.);
#7415 = DIRECTION('',(0.,0.,1.));
#7416 = ORIENTED_EDGE('',*,*,#7417,.F.);
#7417 = EDGE_CURVE('',#7379,#7410,#7418,.T.);
#7418 = LINE('',#7419,#7420);
#7419 = CARTESIAN_POINT('',(3.,5.400929,0.));
#7420 = VECTOR('',#7421,1.);
#7421 = DIRECTION('',(0.,1.,0.));
#7422 = PLANE('',#7423);
#7423 = AXIS2_PLACEMENT_3D('',#7424,#7425,#7426);
#7424 = CARTESIAN_POINT('',(3.,5.400929,0.));
#7425 = DIRECTION('',(-1.,0.,0.));
#7426 = DIRECTION('',(0.,1.,0.));
#7427 = ADVANCED_FACE('',(#7428),#7453,.F.);
#7428 = FACE_BOUND('',#7429,.F.);
#7429 = EDGE_LOOP('',(#7430,#7431,#7439,#7447));
#7430 = ORIENTED_EDGE('',*,*,#7409,.T.);
#7431 = ORIENTED_EDGE('',*,*,#7432,.T.);
#7432 = EDGE_CURVE('',#7402,#7433,#7435,.T.);
#7433 = VERTEX_POINT('',#7434);
#7434 = CARTESIAN_POINT('',(-3.,5.5,4.E-02));
#7435 = LINE('',#7436,#7437);
#7436 = CARTESIAN_POINT('',(3.,5.5,4.E-02));
#7437 = VECTOR('',#7438,1.);
#7438 = DIRECTION('',(-1.,0.,0.));
#7439 = ORIENTED_EDGE('',*,*,#7440,.F.);
#7440 = EDGE_CURVE('',#7441,#7433,#7443,.T.);
#7441 = VERTEX_POINT('',#7442);
#7442 = CARTESIAN_POINT('',(-3.,5.5,0.));
#7443 = LINE('',#7444,#7445);
#7444 = CARTESIAN_POINT('',(-3.,5.5,0.));
#7445 = VECTOR('',#7446,1.);
#7446 = DIRECTION('',(0.,0.,1.));
#7447 = ORIENTED_EDGE('',*,*,#7448,.F.);
#7448 = EDGE_CURVE('',#7410,#7441,#7449,.T.);
#7449 = LINE('',#7450,#7451);
#7450 = CARTESIAN_POINT('',(3.,5.5,0.));
#7451 = VECTOR('',#7452,1.);
#7452 = DIRECTION('',(-1.,0.,0.));
#7453 = PLANE('',#7454);
#7454 = AXIS2_PLACEMENT_3D('',#7455,#7456,#7457);
#7455 = CARTESIAN_POINT('',(3.,5.5,0.));
#7456 = DIRECTION('',(0.,-1.,0.));
#7457 = DIRECTION('',(-1.,0.,0.));
#7458 = ADVANCED_FACE('',(#7459),#7484,.T.);
#7459 = FACE_BOUND('',#7460,.T.);
#7460 = EDGE_LOOP('',(#7461,#7471,#7477,#7478));
#7461 = ORIENTED_EDGE('',*,*,#7462,.T.);
#7462 = EDGE_CURVE('',#7463,#7465,#7467,.T.);
#7463 = VERTEX_POINT('',#7464);
#7464 = CARTESIAN_POINT('',(-3.,5.400929,0.));
#7465 = VERTEX_POINT('',#7466);
#7466 = CARTESIAN_POINT('',(-3.,5.400929,4.E-02));
#7467 = LINE('',#7468,#7469);
#7468 = CARTESIAN_POINT('',(-3.,5.400929,0.));
#7469 = VECTOR('',#7470,1.);
#7470 = DIRECTION('',(0.,0.,1.));
#7471 = ORIENTED_EDGE('',*,*,#7472,.T.);
#7472 = EDGE_CURVE('',#7465,#7433,#7473,.T.);
#7473 = LINE('',#7474,#7475);
#7474 = CARTESIAN_POINT('',(-3.,5.400929,4.E-02));
#7475 = VECTOR('',#7476,1.);
#7476 = DIRECTION('',(0.,1.,0.));
#7477 = ORIENTED_EDGE('',*,*,#7440,.F.);
#7478 = ORIENTED_EDGE('',*,*,#7479,.F.);
#7479 = EDGE_CURVE('',#7463,#7441,#7480,.T.);
#7480 = LINE('',#7481,#7482);
#7481 = CARTESIAN_POINT('',(-3.,5.400929,0.));
#7482 = VECTOR('',#7483,1.);
#7483 = DIRECTION('',(0.,1.,0.));
#7484 = PLANE('',#7485);
#7485 = AXIS2_PLACEMENT_3D('',#7486,#7487,#7488);
#7486 = CARTESIAN_POINT('',(-3.,5.400929,0.));
#7487 = DIRECTION('',(-1.,0.,0.));
#7488 = DIRECTION('',(0.,1.,0.));
#7489 = ADVANCED_FACE('',(#7490),#7515,.T.);
#7490 = FACE_BOUND('',#7491,.T.);
#7491 = EDGE_LOOP('',(#7492,#7502,#7508,#7509));
#7492 = ORIENTED_EDGE('',*,*,#7493,.T.);
#7493 = EDGE_CURVE('',#7494,#7496,#7498,.T.);
#7494 = VERTEX_POINT('',#7495);
#7495 = CARTESIAN_POINT('',(-2.85,5.400929,0.));
#7496 = VERTEX_POINT('',#7497);
#7497 = CARTESIAN_POINT('',(-2.85,5.400929,4.E-02));
#7498 = LINE('',#7499,#7500);
#7499 = CARTESIAN_POINT('',(-2.85,5.400929,0.));
#7500 = VECTOR('',#7501,1.);
#7501 = DIRECTION('',(0.,0.,1.));
#7502 = ORIENTED_EDGE('',*,*,#7503,.T.);
#7503 = EDGE_CURVE('',#7496,#7465,#7504,.T.);
#7504 = LINE('',#7505,#7506);
#7505 = CARTESIAN_POINT('',(-2.85,5.400929,4.E-02));
#7506 = VECTOR('',#7507,1.);
#7507 = DIRECTION('',(-1.,0.,0.));
#7508 = ORIENTED_EDGE('',*,*,#7462,.F.);
#7509 = ORIENTED_EDGE('',*,*,#7510,.F.);
#7510 = EDGE_CURVE('',#7494,#7463,#7511,.T.);
#7511 = LINE('',#7512,#7513);
#7512 = CARTESIAN_POINT('',(-2.85,5.400929,0.));
#7513 = VECTOR('',#7514,1.);
#7514 = DIRECTION('',(-1.,0.,0.));
#7515 = PLANE('',#7516);
#7516 = AXIS2_PLACEMENT_3D('',#7517,#7518,#7519);
#7517 = CARTESIAN_POINT('',(-2.85,5.400929,0.));
#7518 = DIRECTION('',(0.,-1.,0.));
#7519 = DIRECTION('',(-1.,0.,0.));
#7520 = ADVANCED_FACE('',(#7521),#7546,.T.);
#7521 = FACE_BOUND('',#7522,.T.);
#7522 = EDGE_LOOP('',(#7523,#7533,#7539,#7540));
#7523 = ORIENTED_EDGE('',*,*,#7524,.T.);
#7524 = EDGE_CURVE('',#7525,#7527,#7529,.T.);
#7525 = VERTEX_POINT('',#7526);
#7526 = CARTESIAN_POINT('',(-2.85,-4.499071,0.));
#7527 = VERTEX_POINT('',#7528);
#7528 = CARTESIAN_POINT('',(-2.85,-4.499071,4.E-02));
#7529 = LINE('',#7530,#7531);
#7530 = CARTESIAN_POINT('',(-2.85,-4.499071,0.));
#7531 = VECTOR('',#7532,1.);
#7532 = DIRECTION('',(0.,0.,1.));
#7533 = ORIENTED_EDGE('',*,*,#7534,.T.);
#7534 = EDGE_CURVE('',#7527,#7496,#7535,.T.);
#7535 = LINE('',#7536,#7537);
#7536 = CARTESIAN_POINT('',(-2.85,-4.499071,4.E-02));
#7537 = VECTOR('',#7538,1.);
#7538 = DIRECTION('',(0.,1.,0.));
#7539 = ORIENTED_EDGE('',*,*,#7493,.F.);
#7540 = ORIENTED_EDGE('',*,*,#7541,.F.);
#7541 = EDGE_CURVE('',#7525,#7494,#7542,.T.);
#7542 = LINE('',#7543,#7544);
#7543 = CARTESIAN_POINT('',(-2.85,-4.499071,0.));
#7544 = VECTOR('',#7545,1.);
#7545 = DIRECTION('',(0.,1.,0.));
#7546 = PLANE('',#7547);
#7547 = AXIS2_PLACEMENT_3D('',#7548,#7549,#7550);
#7548 = CARTESIAN_POINT('',(-2.85,-4.499071,0.));
#7549 = DIRECTION('',(-1.,0.,0.));
#7550 = DIRECTION('',(0.,1.,0.));
#7551 = ADVANCED_FACE('',(#7552),#7577,.T.);
#7552 = FACE_BOUND('',#7553,.T.);
#7553 = EDGE_LOOP('',(#7554,#7564,#7570,#7571));
#7554 = ORIENTED_EDGE('',*,*,#7555,.T.);
#7555 = EDGE_CURVE('',#7556,#7558,#7560,.T.);
#7556 = VERTEX_POINT('',#7557);
#7557 = CARTESIAN_POINT('',(-5.958971,-7.,0.));
#7558 = VERTEX_POINT('',#7559);
#7559 = CARTESIAN_POINT('',(-5.958971,-7.,4.E-02));
#7560 = LINE('',#7561,#7562);
#7561 = CARTESIAN_POINT('',(-5.958971,-7.,0.));
#7562 = VECTOR('',#7563,1.);
#7563 = DIRECTION('',(0.,0.,1.));
#7564 = ORIENTED_EDGE('',*,*,#7565,.T.);
#7565 = EDGE_CURVE('',#7558,#7527,#7566,.T.);
#7566 = LINE('',#7567,#7568);
#7567 = CARTESIAN_POINT('',(-5.958971,-7.,4.E-02));
#7568 = VECTOR('',#7569,1.);
#7569 = DIRECTION('',(0.779184693535,0.626794394807,0.));
#7570 = ORIENTED_EDGE('',*,*,#7524,.F.);
#7571 = ORIENTED_EDGE('',*,*,#7572,.F.);
#7572 = EDGE_CURVE('',#7556,#7525,#7573,.T.);
#7573 = LINE('',#7574,#7575);
#7574 = CARTESIAN_POINT('',(-5.958971,-7.,0.));
#7575 = VECTOR('',#7576,1.);
#7576 = DIRECTION('',(0.779184693535,0.626794394807,0.));
#7577 = PLANE('',#7578);
#7578 = AXIS2_PLACEMENT_3D('',#7579,#7580,#7581);
#7579 = CARTESIAN_POINT('',(-5.958971,-7.,0.));
#7580 = DIRECTION('',(-0.626794394807,0.779184693535,0.));
#7581 = DIRECTION('',(0.779184693535,0.626794394807,0.));
#7582 = ADVANCED_FACE('',(#7583),#7608,.T.);
#7583 = FACE_BOUND('',#7584,.T.);
#7584 = EDGE_LOOP('',(#7585,#7595,#7601,#7602));
#7585 = ORIENTED_EDGE('',*,*,#7586,.T.);
#7586 = EDGE_CURVE('',#7587,#7589,#7591,.T.);
#7587 = VERTEX_POINT('',#7588);
#7588 = CARTESIAN_POINT('',(-5.958971,-9.5,0.));
#7589 = VERTEX_POINT('',#7590);
#7590 = CARTESIAN_POINT('',(-5.958971,-9.5,4.E-02));
#7591 = LINE('',#7592,#7593);
#7592 = CARTESIAN_POINT('',(-5.958971,-9.5,0.));
#7593 = VECTOR('',#7594,1.);
#7594 = DIRECTION('',(0.,0.,1.));
#7595 = ORIENTED_EDGE('',*,*,#7596,.T.);
#7596 = EDGE_CURVE('',#7589,#7558,#7597,.T.);
#7597 = LINE('',#7598,#7599);
#7598 = CARTESIAN_POINT('',(-5.958971,-9.5,4.E-02));
#7599 = VECTOR('',#7600,1.);
#7600 = DIRECTION('',(0.,1.,0.));
#7601 = ORIENTED_EDGE('',*,*,#7555,.F.);
#7602 = ORIENTED_EDGE('',*,*,#7603,.F.);
#7603 = EDGE_CURVE('',#7587,#7556,#7604,.T.);
#7604 = LINE('',#7605,#7606);
#7605 = CARTESIAN_POINT('',(-5.958971,-9.5,0.));
#7606 = VECTOR('',#7607,1.);
#7607 = DIRECTION('',(0.,1.,0.));
#7608 = PLANE('',#7609);
#7609 = AXIS2_PLACEMENT_3D('',#7610,#7611,#7612);
#7610 = CARTESIAN_POINT('',(-5.958971,-9.5,0.));
#7611 = DIRECTION('',(-1.,0.,0.));
#7612 = DIRECTION('',(0.,1.,0.));
#7613 = ADVANCED_FACE('',(#7614),#7639,.T.);
#7614 = FACE_BOUND('',#7615,.T.);
#7615 = EDGE_LOOP('',(#7616,#7626,#7632,#7633));
#7616 = ORIENTED_EDGE('',*,*,#7617,.T.);
#7617 = EDGE_CURVE('',#7618,#7620,#7622,.T.);
#7618 = VERTEX_POINT('',#7619);
#7619 = CARTESIAN_POINT('',(-5.658971,-9.5,0.));
#7620 = VERTEX_POINT('',#7621);
#7621 = CARTESIAN_POINT('',(-5.658971,-9.5,4.E-02));
#7622 = LINE('',#7623,#7624);
#7623 = CARTESIAN_POINT('',(-5.658971,-9.5,0.));
#7624 = VECTOR('',#7625,1.);
#7625 = DIRECTION('',(0.,0.,1.));
#7626 = ORIENTED_EDGE('',*,*,#7627,.T.);
#7627 = EDGE_CURVE('',#7620,#7589,#7628,.T.);
#7628 = LINE('',#7629,#7630);
#7629 = CARTESIAN_POINT('',(-5.658971,-9.5,4.E-02));
#7630 = VECTOR('',#7631,1.);
#7631 = DIRECTION('',(-1.,0.,0.));
#7632 = ORIENTED_EDGE('',*,*,#7586,.F.);
#7633 = ORIENTED_EDGE('',*,*,#7634,.F.);
#7634 = EDGE_CURVE('',#7618,#7587,#7635,.T.);
#7635 = LINE('',#7636,#7637);
#7636 = CARTESIAN_POINT('',(-5.658971,-9.5,0.));
#7637 = VECTOR('',#7638,1.);
#7638 = DIRECTION('',(-1.,0.,0.));
#7639 = PLANE('',#7640);
#7640 = AXIS2_PLACEMENT_3D('',#7641,#7642,#7643);
#7641 = CARTESIAN_POINT('',(-5.658971,-9.5,0.));
#7642 = DIRECTION('',(0.,-1.,0.));
#7643 = DIRECTION('',(-1.,0.,0.));
#7644 = ADVANCED_FACE('',(#7645),#7670,.T.);
#7645 = FACE_BOUND('',#7646,.T.);
#7646 = EDGE_LOOP('',(#7647,#7657,#7663,#7664));
#7647 = ORIENTED_EDGE('',*,*,#7648,.T.);
#7648 = EDGE_CURVE('',#7649,#7651,#7653,.T.);
#7649 = VERTEX_POINT('',#7650);
#7650 = CARTESIAN_POINT('',(-5.658971,-7.,0.));
#7651 = VERTEX_POINT('',#7652);
#7652 = CARTESIAN_POINT('',(-5.658971,-7.,4.E-02));
#7653 = LINE('',#7654,#7655);
#7654 = CARTESIAN_POINT('',(-5.658971,-7.,0.));
#7655 = VECTOR('',#7656,1.);
#7656 = DIRECTION('',(0.,0.,1.));
#7657 = ORIENTED_EDGE('',*,*,#7658,.T.);
#7658 = EDGE_CURVE('',#7651,#7620,#7659,.T.);
#7659 = LINE('',#7660,#7661);
#7660 = CARTESIAN_POINT('',(-5.658971,-7.,4.E-02));
#7661 = VECTOR('',#7662,1.);
#7662 = DIRECTION('',(0.,-1.,0.));
#7663 = ORIENTED_EDGE('',*,*,#7617,.F.);
#7664 = ORIENTED_EDGE('',*,*,#7665,.F.);
#7665 = EDGE_CURVE('',#7649,#7618,#7666,.T.);
#7666 = LINE('',#7667,#7668);
#7667 = CARTESIAN_POINT('',(-5.658971,-7.,0.));
#7668 = VECTOR('',#7669,1.);
#7669 = DIRECTION('',(0.,-1.,0.));
#7670 = PLANE('',#7671);
#7671 = AXIS2_PLACEMENT_3D('',#7672,#7673,#7674);
#7672 = CARTESIAN_POINT('',(-5.658971,-7.,0.));
#7673 = DIRECTION('',(1.,0.,0.));
#7674 = DIRECTION('',(0.,-1.,0.));
#7675 = ADVANCED_FACE('',(#7676),#7701,.F.);
#7676 = FACE_BOUND('',#7677,.F.);
#7677 = EDGE_LOOP('',(#7678,#7679,#7687,#7695));
#7678 = ORIENTED_EDGE('',*,*,#7648,.T.);
#7679 = ORIENTED_EDGE('',*,*,#7680,.T.);
#7680 = EDGE_CURVE('',#7651,#7681,#7683,.T.);
#7681 = VERTEX_POINT('',#7682);
#7682 = CARTESIAN_POINT('',(-2.65,-4.499071,4.E-02));
#7683 = LINE('',#7684,#7685);
#7684 = CARTESIAN_POINT('',(-5.658971,-7.,4.E-02));
#7685 = VECTOR('',#7686,1.);
#7686 = DIRECTION('',(0.769043561172,0.639196371251,0.));
#7687 = ORIENTED_EDGE('',*,*,#7688,.F.);
#7688 = EDGE_CURVE('',#7689,#7681,#7691,.T.);
#7689 = VERTEX_POINT('',#7690);
#7690 = CARTESIAN_POINT('',(-2.65,-4.499071,0.));
#7691 = LINE('',#7692,#7693);
#7692 = CARTESIAN_POINT('',(-2.65,-4.499071,0.));
#7693 = VECTOR('',#7694,1.);
#7694 = DIRECTION('',(0.,0.,1.));
#7695 = ORIENTED_EDGE('',*,*,#7696,.F.);
#7696 = EDGE_CURVE('',#7649,#7689,#7697,.T.);
#7697 = LINE('',#7698,#7699);
#7698 = CARTESIAN_POINT('',(-5.658971,-7.,0.));
#7699 = VECTOR('',#7700,1.);
#7700 = DIRECTION('',(0.769043561172,0.639196371251,0.));
#7701 = PLANE('',#7702);
#7702 = AXIS2_PLACEMENT_3D('',#7703,#7704,#7705);
#7703 = CARTESIAN_POINT('',(-5.658971,-7.,0.));
#7704 = DIRECTION('',(-0.639196371251,0.769043561172,0.));
#7705 = DIRECTION('',(0.769043561172,0.639196371251,0.));
#7706 = ADVANCED_FACE('',(#7707),#7732,.T.);
#7707 = FACE_BOUND('',#7708,.T.);
#7708 = EDGE_LOOP('',(#7709,#7719,#7725,#7726));
#7709 = ORIENTED_EDGE('',*,*,#7710,.T.);
#7710 = EDGE_CURVE('',#7711,#7713,#7715,.T.);
#7711 = VERTEX_POINT('',#7712);
#7712 = CARTESIAN_POINT('',(-2.65,5.400929,0.));
#7713 = VERTEX_POINT('',#7714);
#7714 = CARTESIAN_POINT('',(-2.65,5.400929,4.E-02));
#7715 = LINE('',#7716,#7717);
#7716 = CARTESIAN_POINT('',(-2.65,5.400929,0.));
#7717 = VECTOR('',#7718,1.);
#7718 = DIRECTION('',(0.,0.,1.));
#7719 = ORIENTED_EDGE('',*,*,#7720,.T.);
#7720 = EDGE_CURVE('',#7713,#7681,#7721,.T.);
#7721 = LINE('',#7722,#7723);
#7722 = CARTESIAN_POINT('',(-2.65,5.400929,4.E-02));
#7723 = VECTOR('',#7724,1.);
#7724 = DIRECTION('',(0.,-1.,0.));
#7725 = ORIENTED_EDGE('',*,*,#7688,.F.);
#7726 = ORIENTED_EDGE('',*,*,#7727,.F.);
#7727 = EDGE_CURVE('',#7711,#7689,#7728,.T.);
#7728 = LINE('',#7729,#7730);
#7729 = CARTESIAN_POINT('',(-2.65,5.400929,0.));
#7730 = VECTOR('',#7731,1.);
#7731 = DIRECTION('',(0.,-1.,0.));
#7732 = PLANE('',#7733);
#7733 = AXIS2_PLACEMENT_3D('',#7734,#7735,#7736);
#7734 = CARTESIAN_POINT('',(-2.65,5.400929,0.));
#7735 = DIRECTION('',(1.,0.,0.));
#7736 = DIRECTION('',(0.,-1.,0.));
#7737 = ADVANCED_FACE('',(#7738),#7763,.F.);
#7738 = FACE_BOUND('',#7739,.F.);
#7739 = EDGE_LOOP('',(#7740,#7741,#7749,#7757));
#7740 = ORIENTED_EDGE('',*,*,#7710,.T.);
#7741 = ORIENTED_EDGE('',*,*,#7742,.T.);
#7742 = EDGE_CURVE('',#7713,#7743,#7745,.T.);
#7743 = VERTEX_POINT('',#7744);
#7744 = CARTESIAN_POINT('',(-2.6,5.400929,4.E-02));
#7745 = LINE('',#7746,#7747);
#7746 = CARTESIAN_POINT('',(-2.65,5.400929,4.E-02));
#7747 = VECTOR('',#7748,1.);
#7748 = DIRECTION('',(1.,0.,0.));
#7749 = ORIENTED_EDGE('',*,*,#7750,.F.);
#7750 = EDGE_CURVE('',#7751,#7743,#7753,.T.);
#7751 = VERTEX_POINT('',#7752);
#7752 = CARTESIAN_POINT('',(-2.6,5.400929,0.));
#7753 = LINE('',#7754,#7755);
#7754 = CARTESIAN_POINT('',(-2.6,5.400929,0.));
#7755 = VECTOR('',#7756,1.);
#7756 = DIRECTION('',(0.,0.,1.));
#7757 = ORIENTED_EDGE('',*,*,#7758,.F.);
#7758 = EDGE_CURVE('',#7711,#7751,#7759,.T.);
#7759 = LINE('',#7760,#7761);
#7760 = CARTESIAN_POINT('',(-2.65,5.400929,0.));
#7761 = VECTOR('',#7762,1.);
#7762 = DIRECTION('',(1.,0.,0.));
#7763 = PLANE('',#7764);
#7764 = AXIS2_PLACEMENT_3D('',#7765,#7766,#7767);
#7765 = CARTESIAN_POINT('',(-2.65,5.400929,0.));
#7766 = DIRECTION('',(0.,1.,0.));
#7767 = DIRECTION('',(1.,0.,0.));
#7768 = ADVANCED_FACE('',(#7769),#7794,.T.);
#7769 = FACE_BOUND('',#7770,.T.);
#7770 = EDGE_LOOP('',(#7771,#7781,#7787,#7788));
#7771 = ORIENTED_EDGE('',*,*,#7772,.T.);
#7772 = EDGE_CURVE('',#7773,#7775,#7777,.T.);
#7773 = VERTEX_POINT('',#7774);
#7774 = CARTESIAN_POINT('',(-2.6,-4.499071,0.));
#7775 = VERTEX_POINT('',#7776);
#7776 = CARTESIAN_POINT('',(-2.6,-4.499071,4.E-02));
#7777 = LINE('',#7778,#7779);
#7778 = CARTESIAN_POINT('',(-2.6,-4.499071,0.));
#7779 = VECTOR('',#7780,1.);
#7780 = DIRECTION('',(0.,0.,1.));
#7781 = ORIENTED_EDGE('',*,*,#7782,.T.);
#7782 = EDGE_CURVE('',#7775,#7743,#7783,.T.);
#7783 = LINE('',#7784,#7785);
#7784 = CARTESIAN_POINT('',(-2.6,-4.499071,4.E-02));
#7785 = VECTOR('',#7786,1.);
#7786 = DIRECTION('',(0.,1.,0.));
#7787 = ORIENTED_EDGE('',*,*,#7750,.F.);
#7788 = ORIENTED_EDGE('',*,*,#7789,.F.);
#7789 = EDGE_CURVE('',#7773,#7751,#7790,.T.);
#7790 = LINE('',#7791,#7792);
#7791 = CARTESIAN_POINT('',(-2.6,-4.499071,0.));
#7792 = VECTOR('',#7793,1.);
#7793 = DIRECTION('',(0.,1.,0.));
#7794 = PLANE('',#7795);
#7795 = AXIS2_PLACEMENT_3D('',#7796,#7797,#7798);
#7796 = CARTESIAN_POINT('',(-2.6,-4.499071,0.));
#7797 = DIRECTION('',(-1.,0.,0.));
#7798 = DIRECTION('',(0.,1.,0.));
#7799 = ADVANCED_FACE('',(#7800),#7825,.T.);
#7800 = FACE_BOUND('',#7801,.T.);
#7801 = EDGE_LOOP('',(#7802,#7812,#7818,#7819));
#7802 = ORIENTED_EDGE('',*,*,#7803,.T.);
#7803 = EDGE_CURVE('',#7804,#7806,#7808,.T.);
#7804 = VERTEX_POINT('',#7805);
#7805 = CARTESIAN_POINT('',(-5.458971,-7.,0.));
#7806 = VERTEX_POINT('',#7807);
#7807 = CARTESIAN_POINT('',(-5.458971,-7.,4.E-02));
#7808 = LINE('',#7809,#7810);
#7809 = CARTESIAN_POINT('',(-5.458971,-7.,0.));
#7810 = VECTOR('',#7811,1.);
#7811 = DIRECTION('',(0.,0.,1.));
#7812 = ORIENTED_EDGE('',*,*,#7813,.T.);
#7813 = EDGE_CURVE('',#7806,#7775,#7814,.T.);
#7814 = LINE('',#7815,#7816);
#7815 = CARTESIAN_POINT('',(-5.458971,-7.,4.E-02));
#7816 = VECTOR('',#7817,1.);
#7817 = DIRECTION('',(0.752664182578,0.658404608326,0.));
#7818 = ORIENTED_EDGE('',*,*,#7772,.F.);
#7819 = ORIENTED_EDGE('',*,*,#7820,.F.);
#7820 = EDGE_CURVE('',#7804,#7773,#7821,.T.);
#7821 = LINE('',#7822,#7823);
#7822 = CARTESIAN_POINT('',(-5.458971,-7.,0.));
#7823 = VECTOR('',#7824,1.);
#7824 = DIRECTION('',(0.752664182578,0.658404608326,0.));
#7825 = PLANE('',#7826);
#7826 = AXIS2_PLACEMENT_3D('',#7827,#7828,#7829);
#7827 = CARTESIAN_POINT('',(-5.458971,-7.,0.));
#7828 = DIRECTION('',(-0.658404608326,0.752664182578,0.));
#7829 = DIRECTION('',(0.752664182578,0.658404608326,0.));
#7830 = ADVANCED_FACE('',(#7831),#7856,.T.);
#7831 = FACE_BOUND('',#7832,.T.);
#7832 = EDGE_LOOP('',(#7833,#7843,#7849,#7850));
#7833 = ORIENTED_EDGE('',*,*,#7834,.T.);
#7834 = EDGE_CURVE('',#7835,#7837,#7839,.T.);
#7835 = VERTEX_POINT('',#7836);
#7836 = CARTESIAN_POINT('',(-5.458971,-9.5,0.));
#7837 = VERTEX_POINT('',#7838);
#7838 = CARTESIAN_POINT('',(-5.458971,-9.5,4.E-02));
#7839 = LINE('',#7840,#7841);
#7840 = CARTESIAN_POINT('',(-5.458971,-9.5,0.));
#7841 = VECTOR('',#7842,1.);
#7842 = DIRECTION('',(0.,0.,1.));
#7843 = ORIENTED_EDGE('',*,*,#7844,.T.);
#7844 = EDGE_CURVE('',#7837,#7806,#7845,.T.);
#7845 = LINE('',#7846,#7847);
#7846 = CARTESIAN_POINT('',(-5.458971,-9.5,4.E-02));
#7847 = VECTOR('',#7848,1.);
#7848 = DIRECTION('',(0.,1.,0.));
#7849 = ORIENTED_EDGE('',*,*,#7803,.F.);
#7850 = ORIENTED_EDGE('',*,*,#7851,.F.);
#7851 = EDGE_CURVE('',#7835,#7804,#7852,.T.);
#7852 = LINE('',#7853,#7854);
#7853 = CARTESIAN_POINT('',(-5.458971,-9.5,0.));
#7854 = VECTOR('',#7855,1.);
#7855 = DIRECTION('',(0.,1.,0.));
#7856 = PLANE('',#7857);
#7857 = AXIS2_PLACEMENT_3D('',#7858,#7859,#7860);
#7858 = CARTESIAN_POINT('',(-5.458971,-9.5,0.));
#7859 = DIRECTION('',(-1.,0.,0.));
#7860 = DIRECTION('',(0.,1.,0.));
#7861 = ADVANCED_FACE('',(#7862),#7887,.T.);
#7862 = FACE_BOUND('',#7863,.T.);
#7863 = EDGE_LOOP('',(#7864,#7874,#7880,#7881));
#7864 = ORIENTED_EDGE('',*,*,#7865,.T.);
#7865 = EDGE_CURVE('',#7866,#7868,#7870,.T.);
#7866 = VERTEX_POINT('',#7867);
#7867 = CARTESIAN_POINT('',(-5.158971,-9.5,0.));
#7868 = VERTEX_POINT('',#7869);
#7869 = CARTESIAN_POINT('',(-5.158971,-9.5,4.E-02));
#7870 = LINE('',#7871,#7872);
#7871 = CARTESIAN_POINT('',(-5.158971,-9.5,0.));
#7872 = VECTOR('',#7873,1.);
#7873 = DIRECTION('',(0.,0.,1.));
#7874 = ORIENTED_EDGE('',*,*,#7875,.T.);
#7875 = EDGE_CURVE('',#7868,#7837,#7876,.T.);
#7876 = LINE('',#7877,#7878);
#7877 = CARTESIAN_POINT('',(-5.158971,-9.5,4.E-02));
#7878 = VECTOR('',#7879,1.);
#7879 = DIRECTION('',(-1.,0.,0.));
#7880 = ORIENTED_EDGE('',*,*,#7834,.F.);
#7881 = ORIENTED_EDGE('',*,*,#7882,.F.);
#7882 = EDGE_CURVE('',#7866,#7835,#7883,.T.);
#7883 = LINE('',#7884,#7885);
#7884 = CARTESIAN_POINT('',(-5.158971,-9.5,0.));
#7885 = VECTOR('',#7886,1.);
#7886 = DIRECTION('',(-1.,0.,0.));
#7887 = PLANE('',#7888);
#7888 = AXIS2_PLACEMENT_3D('',#7889,#7890,#7891);
#7889 = CARTESIAN_POINT('',(-5.158971,-9.5,0.));
#7890 = DIRECTION('',(0.,-1.,0.));
#7891 = DIRECTION('',(-1.,0.,0.));
#7892 = ADVANCED_FACE('',(#7893),#7918,.T.);
#7893 = FACE_BOUND('',#7894,.T.);
#7894 = EDGE_LOOP('',(#7895,#7905,#7911,#7912));
#7895 = ORIENTED_EDGE('',*,*,#7896,.T.);
#7896 = EDGE_CURVE('',#7897,#7899,#7901,.T.);
#7897 = VERTEX_POINT('',#7898);
#7898 = CARTESIAN_POINT('',(-5.158971,-7.,0.));
#7899 = VERTEX_POINT('',#7900);
#7900 = CARTESIAN_POINT('',(-5.158971,-7.,4.E-02));
#7901 = LINE('',#7902,#7903);
#7902 = CARTESIAN_POINT('',(-5.158971,-7.,0.));
#7903 = VECTOR('',#7904,1.);
#7904 = DIRECTION('',(0.,0.,1.));
#7905 = ORIENTED_EDGE('',*,*,#7906,.T.);
#7906 = EDGE_CURVE('',#7899,#7868,#7907,.T.);
#7907 = LINE('',#7908,#7909);
#7908 = CARTESIAN_POINT('',(-5.158971,-7.,4.E-02));
#7909 = VECTOR('',#7910,1.);
#7910 = DIRECTION('',(0.,-1.,0.));
#7911 = ORIENTED_EDGE('',*,*,#7865,.F.);
#7912 = ORIENTED_EDGE('',*,*,#7913,.F.);
#7913 = EDGE_CURVE('',#7897,#7866,#7914,.T.);
#7914 = LINE('',#7915,#7916);
#7915 = CARTESIAN_POINT('',(-5.158971,-7.,0.));
#7916 = VECTOR('',#7917,1.);
#7917 = DIRECTION('',(0.,-1.,0.));
#7918 = PLANE('',#7919);
#7919 = AXIS2_PLACEMENT_3D('',#7920,#7921,#7922);
#7920 = CARTESIAN_POINT('',(-5.158971,-7.,0.));
#7921 = DIRECTION('',(1.,0.,0.));
#7922 = DIRECTION('',(0.,-1.,0.));
#7923 = ADVANCED_FACE('',(#7924),#7949,.F.);
#7924 = FACE_BOUND('',#7925,.F.);
#7925 = EDGE_LOOP('',(#7926,#7927,#7935,#7943));
#7926 = ORIENTED_EDGE('',*,*,#7896,.T.);
#7927 = ORIENTED_EDGE('',*,*,#7928,.T.);
#7928 = EDGE_CURVE('',#7899,#7929,#7931,.T.);
#7929 = VERTEX_POINT('',#7930);
#7930 = CARTESIAN_POINT('',(-2.4,-4.499071,4.E-02));
#7931 = LINE('',#7932,#7933);
#7932 = CARTESIAN_POINT('',(-5.158971,-7.,4.E-02));
#7933 = VECTOR('',#7934,1.);
#7934 = DIRECTION('',(0.740905230661,0.671609588362,0.));
#7935 = ORIENTED_EDGE('',*,*,#7936,.F.);
#7936 = EDGE_CURVE('',#7937,#7929,#7939,.T.);
#7937 = VERTEX_POINT('',#7938);
#7938 = CARTESIAN_POINT('',(-2.4,-4.499071,0.));
#7939 = LINE('',#7940,#7941);
#7940 = CARTESIAN_POINT('',(-2.4,-4.499071,0.));
#7941 = VECTOR('',#7942,1.);
#7942 = DIRECTION('',(0.,0.,1.));
#7943 = ORIENTED_EDGE('',*,*,#7944,.F.);
#7944 = EDGE_CURVE('',#7897,#7937,#7945,.T.);
#7945 = LINE('',#7946,#7947);
#7946 = CARTESIAN_POINT('',(-5.158971,-7.,0.));
#7947 = VECTOR('',#7948,1.);
#7948 = DIRECTION('',(0.740905230661,0.671609588362,0.));
#7949 = PLANE('',#7950);
#7950 = AXIS2_PLACEMENT_3D('',#7951,#7952,#7953);
#7951 = CARTESIAN_POINT('',(-5.158971,-7.,0.));
#7952 = DIRECTION('',(-0.671609588362,0.740905230661,0.));
#7953 = DIRECTION('',(0.740905230661,0.671609588362,0.));
#7954 = ADVANCED_FACE('',(#7955),#7980,.T.);
#7955 = FACE_BOUND('',#7956,.T.);
#7956 = EDGE_LOOP('',(#7957,#7967,#7973,#7974));
#7957 = ORIENTED_EDGE('',*,*,#7958,.T.);
#7958 = EDGE_CURVE('',#7959,#7961,#7963,.T.);
#7959 = VERTEX_POINT('',#7960);
#7960 = CARTESIAN_POINT('',(-2.4,5.400929,0.));
#7961 = VERTEX_POINT('',#7962);
#7962 = CARTESIAN_POINT('',(-2.4,5.400929,4.E-02));
#7963 = LINE('',#7964,#7965);
#7964 = CARTESIAN_POINT('',(-2.4,5.400929,0.));
#7965 = VECTOR('',#7966,1.);
#7966 = DIRECTION('',(0.,0.,1.));
#7967 = ORIENTED_EDGE('',*,*,#7968,.T.);
#7968 = EDGE_CURVE('',#7961,#7929,#7969,.T.);
#7969 = LINE('',#7970,#7971);
#7970 = CARTESIAN_POINT('',(-2.4,5.400929,4.E-02));
#7971 = VECTOR('',#7972,1.);
#7972 = DIRECTION('',(0.,-1.,0.));
#7973 = ORIENTED_EDGE('',*,*,#7936,.F.);
#7974 = ORIENTED_EDGE('',*,*,#7975,.F.);
#7975 = EDGE_CURVE('',#7959,#7937,#7976,.T.);
#7976 = LINE('',#7977,#7978);
#7977 = CARTESIAN_POINT('',(-2.4,5.400929,0.));
#7978 = VECTOR('',#7979,1.);
#7979 = DIRECTION('',(0.,-1.,0.));
#7980 = PLANE('',#7981);
#7981 = AXIS2_PLACEMENT_3D('',#7982,#7983,#7984);
#7982 = CARTESIAN_POINT('',(-2.4,5.400929,0.));
#7983 = DIRECTION('',(1.,0.,0.));
#7984 = DIRECTION('',(0.,-1.,0.));
#7985 = ADVANCED_FACE('',(#7986),#8011,.F.);
#7986 = FACE_BOUND('',#7987,.F.);
#7987 = EDGE_LOOP('',(#7988,#7989,#7997,#8005));
#7988 = ORIENTED_EDGE('',*,*,#7958,.T.);
#7989 = ORIENTED_EDGE('',*,*,#7990,.T.);
#7990 = EDGE_CURVE('',#7961,#7991,#7993,.T.);
#7991 = VERTEX_POINT('',#7992);
#7992 = CARTESIAN_POINT('',(-2.35,5.400929,4.E-02));
#7993 = LINE('',#7994,#7995);
#7994 = CARTESIAN_POINT('',(-2.4,5.400929,4.E-02));
#7995 = VECTOR('',#7996,1.);
#7996 = DIRECTION('',(1.,0.,0.));
#7997 = ORIENTED_EDGE('',*,*,#7998,.F.);
#7998 = EDGE_CURVE('',#7999,#7991,#8001,.T.);
#7999 = VERTEX_POINT('',#8000);
#8000 = CARTESIAN_POINT('',(-2.35,5.400929,0.));
#8001 = LINE('',#8002,#8003);
#8002 = CARTESIAN_POINT('',(-2.35,5.400929,0.));
#8003 = VECTOR('',#8004,1.);
#8004 = DIRECTION('',(0.,0.,1.));
#8005 = ORIENTED_EDGE('',*,*,#8006,.F.);
#8006 = EDGE_CURVE('',#7959,#7999,#8007,.T.);
#8007 = LINE('',#8008,#8009);
#8008 = CARTESIAN_POINT('',(-2.4,5.400929,0.));
#8009 = VECTOR('',#8010,1.);
#8010 = DIRECTION('',(1.,0.,0.));
#8011 = PLANE('',#8012);
#8012 = AXIS2_PLACEMENT_3D('',#8013,#8014,#8015);
#8013 = CARTESIAN_POINT('',(-2.4,5.400929,0.));
#8014 = DIRECTION('',(0.,1.,0.));
#8015 = DIRECTION('',(1.,0.,0.));
#8016 = ADVANCED_FACE('',(#8017),#8042,.T.);
#8017 = FACE_BOUND('',#8018,.T.);
#8018 = EDGE_LOOP('',(#8019,#8029,#8035,#8036));
#8019 = ORIENTED_EDGE('',*,*,#8020,.T.);
#8020 = EDGE_CURVE('',#8021,#8023,#8025,.T.);
#8021 = VERTEX_POINT('',#8022);
#8022 = CARTESIAN_POINT('',(-2.35,-4.499071,0.));
#8023 = VERTEX_POINT('',#8024);
#8024 = CARTESIAN_POINT('',(-2.35,-4.499071,4.E-02));
#8025 = LINE('',#8026,#8027);
#8026 = CARTESIAN_POINT('',(-2.35,-4.499071,0.));
#8027 = VECTOR('',#8028,1.);
#8028 = DIRECTION('',(0.,0.,1.));
#8029 = ORIENTED_EDGE('',*,*,#8030,.T.);
#8030 = EDGE_CURVE('',#8023,#7991,#8031,.T.);
#8031 = LINE('',#8032,#8033);
#8032 = CARTESIAN_POINT('',(-2.35,-4.499071,4.E-02));
#8033 = VECTOR('',#8034,1.);
#8034 = DIRECTION('',(0.,1.,0.));
#8035 = ORIENTED_EDGE('',*,*,#7998,.F.);
#8036 = ORIENTED_EDGE('',*,*,#8037,.F.);
#8037 = EDGE_CURVE('',#8021,#7999,#8038,.T.);
#8038 = LINE('',#8039,#8040);
#8039 = CARTESIAN_POINT('',(-2.35,-4.499071,0.));
#8040 = VECTOR('',#8041,1.);
#8041 = DIRECTION('',(0.,1.,0.));
#8042 = PLANE('',#8043);
#8043 = AXIS2_PLACEMENT_3D('',#8044,#8045,#8046);
#8044 = CARTESIAN_POINT('',(-2.35,-4.499071,0.));
#8045 = DIRECTION('',(-1.,0.,0.));
#8046 = DIRECTION('',(0.,1.,0.));
#8047 = ADVANCED_FACE('',(#8048),#8073,.T.);
#8048 = FACE_BOUND('',#8049,.T.);
#8049 = EDGE_LOOP('',(#8050,#8060,#8066,#8067));
#8050 = ORIENTED_EDGE('',*,*,#8051,.T.);
#8051 = EDGE_CURVE('',#8052,#8054,#8056,.T.);
#8052 = VERTEX_POINT('',#8053);
#8053 = CARTESIAN_POINT('',(-4.958971,-7.,0.));
#8054 = VERTEX_POINT('',#8055);
#8055 = CARTESIAN_POINT('',(-4.958971,-7.,4.E-02));
#8056 = LINE('',#8057,#8058);
#8057 = CARTESIAN_POINT('',(-4.958971,-7.,0.));
#8058 = VECTOR('',#8059,1.);
#8059 = DIRECTION('',(0.,0.,1.));
#8060 = ORIENTED_EDGE('',*,*,#8061,.T.);
#8061 = EDGE_CURVE('',#8054,#8023,#8062,.T.);
#8062 = LINE('',#8063,#8064);
#8063 = CARTESIAN_POINT('',(-4.958971,-7.,4.E-02));
#8064 = VECTOR('',#8065,1.);
#8065 = DIRECTION('',(0.72189626274,0.692001290347,0.));
#8066 = ORIENTED_EDGE('',*,*,#8020,.F.);
#8067 = ORIENTED_EDGE('',*,*,#8068,.F.);
#8068 = EDGE_CURVE('',#8052,#8021,#8069,.T.);
#8069 = LINE('',#8070,#8071);
#8070 = CARTESIAN_POINT('',(-4.958971,-7.,0.));
#8071 = VECTOR('',#8072,1.);
#8072 = DIRECTION('',(0.72189626274,0.692001290347,0.));
#8073 = PLANE('',#8074);
#8074 = AXIS2_PLACEMENT_3D('',#8075,#8076,#8077);
#8075 = CARTESIAN_POINT('',(-4.958971,-7.,0.));
#8076 = DIRECTION('',(-0.692001290347,0.72189626274,0.));
#8077 = DIRECTION('',(0.72189626274,0.692001290347,0.));
#8078 = ADVANCED_FACE('',(#8079),#8104,.T.);
#8079 = FACE_BOUND('',#8080,.T.);
#8080 = EDGE_LOOP('',(#8081,#8091,#8097,#8098));
#8081 = ORIENTED_EDGE('',*,*,#8082,.T.);
#8082 = EDGE_CURVE('',#8083,#8085,#8087,.T.);
#8083 = VERTEX_POINT('',#8084);
#8084 = CARTESIAN_POINT('',(-4.958971,-9.5,0.));
#8085 = VERTEX_POINT('',#8086);
#8086 = CARTESIAN_POINT('',(-4.958971,-9.5,4.E-02));
#8087 = LINE('',#8088,#8089);
#8088 = CARTESIAN_POINT('',(-4.958971,-9.5,0.));
#8089 = VECTOR('',#8090,1.);
#8090 = DIRECTION('',(0.,0.,1.));
#8091 = ORIENTED_EDGE('',*,*,#8092,.T.);
#8092 = EDGE_CURVE('',#8085,#8054,#8093,.T.);
#8093 = LINE('',#8094,#8095);
#8094 = CARTESIAN_POINT('',(-4.958971,-9.5,4.E-02));
#8095 = VECTOR('',#8096,1.);
#8096 = DIRECTION('',(0.,1.,0.));
#8097 = ORIENTED_EDGE('',*,*,#8051,.F.);
#8098 = ORIENTED_EDGE('',*,*,#8099,.F.);
#8099 = EDGE_CURVE('',#8083,#8052,#8100,.T.);
#8100 = LINE('',#8101,#8102);
#8101 = CARTESIAN_POINT('',(-4.958971,-9.5,0.));
#8102 = VECTOR('',#8103,1.);
#8103 = DIRECTION('',(0.,1.,0.));
#8104 = PLANE('',#8105);
#8105 = AXIS2_PLACEMENT_3D('',#8106,#8107,#8108);
#8106 = CARTESIAN_POINT('',(-4.958971,-9.5,0.));
#8107 = DIRECTION('',(-1.,0.,0.));
#8108 = DIRECTION('',(0.,1.,0.));
#8109 = ADVANCED_FACE('',(#8110),#8135,.T.);
#8110 = FACE_BOUND('',#8111,.T.);
#8111 = EDGE_LOOP('',(#8112,#8122,#8128,#8129));
#8112 = ORIENTED_EDGE('',*,*,#8113,.T.);
#8113 = EDGE_CURVE('',#8114,#8116,#8118,.T.);
#8114 = VERTEX_POINT('',#8115);
#8115 = CARTESIAN_POINT('',(-4.658971,-9.5,0.));
#8116 = VERTEX_POINT('',#8117);
#8117 = CARTESIAN_POINT('',(-4.658971,-9.5,4.E-02));
#8118 = LINE('',#8119,#8120);
#8119 = CARTESIAN_POINT('',(-4.658971,-9.5,0.));
#8120 = VECTOR('',#8121,1.);
#8121 = DIRECTION('',(0.,0.,1.));
#8122 = ORIENTED_EDGE('',*,*,#8123,.T.);
#8123 = EDGE_CURVE('',#8116,#8085,#8124,.T.);
#8124 = LINE('',#8125,#8126);
#8125 = CARTESIAN_POINT('',(-4.658971,-9.5,4.E-02));
#8126 = VECTOR('',#8127,1.);
#8127 = DIRECTION('',(-1.,0.,0.));
#8128 = ORIENTED_EDGE('',*,*,#8082,.F.);
#8129 = ORIENTED_EDGE('',*,*,#8130,.F.);
#8130 = EDGE_CURVE('',#8114,#8083,#8131,.T.);
#8131 = LINE('',#8132,#8133);
#8132 = CARTESIAN_POINT('',(-4.658971,-9.5,0.));
#8133 = VECTOR('',#8134,1.);
#8134 = DIRECTION('',(-1.,0.,0.));
#8135 = PLANE('',#8136);
#8136 = AXIS2_PLACEMENT_3D('',#8137,#8138,#8139);
#8137 = CARTESIAN_POINT('',(-4.658971,-9.5,0.));
#8138 = DIRECTION('',(0.,-1.,0.));
#8139 = DIRECTION('',(-1.,0.,0.));
#8140 = ADVANCED_FACE('',(#8141),#8166,.T.);
#8141 = FACE_BOUND('',#8142,.T.);
#8142 = EDGE_LOOP('',(#8143,#8153,#8159,#8160));
#8143 = ORIENTED_EDGE('',*,*,#8144,.T.);
#8144 = EDGE_CURVE('',#8145,#8147,#8149,.T.);
#8145 = VERTEX_POINT('',#8146);
#8146 = CARTESIAN_POINT('',(-4.658971,-7.,0.));
#8147 = VERTEX_POINT('',#8148);
#8148 = CARTESIAN_POINT('',(-4.658971,-7.,4.E-02));
#8149 = LINE('',#8150,#8151);
#8150 = CARTESIAN_POINT('',(-4.658971,-7.,0.));
#8151 = VECTOR('',#8152,1.);
#8152 = DIRECTION('',(0.,0.,1.));
#8153 = ORIENTED_EDGE('',*,*,#8154,.T.);
#8154 = EDGE_CURVE('',#8147,#8116,#8155,.T.);
#8155 = LINE('',#8156,#8157);
#8156 = CARTESIAN_POINT('',(-4.658971,-7.,4.E-02));
#8157 = VECTOR('',#8158,1.);
#8158 = DIRECTION('',(0.,-1.,0.));
#8159 = ORIENTED_EDGE('',*,*,#8113,.F.);
#8160 = ORIENTED_EDGE('',*,*,#8161,.F.);
#8161 = EDGE_CURVE('',#8145,#8114,#8162,.T.);
#8162 = LINE('',#8163,#8164);
#8163 = CARTESIAN_POINT('',(-4.658971,-7.,0.));
#8164 = VECTOR('',#8165,1.);
#8165 = DIRECTION('',(0.,-1.,0.));
#8166 = PLANE('',#8167);
#8167 = AXIS2_PLACEMENT_3D('',#8168,#8169,#8170);
#8168 = CARTESIAN_POINT('',(-4.658971,-7.,0.));
#8169 = DIRECTION('',(1.,0.,0.));
#8170 = DIRECTION('',(0.,-1.,0.));
#8171 = ADVANCED_FACE('',(#8172),#8197,.F.);
#8172 = FACE_BOUND('',#8173,.F.);
#8173 = EDGE_LOOP('',(#8174,#8175,#8183,#8191));
#8174 = ORIENTED_EDGE('',*,*,#8144,.T.);
#8175 = ORIENTED_EDGE('',*,*,#8176,.T.);
#8176 = EDGE_CURVE('',#8147,#8177,#8179,.T.);
#8177 = VERTEX_POINT('',#8178);
#8178 = CARTESIAN_POINT('',(-4.458971,-7.,4.E-02));
#8179 = LINE('',#8180,#8181);
#8180 = CARTESIAN_POINT('',(-4.658971,-7.,4.E-02));
#8181 = VECTOR('',#8182,1.);
#8182 = DIRECTION('',(1.,0.,0.));
#8183 = ORIENTED_EDGE('',*,*,#8184,.F.);
#8184 = EDGE_CURVE('',#8185,#8177,#8187,.T.);
#8185 = VERTEX_POINT('',#8186);
#8186 = CARTESIAN_POINT('',(-4.458971,-7.,0.));
#8187 = LINE('',#8188,#8189);
#8188 = CARTESIAN_POINT('',(-4.458971,-7.,0.));
#8189 = VECTOR('',#8190,1.);
#8190 = DIRECTION('',(0.,0.,1.));
#8191 = ORIENTED_EDGE('',*,*,#8192,.F.);
#8192 = EDGE_CURVE('',#8145,#8185,#8193,.T.);
#8193 = LINE('',#8194,#8195);
#8194 = CARTESIAN_POINT('',(-4.658971,-7.,0.));
#8195 = VECTOR('',#8196,1.);
#8196 = DIRECTION('',(1.,0.,0.));
#8197 = PLANE('',#8198);
#8198 = AXIS2_PLACEMENT_3D('',#8199,#8200,#8201);
#8199 = CARTESIAN_POINT('',(-4.658971,-7.,0.));
#8200 = DIRECTION('',(0.,1.,0.));
#8201 = DIRECTION('',(1.,0.,0.));
#8202 = ADVANCED_FACE('',(#8203),#8228,.T.);
#8203 = FACE_BOUND('',#8204,.T.);
#8204 = EDGE_LOOP('',(#8205,#8215,#8221,#8222));
#8205 = ORIENTED_EDGE('',*,*,#8206,.T.);
#8206 = EDGE_CURVE('',#8207,#8209,#8211,.T.);
#8207 = VERTEX_POINT('',#8208);
#8208 = CARTESIAN_POINT('',(-4.458971,-9.5,0.));
#8209 = VERTEX_POINT('',#8210);
#8210 = CARTESIAN_POINT('',(-4.458971,-9.5,4.E-02));
#8211 = LINE('',#8212,#8213);
#8212 = CARTESIAN_POINT('',(-4.458971,-9.5,0.));
#8213 = VECTOR('',#8214,1.);
#8214 = DIRECTION('',(0.,0.,1.));
#8215 = ORIENTED_EDGE('',*,*,#8216,.T.);
#8216 = EDGE_CURVE('',#8209,#8177,#8217,.T.);
#8217 = LINE('',#8218,#8219);
#8218 = CARTESIAN_POINT('',(-4.458971,-9.5,4.E-02));
#8219 = VECTOR('',#8220,1.);
#8220 = DIRECTION('',(0.,1.,0.));
#8221 = ORIENTED_EDGE('',*,*,#8184,.F.);
#8222 = ORIENTED_EDGE('',*,*,#8223,.F.);
#8223 = EDGE_CURVE('',#8207,#8185,#8224,.T.);
#8224 = LINE('',#8225,#8226);
#8225 = CARTESIAN_POINT('',(-4.458971,-9.5,0.));
#8226 = VECTOR('',#8227,1.);
#8227 = DIRECTION('',(0.,1.,0.));
#8228 = PLANE('',#8229);
#8229 = AXIS2_PLACEMENT_3D('',#8230,#8231,#8232);
#8230 = CARTESIAN_POINT('',(-4.458971,-9.5,0.));
#8231 = DIRECTION('',(-1.,0.,0.));
#8232 = DIRECTION('',(0.,1.,0.));
#8233 = ADVANCED_FACE('',(#8234),#8259,.T.);
#8234 = FACE_BOUND('',#8235,.T.);
#8235 = EDGE_LOOP('',(#8236,#8246,#8252,#8253));
#8236 = ORIENTED_EDGE('',*,*,#8237,.T.);
#8237 = EDGE_CURVE('',#8238,#8240,#8242,.T.);
#8238 = VERTEX_POINT('',#8239);
#8239 = CARTESIAN_POINT('',(-4.158971,-9.5,0.));
#8240 = VERTEX_POINT('',#8241);
#8241 = CARTESIAN_POINT('',(-4.158971,-9.5,4.E-02));
#8242 = LINE('',#8243,#8244);
#8243 = CARTESIAN_POINT('',(-4.158971,-9.5,0.));
#8244 = VECTOR('',#8245,1.);
#8245 = DIRECTION('',(0.,0.,1.));
#8246 = ORIENTED_EDGE('',*,*,#8247,.T.);
#8247 = EDGE_CURVE('',#8240,#8209,#8248,.T.);
#8248 = LINE('',#8249,#8250);
#8249 = CARTESIAN_POINT('',(-4.158971,-9.5,4.E-02));
#8250 = VECTOR('',#8251,1.);
#8251 = DIRECTION('',(-1.,0.,0.));
#8252 = ORIENTED_EDGE('',*,*,#8206,.F.);
#8253 = ORIENTED_EDGE('',*,*,#8254,.F.);
#8254 = EDGE_CURVE('',#8238,#8207,#8255,.T.);
#8255 = LINE('',#8256,#8257);
#8256 = CARTESIAN_POINT('',(-4.158971,-9.5,0.));
#8257 = VECTOR('',#8258,1.);
#8258 = DIRECTION('',(-1.,0.,0.));
#8259 = PLANE('',#8260);
#8260 = AXIS2_PLACEMENT_3D('',#8261,#8262,#8263);
#8261 = CARTESIAN_POINT('',(-4.158971,-9.5,0.));
#8262 = DIRECTION('',(0.,-1.,0.));
#8263 = DIRECTION('',(-1.,0.,0.));
#8264 = ADVANCED_FACE('',(#8265),#8290,.T.);
#8265 = FACE_BOUND('',#8266,.T.);
#8266 = EDGE_LOOP('',(#8267,#8277,#8283,#8284));
#8267 = ORIENTED_EDGE('',*,*,#8268,.T.);
#8268 = EDGE_CURVE('',#8269,#8271,#8273,.T.);
#8269 = VERTEX_POINT('',#8270);
#8270 = CARTESIAN_POINT('',(-4.158971,-7.,0.));
#8271 = VERTEX_POINT('',#8272);
#8272 = CARTESIAN_POINT('',(-4.158971,-7.,4.E-02));
#8273 = LINE('',#8274,#8275);
#8274 = CARTESIAN_POINT('',(-4.158971,-7.,0.));
#8275 = VECTOR('',#8276,1.);
#8276 = DIRECTION('',(0.,0.,1.));
#8277 = ORIENTED_EDGE('',*,*,#8278,.T.);
#8278 = EDGE_CURVE('',#8271,#8240,#8279,.T.);
#8279 = LINE('',#8280,#8281);
#8280 = CARTESIAN_POINT('',(-4.158971,-7.,4.E-02));
#8281 = VECTOR('',#8282,1.);
#8282 = DIRECTION('',(0.,-1.,0.));
#8283 = ORIENTED_EDGE('',*,*,#8237,.F.);
#8284 = ORIENTED_EDGE('',*,*,#8285,.F.);
#8285 = EDGE_CURVE('',#8269,#8238,#8286,.T.);
#8286 = LINE('',#8287,#8288);
#8287 = CARTESIAN_POINT('',(-4.158971,-7.,0.));
#8288 = VECTOR('',#8289,1.);
#8289 = DIRECTION('',(0.,-1.,0.));
#8290 = PLANE('',#8291);
#8291 = AXIS2_PLACEMENT_3D('',#8292,#8293,#8294);
#8292 = CARTESIAN_POINT('',(-4.158971,-7.,0.));
#8293 = DIRECTION('',(1.,0.,0.));
#8294 = DIRECTION('',(0.,-1.,0.));
#8295 = ADVANCED_FACE('',(#8296),#8321,.F.);
#8296 = FACE_BOUND('',#8297,.F.);
#8297 = EDGE_LOOP('',(#8298,#8299,#8307,#8315));
#8298 = ORIENTED_EDGE('',*,*,#8268,.T.);
#8299 = ORIENTED_EDGE('',*,*,#8300,.T.);
#8300 = EDGE_CURVE('',#8271,#8301,#8303,.T.);
#8301 = VERTEX_POINT('',#8302);
#8302 = CARTESIAN_POINT('',(-3.958971,-7.,4.E-02));
#8303 = LINE('',#8304,#8305);
#8304 = CARTESIAN_POINT('',(-4.158971,-7.,4.E-02));
#8305 = VECTOR('',#8306,1.);
#8306 = DIRECTION('',(1.,0.,0.));
#8307 = ORIENTED_EDGE('',*,*,#8308,.F.);
#8308 = EDGE_CURVE('',#8309,#8301,#8311,.T.);
#8309 = VERTEX_POINT('',#8310);
#8310 = CARTESIAN_POINT('',(-3.958971,-7.,0.));
#8311 = LINE('',#8312,#8313);
#8312 = CARTESIAN_POINT('',(-3.958971,-7.,0.));
#8313 = VECTOR('',#8314,1.);
#8314 = DIRECTION('',(0.,0.,1.));
#8315 = ORIENTED_EDGE('',*,*,#8316,.F.);
#8316 = EDGE_CURVE('',#8269,#8309,#8317,.T.);
#8317 = LINE('',#8318,#8319);
#8318 = CARTESIAN_POINT('',(-4.158971,-7.,0.));
#8319 = VECTOR('',#8320,1.);
#8320 = DIRECTION('',(1.,0.,0.));
#8321 = PLANE('',#8322);
#8322 = AXIS2_PLACEMENT_3D('',#8323,#8324,#8325);
#8323 = CARTESIAN_POINT('',(-4.158971,-7.,0.));
#8324 = DIRECTION('',(0.,1.,0.));
#8325 = DIRECTION('',(1.,0.,0.));
#8326 = ADVANCED_FACE('',(#8327),#8352,.T.);
#8327 = FACE_BOUND('',#8328,.T.);
#8328 = EDGE_LOOP('',(#8329,#8339,#8345,#8346));
#8329 = ORIENTED_EDGE('',*,*,#8330,.T.);
#8330 = EDGE_CURVE('',#8331,#8333,#8335,.T.);
#8331 = VERTEX_POINT('',#8332);
#8332 = CARTESIAN_POINT('',(-3.958971,-9.5,0.));
#8333 = VERTEX_POINT('',#8334);
#8334 = CARTESIAN_POINT('',(-3.958971,-9.5,4.E-02));
#8335 = LINE('',#8336,#8337);
#8336 = CARTESIAN_POINT('',(-3.958971,-9.5,0.));
#8337 = VECTOR('',#8338,1.);
#8338 = DIRECTION('',(0.,0.,1.));
#8339 = ORIENTED_EDGE('',*,*,#8340,.T.);
#8340 = EDGE_CURVE('',#8333,#8301,#8341,.T.);
#8341 = LINE('',#8342,#8343);
#8342 = CARTESIAN_POINT('',(-3.958971,-9.5,4.E-02));
#8343 = VECTOR('',#8344,1.);
#8344 = DIRECTION('',(0.,1.,0.));
#8345 = ORIENTED_EDGE('',*,*,#8308,.F.);
#8346 = ORIENTED_EDGE('',*,*,#8347,.F.);
#8347 = EDGE_CURVE('',#8331,#8309,#8348,.T.);
#8348 = LINE('',#8349,#8350);
#8349 = CARTESIAN_POINT('',(-3.958971,-9.5,0.));
#8350 = VECTOR('',#8351,1.);
#8351 = DIRECTION('',(0.,1.,0.));
#8352 = PLANE('',#8353);
#8353 = AXIS2_PLACEMENT_3D('',#8354,#8355,#8356);
#8354 = CARTESIAN_POINT('',(-3.958971,-9.5,0.));
#8355 = DIRECTION('',(-1.,0.,0.));
#8356 = DIRECTION('',(0.,1.,0.));
#8357 = ADVANCED_FACE('',(#8358),#8383,.T.);
#8358 = FACE_BOUND('',#8359,.T.);
#8359 = EDGE_LOOP('',(#8360,#8370,#8376,#8377));
#8360 = ORIENTED_EDGE('',*,*,#8361,.T.);
#8361 = EDGE_CURVE('',#8362,#8364,#8366,.T.);
#8362 = VERTEX_POINT('',#8363);
#8363 = CARTESIAN_POINT('',(-3.658971,-9.5,0.));
#8364 = VERTEX_POINT('',#8365);
#8365 = CARTESIAN_POINT('',(-3.658971,-9.5,4.E-02));
#8366 = LINE('',#8367,#8368);
#8367 = CARTESIAN_POINT('',(-3.658971,-9.5,0.));
#8368 = VECTOR('',#8369,1.);
#8369 = DIRECTION('',(0.,0.,1.));
#8370 = ORIENTED_EDGE('',*,*,#8371,.T.);
#8371 = EDGE_CURVE('',#8364,#8333,#8372,.T.);
#8372 = LINE('',#8373,#8374);
#8373 = CARTESIAN_POINT('',(-3.658971,-9.5,4.E-02));
#8374 = VECTOR('',#8375,1.);
#8375 = DIRECTION('',(-1.,0.,0.));
#8376 = ORIENTED_EDGE('',*,*,#8330,.F.);
#8377 = ORIENTED_EDGE('',*,*,#8378,.F.);
#8378 = EDGE_CURVE('',#8362,#8331,#8379,.T.);
#8379 = LINE('',#8380,#8381);
#8380 = CARTESIAN_POINT('',(-3.658971,-9.5,0.));
#8381 = VECTOR('',#8382,1.);
#8382 = DIRECTION('',(-1.,0.,0.));
#8383 = PLANE('',#8384);
#8384 = AXIS2_PLACEMENT_3D('',#8385,#8386,#8387);
#8385 = CARTESIAN_POINT('',(-3.658971,-9.5,0.));
#8386 = DIRECTION('',(0.,-1.,0.));
#8387 = DIRECTION('',(-1.,0.,0.));
#8388 = ADVANCED_FACE('',(#8389),#8414,.T.);
#8389 = FACE_BOUND('',#8390,.T.);
#8390 = EDGE_LOOP('',(#8391,#8401,#8407,#8408));
#8391 = ORIENTED_EDGE('',*,*,#8392,.T.);
#8392 = EDGE_CURVE('',#8393,#8395,#8397,.T.);
#8393 = VERTEX_POINT('',#8394);
#8394 = CARTESIAN_POINT('',(-3.658971,-7.,0.));
#8395 = VERTEX_POINT('',#8396);
#8396 = CARTESIAN_POINT('',(-3.658971,-7.,4.E-02));
#8397 = LINE('',#8398,#8399);
#8398 = CARTESIAN_POINT('',(-3.658971,-7.,0.));
#8399 = VECTOR('',#8400,1.);
#8400 = DIRECTION('',(0.,0.,1.));
#8401 = ORIENTED_EDGE('',*,*,#8402,.T.);
#8402 = EDGE_CURVE('',#8395,#8364,#8403,.T.);
#8403 = LINE('',#8404,#8405);
#8404 = CARTESIAN_POINT('',(-3.658971,-7.,4.E-02));
#8405 = VECTOR('',#8406,1.);
#8406 = DIRECTION('',(0.,-1.,0.));
#8407 = ORIENTED_EDGE('',*,*,#8361,.F.);
#8408 = ORIENTED_EDGE('',*,*,#8409,.F.);
#8409 = EDGE_CURVE('',#8393,#8362,#8410,.T.);
#8410 = LINE('',#8411,#8412);
#8411 = CARTESIAN_POINT('',(-3.658971,-7.,0.));
#8412 = VECTOR('',#8413,1.);
#8413 = DIRECTION('',(0.,-1.,0.));
#8414 = PLANE('',#8415);
#8415 = AXIS2_PLACEMENT_3D('',#8416,#8417,#8418);
#8416 = CARTESIAN_POINT('',(-3.658971,-7.,0.));
#8417 = DIRECTION('',(1.,0.,0.));
#8418 = DIRECTION('',(0.,-1.,0.));
#8419 = ADVANCED_FACE('',(#8420),#8445,.F.);
#8420 = FACE_BOUND('',#8421,.F.);
#8421 = EDGE_LOOP('',(#8422,#8423,#8431,#8439));
#8422 = ORIENTED_EDGE('',*,*,#8392,.T.);
#8423 = ORIENTED_EDGE('',*,*,#8424,.T.);
#8424 = EDGE_CURVE('',#8395,#8425,#8427,.T.);
#8425 = VERTEX_POINT('',#8426);
#8426 = CARTESIAN_POINT('',(-3.458971,-7.,4.E-02));
#8427 = LINE('',#8428,#8429);
#8428 = CARTESIAN_POINT('',(-3.658971,-7.,4.E-02));
#8429 = VECTOR('',#8430,1.);
#8430 = DIRECTION('',(1.,0.,0.));
#8431 = ORIENTED_EDGE('',*,*,#8432,.F.);
#8432 = EDGE_CURVE('',#8433,#8425,#8435,.T.);
#8433 = VERTEX_POINT('',#8434);
#8434 = CARTESIAN_POINT('',(-3.458971,-7.,0.));
#8435 = LINE('',#8436,#8437);
#8436 = CARTESIAN_POINT('',(-3.458971,-7.,0.));
#8437 = VECTOR('',#8438,1.);
#8438 = DIRECTION('',(0.,0.,1.));
#8439 = ORIENTED_EDGE('',*,*,#8440,.F.);
#8440 = EDGE_CURVE('',#8393,#8433,#8441,.T.);
#8441 = LINE('',#8442,#8443);
#8442 = CARTESIAN_POINT('',(-3.658971,-7.,0.));
#8443 = VECTOR('',#8444,1.);
#8444 = DIRECTION('',(1.,0.,0.));
#8445 = PLANE('',#8446);
#8446 = AXIS2_PLACEMENT_3D('',#8447,#8448,#8449);
#8447 = CARTESIAN_POINT('',(-3.658971,-7.,0.));
#8448 = DIRECTION('',(0.,1.,0.));
#8449 = DIRECTION('',(1.,0.,0.));
#8450 = ADVANCED_FACE('',(#8451),#8476,.T.);
#8451 = FACE_BOUND('',#8452,.T.);
#8452 = EDGE_LOOP('',(#8453,#8463,#8469,#8470));
#8453 = ORIENTED_EDGE('',*,*,#8454,.T.);
#8454 = EDGE_CURVE('',#8455,#8457,#8459,.T.);
#8455 = VERTEX_POINT('',#8456);
#8456 = CARTESIAN_POINT('',(-3.458971,-9.5,0.));
#8457 = VERTEX_POINT('',#8458);
#8458 = CARTESIAN_POINT('',(-3.458971,-9.5,4.E-02));
#8459 = LINE('',#8460,#8461);
#8460 = CARTESIAN_POINT('',(-3.458971,-9.5,0.));
#8461 = VECTOR('',#8462,1.);
#8462 = DIRECTION('',(0.,0.,1.));
#8463 = ORIENTED_EDGE('',*,*,#8464,.T.);
#8464 = EDGE_CURVE('',#8457,#8425,#8465,.T.);
#8465 = LINE('',#8466,#8467);
#8466 = CARTESIAN_POINT('',(-3.458971,-9.5,4.E-02));
#8467 = VECTOR('',#8468,1.);
#8468 = DIRECTION('',(0.,1.,0.));
#8469 = ORIENTED_EDGE('',*,*,#8432,.F.);
#8470 = ORIENTED_EDGE('',*,*,#8471,.F.);
#8471 = EDGE_CURVE('',#8455,#8433,#8472,.T.);
#8472 = LINE('',#8473,#8474);
#8473 = CARTESIAN_POINT('',(-3.458971,-9.5,0.));
#8474 = VECTOR('',#8475,1.);
#8475 = DIRECTION('',(0.,1.,0.));
#8476 = PLANE('',#8477);
#8477 = AXIS2_PLACEMENT_3D('',#8478,#8479,#8480);
#8478 = CARTESIAN_POINT('',(-3.458971,-9.5,0.));
#8479 = DIRECTION('',(-1.,0.,0.));
#8480 = DIRECTION('',(0.,1.,0.));
#8481 = ADVANCED_FACE('',(#8482),#8507,.T.);
#8482 = FACE_BOUND('',#8483,.T.);
#8483 = EDGE_LOOP('',(#8484,#8494,#8500,#8501));
#8484 = ORIENTED_EDGE('',*,*,#8485,.T.);
#8485 = EDGE_CURVE('',#8486,#8488,#8490,.T.);
#8486 = VERTEX_POINT('',#8487);
#8487 = CARTESIAN_POINT('',(-3.158971,-9.5,0.));
#8488 = VERTEX_POINT('',#8489);
#8489 = CARTESIAN_POINT('',(-3.158971,-9.5,4.E-02));
#8490 = LINE('',#8491,#8492);
#8491 = CARTESIAN_POINT('',(-3.158971,-9.5,0.));
#8492 = VECTOR('',#8493,1.);
#8493 = DIRECTION('',(0.,0.,1.));
#8494 = ORIENTED_EDGE('',*,*,#8495,.T.);
#8495 = EDGE_CURVE('',#8488,#8457,#8496,.T.);
#8496 = LINE('',#8497,#8498);
#8497 = CARTESIAN_POINT('',(-3.158971,-9.5,4.E-02));
#8498 = VECTOR('',#8499,1.);
#8499 = DIRECTION('',(-1.,0.,0.));
#8500 = ORIENTED_EDGE('',*,*,#8454,.F.);
#8501 = ORIENTED_EDGE('',*,*,#8502,.F.);
#8502 = EDGE_CURVE('',#8486,#8455,#8503,.T.);
#8503 = LINE('',#8504,#8505);
#8504 = CARTESIAN_POINT('',(-3.158971,-9.5,0.));
#8505 = VECTOR('',#8506,1.);
#8506 = DIRECTION('',(-1.,0.,0.));
#8507 = PLANE('',#8508);
#8508 = AXIS2_PLACEMENT_3D('',#8509,#8510,#8511);
#8509 = CARTESIAN_POINT('',(-3.158971,-9.5,0.));
#8510 = DIRECTION('',(0.,-1.,0.));
#8511 = DIRECTION('',(-1.,0.,0.));
#8512 = ADVANCED_FACE('',(#8513),#8538,.T.);
#8513 = FACE_BOUND('',#8514,.T.);
#8514 = EDGE_LOOP('',(#8515,#8525,#8531,#8532));
#8515 = ORIENTED_EDGE('',*,*,#8516,.T.);
#8516 = EDGE_CURVE('',#8517,#8519,#8521,.T.);
#8517 = VERTEX_POINT('',#8518);
#8518 = CARTESIAN_POINT('',(-3.158971,-7.,0.));
#8519 = VERTEX_POINT('',#8520);
#8520 = CARTESIAN_POINT('',(-3.158971,-7.,4.E-02));
#8521 = LINE('',#8522,#8523);
#8522 = CARTESIAN_POINT('',(-3.158971,-7.,0.));
#8523 = VECTOR('',#8524,1.);
#8524 = DIRECTION('',(0.,0.,1.));
#8525 = ORIENTED_EDGE('',*,*,#8526,.T.);
#8526 = EDGE_CURVE('',#8519,#8488,#8527,.T.);
#8527 = LINE('',#8528,#8529);
#8528 = CARTESIAN_POINT('',(-3.158971,-7.,4.E-02));
#8529 = VECTOR('',#8530,1.);
#8530 = DIRECTION('',(0.,-1.,0.));
#8531 = ORIENTED_EDGE('',*,*,#8485,.F.);
#8532 = ORIENTED_EDGE('',*,*,#8533,.F.);
#8533 = EDGE_CURVE('',#8517,#8486,#8534,.T.);
#8534 = LINE('',#8535,#8536);
#8535 = CARTESIAN_POINT('',(-3.158971,-7.,0.));
#8536 = VECTOR('',#8537,1.);
#8537 = DIRECTION('',(0.,-1.,0.));
#8538 = PLANE('',#8539);
#8539 = AXIS2_PLACEMENT_3D('',#8540,#8541,#8542);
#8540 = CARTESIAN_POINT('',(-3.158971,-7.,0.));
#8541 = DIRECTION('',(1.,0.,0.));
#8542 = DIRECTION('',(0.,-1.,0.));
#8543 = ADVANCED_FACE('',(#8544),#8569,.F.);
#8544 = FACE_BOUND('',#8545,.F.);
#8545 = EDGE_LOOP('',(#8546,#8547,#8555,#8563));
#8546 = ORIENTED_EDGE('',*,*,#8516,.T.);
#8547 = ORIENTED_EDGE('',*,*,#8548,.T.);
#8548 = EDGE_CURVE('',#8519,#8549,#8551,.T.);
#8549 = VERTEX_POINT('',#8550);
#8550 = CARTESIAN_POINT('',(-2.958971,-7.,4.E-02));
#8551 = LINE('',#8552,#8553);
#8552 = CARTESIAN_POINT('',(-3.158971,-7.,4.E-02));
#8553 = VECTOR('',#8554,1.);
#8554 = DIRECTION('',(1.,0.,0.));
#8555 = ORIENTED_EDGE('',*,*,#8556,.F.);
#8556 = EDGE_CURVE('',#8557,#8549,#8559,.T.);
#8557 = VERTEX_POINT('',#8558);
#8558 = CARTESIAN_POINT('',(-2.958971,-7.,0.));
#8559 = LINE('',#8560,#8561);
#8560 = CARTESIAN_POINT('',(-2.958971,-7.,0.));
#8561 = VECTOR('',#8562,1.);
#8562 = DIRECTION('',(0.,0.,1.));
#8563 = ORIENTED_EDGE('',*,*,#8564,.F.);
#8564 = EDGE_CURVE('',#8517,#8557,#8565,.T.);
#8565 = LINE('',#8566,#8567);
#8566 = CARTESIAN_POINT('',(-3.158971,-7.,0.));
#8567 = VECTOR('',#8568,1.);
#8568 = DIRECTION('',(1.,0.,0.));
#8569 = PLANE('',#8570);
#8570 = AXIS2_PLACEMENT_3D('',#8571,#8572,#8573);
#8571 = CARTESIAN_POINT('',(-3.158971,-7.,0.));
#8572 = DIRECTION('',(0.,1.,0.));
#8573 = DIRECTION('',(1.,0.,0.));
#8574 = ADVANCED_FACE('',(#8575),#8600,.T.);
#8575 = FACE_BOUND('',#8576,.T.);
#8576 = EDGE_LOOP('',(#8577,#8587,#8593,#8594));
#8577 = ORIENTED_EDGE('',*,*,#8578,.T.);
#8578 = EDGE_CURVE('',#8579,#8581,#8583,.T.);
#8579 = VERTEX_POINT('',#8580);
#8580 = CARTESIAN_POINT('',(-2.958971,-9.5,0.));
#8581 = VERTEX_POINT('',#8582);
#8582 = CARTESIAN_POINT('',(-2.958971,-9.5,4.E-02));
#8583 = LINE('',#8584,#8585);
#8584 = CARTESIAN_POINT('',(-2.958971,-9.5,0.));
#8585 = VECTOR('',#8586,1.);
#8586 = DIRECTION('',(0.,0.,1.));
#8587 = ORIENTED_EDGE('',*,*,#8588,.T.);
#8588 = EDGE_CURVE('',#8581,#8549,#8589,.T.);
#8589 = LINE('',#8590,#8591);
#8590 = CARTESIAN_POINT('',(-2.958971,-9.5,4.E-02));
#8591 = VECTOR('',#8592,1.);
#8592 = DIRECTION('',(0.,1.,0.));
#8593 = ORIENTED_EDGE('',*,*,#8556,.F.);
#8594 = ORIENTED_EDGE('',*,*,#8595,.F.);
#8595 = EDGE_CURVE('',#8579,#8557,#8596,.T.);
#8596 = LINE('',#8597,#8598);
#8597 = CARTESIAN_POINT('',(-2.958971,-9.5,0.));
#8598 = VECTOR('',#8599,1.);
#8599 = DIRECTION('',(0.,1.,0.));
#8600 = PLANE('',#8601);
#8601 = AXIS2_PLACEMENT_3D('',#8602,#8603,#8604);
#8602 = CARTESIAN_POINT('',(-2.958971,-9.5,0.));
#8603 = DIRECTION('',(-1.,0.,0.));
#8604 = DIRECTION('',(0.,1.,0.));
#8605 = ADVANCED_FACE('',(#8606),#8631,.T.);
#8606 = FACE_BOUND('',#8607,.T.);
#8607 = EDGE_LOOP('',(#8608,#8618,#8624,#8625));
#8608 = ORIENTED_EDGE('',*,*,#8609,.T.);
#8609 = EDGE_CURVE('',#8610,#8612,#8614,.T.);
#8610 = VERTEX_POINT('',#8611);
#8611 = CARTESIAN_POINT('',(-2.658971,-9.5,0.));
#8612 = VERTEX_POINT('',#8613);
#8613 = CARTESIAN_POINT('',(-2.658971,-9.5,4.E-02));
#8614 = LINE('',#8615,#8616);
#8615 = CARTESIAN_POINT('',(-2.658971,-9.5,0.));
#8616 = VECTOR('',#8617,1.);
#8617 = DIRECTION('',(0.,0.,1.));
#8618 = ORIENTED_EDGE('',*,*,#8619,.T.);
#8619 = EDGE_CURVE('',#8612,#8581,#8620,.T.);
#8620 = LINE('',#8621,#8622);
#8621 = CARTESIAN_POINT('',(-2.658971,-9.5,4.E-02));
#8622 = VECTOR('',#8623,1.);
#8623 = DIRECTION('',(-1.,0.,0.));
#8624 = ORIENTED_EDGE('',*,*,#8578,.F.);
#8625 = ORIENTED_EDGE('',*,*,#8626,.F.);
#8626 = EDGE_CURVE('',#8610,#8579,#8627,.T.);
#8627 = LINE('',#8628,#8629);
#8628 = CARTESIAN_POINT('',(-2.658971,-9.5,0.));
#8629 = VECTOR('',#8630,1.);
#8630 = DIRECTION('',(-1.,0.,0.));
#8631 = PLANE('',#8632);
#8632 = AXIS2_PLACEMENT_3D('',#8633,#8634,#8635);
#8633 = CARTESIAN_POINT('',(-2.658971,-9.5,0.));
#8634 = DIRECTION('',(0.,-1.,0.));
#8635 = DIRECTION('',(-1.,0.,0.));
#8636 = ADVANCED_FACE('',(#8637),#8662,.T.);
#8637 = FACE_BOUND('',#8638,.T.);
#8638 = EDGE_LOOP('',(#8639,#8649,#8655,#8656));
#8639 = ORIENTED_EDGE('',*,*,#8640,.T.);
#8640 = EDGE_CURVE('',#8641,#8643,#8645,.T.);
#8641 = VERTEX_POINT('',#8642);
#8642 = CARTESIAN_POINT('',(-2.658971,-7.,0.));
#8643 = VERTEX_POINT('',#8644);
#8644 = CARTESIAN_POINT('',(-2.658971,-7.,4.E-02));
#8645 = LINE('',#8646,#8647);
#8646 = CARTESIAN_POINT('',(-2.658971,-7.,0.));
#8647 = VECTOR('',#8648,1.);
#8648 = DIRECTION('',(0.,0.,1.));
#8649 = ORIENTED_EDGE('',*,*,#8650,.T.);
#8650 = EDGE_CURVE('',#8643,#8612,#8651,.T.);
#8651 = LINE('',#8652,#8653);
#8652 = CARTESIAN_POINT('',(-2.658971,-7.,4.E-02));
#8653 = VECTOR('',#8654,1.);
#8654 = DIRECTION('',(0.,-1.,0.));
#8655 = ORIENTED_EDGE('',*,*,#8609,.F.);
#8656 = ORIENTED_EDGE('',*,*,#8657,.F.);
#8657 = EDGE_CURVE('',#8641,#8610,#8658,.T.);
#8658 = LINE('',#8659,#8660);
#8659 = CARTESIAN_POINT('',(-2.658971,-7.,0.));
#8660 = VECTOR('',#8661,1.);
#8661 = DIRECTION('',(0.,-1.,0.));
#8662 = PLANE('',#8663);
#8663 = AXIS2_PLACEMENT_3D('',#8664,#8665,#8666);
#8664 = CARTESIAN_POINT('',(-2.658971,-7.,0.));
#8665 = DIRECTION('',(1.,0.,0.));
#8666 = DIRECTION('',(0.,-1.,0.));
#8667 = ADVANCED_FACE('',(#8668),#8693,.F.);
#8668 = FACE_BOUND('',#8669,.F.);
#8669 = EDGE_LOOP('',(#8670,#8671,#8679,#8687));
#8670 = ORIENTED_EDGE('',*,*,#8640,.T.);
#8671 = ORIENTED_EDGE('',*,*,#8672,.T.);
#8672 = EDGE_CURVE('',#8643,#8673,#8675,.T.);
#8673 = VERTEX_POINT('',#8674);
#8674 = CARTESIAN_POINT('',(-2.458971,-7.,4.E-02));
#8675 = LINE('',#8676,#8677);
#8676 = CARTESIAN_POINT('',(-2.658971,-7.,4.E-02));
#8677 = VECTOR('',#8678,1.);
#8678 = DIRECTION('',(1.,0.,0.));
#8679 = ORIENTED_EDGE('',*,*,#8680,.F.);
#8680 = EDGE_CURVE('',#8681,#8673,#8683,.T.);
#8681 = VERTEX_POINT('',#8682);
#8682 = CARTESIAN_POINT('',(-2.458971,-7.,0.));
#8683 = LINE('',#8684,#8685);
#8684 = CARTESIAN_POINT('',(-2.458971,-7.,0.));
#8685 = VECTOR('',#8686,1.);
#8686 = DIRECTION('',(0.,0.,1.));
#8687 = ORIENTED_EDGE('',*,*,#8688,.F.);
#8688 = EDGE_CURVE('',#8641,#8681,#8689,.T.);
#8689 = LINE('',#8690,#8691);
#8690 = CARTESIAN_POINT('',(-2.658971,-7.,0.));
#8691 = VECTOR('',#8692,1.);
#8692 = DIRECTION('',(1.,0.,0.));
#8693 = PLANE('',#8694);
#8694 = AXIS2_PLACEMENT_3D('',#8695,#8696,#8697);
#8695 = CARTESIAN_POINT('',(-2.658971,-7.,0.));
#8696 = DIRECTION('',(0.,1.,0.));
#8697 = DIRECTION('',(1.,0.,0.));
#8698 = ADVANCED_FACE('',(#8699),#8724,.T.);
#8699 = FACE_BOUND('',#8700,.T.);
#8700 = EDGE_LOOP('',(#8701,#8711,#8717,#8718));
#8701 = ORIENTED_EDGE('',*,*,#8702,.T.);
#8702 = EDGE_CURVE('',#8703,#8705,#8707,.T.);
#8703 = VERTEX_POINT('',#8704);
#8704 = CARTESIAN_POINT('',(-2.458971,-9.5,0.));
#8705 = VERTEX_POINT('',#8706);
#8706 = CARTESIAN_POINT('',(-2.458971,-9.5,4.E-02));
#8707 = LINE('',#8708,#8709);
#8708 = CARTESIAN_POINT('',(-2.458971,-9.5,0.));
#8709 = VECTOR('',#8710,1.);
#8710 = DIRECTION('',(0.,0.,1.));
#8711 = ORIENTED_EDGE('',*,*,#8712,.T.);
#8712 = EDGE_CURVE('',#8705,#8673,#8713,.T.);
#8713 = LINE('',#8714,#8715);
#8714 = CARTESIAN_POINT('',(-2.458971,-9.5,4.E-02));
#8715 = VECTOR('',#8716,1.);
#8716 = DIRECTION('',(0.,1.,0.));
#8717 = ORIENTED_EDGE('',*,*,#8680,.F.);
#8718 = ORIENTED_EDGE('',*,*,#8719,.F.);
#8719 = EDGE_CURVE('',#8703,#8681,#8720,.T.);
#8720 = LINE('',#8721,#8722);
#8721 = CARTESIAN_POINT('',(-2.458971,-9.5,0.));
#8722 = VECTOR('',#8723,1.);
#8723 = DIRECTION('',(0.,1.,0.));
#8724 = PLANE('',#8725);
#8725 = AXIS2_PLACEMENT_3D('',#8726,#8727,#8728);
#8726 = CARTESIAN_POINT('',(-2.458971,-9.5,0.));
#8727 = DIRECTION('',(-1.,0.,0.));
#8728 = DIRECTION('',(0.,1.,0.));
#8729 = ADVANCED_FACE('',(#8730),#8755,.T.);
#8730 = FACE_BOUND('',#8731,.T.);
#8731 = EDGE_LOOP('',(#8732,#8742,#8748,#8749));
#8732 = ORIENTED_EDGE('',*,*,#8733,.T.);
#8733 = EDGE_CURVE('',#8734,#8736,#8738,.T.);
#8734 = VERTEX_POINT('',#8735);
#8735 = CARTESIAN_POINT('',(-2.158971,-9.5,0.));
#8736 = VERTEX_POINT('',#8737);
#8737 = CARTESIAN_POINT('',(-2.158971,-9.5,4.E-02));
#8738 = LINE('',#8739,#8740);
#8739 = CARTESIAN_POINT('',(-2.158971,-9.5,0.));
#8740 = VECTOR('',#8741,1.);
#8741 = DIRECTION('',(0.,0.,1.));
#8742 = ORIENTED_EDGE('',*,*,#8743,.T.);
#8743 = EDGE_CURVE('',#8736,#8705,#8744,.T.);
#8744 = LINE('',#8745,#8746);
#8745 = CARTESIAN_POINT('',(-2.158971,-9.5,4.E-02));
#8746 = VECTOR('',#8747,1.);
#8747 = DIRECTION('',(-1.,0.,0.));
#8748 = ORIENTED_EDGE('',*,*,#8702,.F.);
#8749 = ORIENTED_EDGE('',*,*,#8750,.F.);
#8750 = EDGE_CURVE('',#8734,#8703,#8751,.T.);
#8751 = LINE('',#8752,#8753);
#8752 = CARTESIAN_POINT('',(-2.158971,-9.5,0.));
#8753 = VECTOR('',#8754,1.);
#8754 = DIRECTION('',(-1.,0.,0.));
#8755 = PLANE('',#8756);
#8756 = AXIS2_PLACEMENT_3D('',#8757,#8758,#8759);
#8757 = CARTESIAN_POINT('',(-2.158971,-9.5,0.));
#8758 = DIRECTION('',(0.,-1.,0.));
#8759 = DIRECTION('',(-1.,0.,0.));
#8760 = ADVANCED_FACE('',(#8761),#8786,.T.);
#8761 = FACE_BOUND('',#8762,.T.);
#8762 = EDGE_LOOP('',(#8763,#8773,#8779,#8780));
#8763 = ORIENTED_EDGE('',*,*,#8764,.T.);
#8764 = EDGE_CURVE('',#8765,#8767,#8769,.T.);
#8765 = VERTEX_POINT('',#8766);
#8766 = CARTESIAN_POINT('',(-2.158971,-7.,0.));
#8767 = VERTEX_POINT('',#8768);
#8768 = CARTESIAN_POINT('',(-2.158971,-7.,4.E-02));
#8769 = LINE('',#8770,#8771);
#8770 = CARTESIAN_POINT('',(-2.158971,-7.,0.));
#8771 = VECTOR('',#8772,1.);
#8772 = DIRECTION('',(0.,0.,1.));
#8773 = ORIENTED_EDGE('',*,*,#8774,.T.);
#8774 = EDGE_CURVE('',#8767,#8736,#8775,.T.);
#8775 = LINE('',#8776,#8777);
#8776 = CARTESIAN_POINT('',(-2.158971,-7.,4.E-02));
#8777 = VECTOR('',#8778,1.);
#8778 = DIRECTION('',(0.,-1.,0.));
#8779 = ORIENTED_EDGE('',*,*,#8733,.F.);
#8780 = ORIENTED_EDGE('',*,*,#8781,.F.);
#8781 = EDGE_CURVE('',#8765,#8734,#8782,.T.);
#8782 = LINE('',#8783,#8784);
#8783 = CARTESIAN_POINT('',(-2.158971,-7.,0.));
#8784 = VECTOR('',#8785,1.);
#8785 = DIRECTION('',(0.,-1.,0.));
#8786 = PLANE('',#8787);
#8787 = AXIS2_PLACEMENT_3D('',#8788,#8789,#8790);
#8788 = CARTESIAN_POINT('',(-2.158971,-7.,0.));
#8789 = DIRECTION('',(1.,0.,0.));
#8790 = DIRECTION('',(0.,-1.,0.));
#8791 = ADVANCED_FACE('',(#8792),#8817,.F.);
#8792 = FACE_BOUND('',#8793,.F.);
#8793 = EDGE_LOOP('',(#8794,#8795,#8803,#8811));
#8794 = ORIENTED_EDGE('',*,*,#8764,.T.);
#8795 = ORIENTED_EDGE('',*,*,#8796,.T.);
#8796 = EDGE_CURVE('',#8767,#8797,#8799,.T.);
#8797 = VERTEX_POINT('',#8798);
#8798 = CARTESIAN_POINT('',(-1.958971,-7.,4.E-02));
#8799 = LINE('',#8800,#8801);
#8800 = CARTESIAN_POINT('',(-2.158971,-7.,4.E-02));
#8801 = VECTOR('',#8802,1.);
#8802 = DIRECTION('',(1.,0.,0.));
#8803 = ORIENTED_EDGE('',*,*,#8804,.F.);
#8804 = EDGE_CURVE('',#8805,#8797,#8807,.T.);
#8805 = VERTEX_POINT('',#8806);
#8806 = CARTESIAN_POINT('',(-1.958971,-7.,0.));
#8807 = LINE('',#8808,#8809);
#8808 = CARTESIAN_POINT('',(-1.958971,-7.,0.));
#8809 = VECTOR('',#8810,1.);
#8810 = DIRECTION('',(0.,0.,1.));
#8811 = ORIENTED_EDGE('',*,*,#8812,.F.);
#8812 = EDGE_CURVE('',#8765,#8805,#8813,.T.);
#8813 = LINE('',#8814,#8815);
#8814 = CARTESIAN_POINT('',(-2.158971,-7.,0.));
#8815 = VECTOR('',#8816,1.);
#8816 = DIRECTION('',(1.,0.,0.));
#8817 = PLANE('',#8818);
#8818 = AXIS2_PLACEMENT_3D('',#8819,#8820,#8821);
#8819 = CARTESIAN_POINT('',(-2.158971,-7.,0.));
#8820 = DIRECTION('',(0.,1.,0.));
#8821 = DIRECTION('',(1.,0.,0.));
#8822 = ADVANCED_FACE('',(#8823),#8848,.T.);
#8823 = FACE_BOUND('',#8824,.T.);
#8824 = EDGE_LOOP('',(#8825,#8835,#8841,#8842));
#8825 = ORIENTED_EDGE('',*,*,#8826,.T.);
#8826 = EDGE_CURVE('',#8827,#8829,#8831,.T.);
#8827 = VERTEX_POINT('',#8828);
#8828 = CARTESIAN_POINT('',(-1.958971,-9.5,0.));
#8829 = VERTEX_POINT('',#8830);
#8830 = CARTESIAN_POINT('',(-1.958971,-9.5,4.E-02));
#8831 = LINE('',#8832,#8833);
#8832 = CARTESIAN_POINT('',(-1.958971,-9.5,0.));
#8833 = VECTOR('',#8834,1.);
#8834 = DIRECTION('',(0.,0.,1.));
#8835 = ORIENTED_EDGE('',*,*,#8836,.T.);
#8836 = EDGE_CURVE('',#8829,#8797,#8837,.T.);
#8837 = LINE('',#8838,#8839);
#8838 = CARTESIAN_POINT('',(-1.958971,-9.5,4.E-02));
#8839 = VECTOR('',#8840,1.);
#8840 = DIRECTION('',(0.,1.,0.));
#8841 = ORIENTED_EDGE('',*,*,#8804,.F.);
#8842 = ORIENTED_EDGE('',*,*,#8843,.F.);
#8843 = EDGE_CURVE('',#8827,#8805,#8844,.T.);
#8844 = LINE('',#8845,#8846);
#8845 = CARTESIAN_POINT('',(-1.958971,-9.5,0.));
#8846 = VECTOR('',#8847,1.);
#8847 = DIRECTION('',(0.,1.,0.));
#8848 = PLANE('',#8849);
#8849 = AXIS2_PLACEMENT_3D('',#8850,#8851,#8852);
#8850 = CARTESIAN_POINT('',(-1.958971,-9.5,0.));
#8851 = DIRECTION('',(-1.,0.,0.));
#8852 = DIRECTION('',(0.,1.,0.));
#8853 = ADVANCED_FACE('',(#8854),#8879,.T.);
#8854 = FACE_BOUND('',#8855,.T.);
#8855 = EDGE_LOOP('',(#8856,#8866,#8872,#8873));
#8856 = ORIENTED_EDGE('',*,*,#8857,.T.);
#8857 = EDGE_CURVE('',#8858,#8860,#8862,.T.);
#8858 = VERTEX_POINT('',#8859);
#8859 = CARTESIAN_POINT('',(-1.658971,-9.5,0.));
#8860 = VERTEX_POINT('',#8861);
#8861 = CARTESIAN_POINT('',(-1.658971,-9.5,4.E-02));
#8862 = LINE('',#8863,#8864);
#8863 = CARTESIAN_POINT('',(-1.658971,-9.5,0.));
#8864 = VECTOR('',#8865,1.);
#8865 = DIRECTION('',(0.,0.,1.));
#8866 = ORIENTED_EDGE('',*,*,#8867,.T.);
#8867 = EDGE_CURVE('',#8860,#8829,#8868,.T.);
#8868 = LINE('',#8869,#8870);
#8869 = CARTESIAN_POINT('',(-1.658971,-9.5,4.E-02));
#8870 = VECTOR('',#8871,1.);
#8871 = DIRECTION('',(-1.,0.,0.));
#8872 = ORIENTED_EDGE('',*,*,#8826,.F.);
#8873 = ORIENTED_EDGE('',*,*,#8874,.F.);
#8874 = EDGE_CURVE('',#8858,#8827,#8875,.T.);
#8875 = LINE('',#8876,#8877);
#8876 = CARTESIAN_POINT('',(-1.658971,-9.5,0.));
#8877 = VECTOR('',#8878,1.);
#8878 = DIRECTION('',(-1.,0.,0.));
#8879 = PLANE('',#8880);
#8880 = AXIS2_PLACEMENT_3D('',#8881,#8882,#8883);
#8881 = CARTESIAN_POINT('',(-1.658971,-9.5,0.));
#8882 = DIRECTION('',(0.,-1.,0.));
#8883 = DIRECTION('',(-1.,0.,0.));
#8884 = ADVANCED_FACE('',(#8885),#8910,.T.);
#8885 = FACE_BOUND('',#8886,.T.);
#8886 = EDGE_LOOP('',(#8887,#8897,#8903,#8904));
#8887 = ORIENTED_EDGE('',*,*,#8888,.T.);
#8888 = EDGE_CURVE('',#8889,#8891,#8893,.T.);
#8889 = VERTEX_POINT('',#8890);
#8890 = CARTESIAN_POINT('',(-1.658971,-7.,0.));
#8891 = VERTEX_POINT('',#8892);
#8892 = CARTESIAN_POINT('',(-1.658971,-7.,4.E-02));
#8893 = LINE('',#8894,#8895);
#8894 = CARTESIAN_POINT('',(-1.658971,-7.,0.));
#8895 = VECTOR('',#8896,1.);
#8896 = DIRECTION('',(0.,0.,1.));
#8897 = ORIENTED_EDGE('',*,*,#8898,.T.);
#8898 = EDGE_CURVE('',#8891,#8860,#8899,.T.);
#8899 = LINE('',#8900,#8901);
#8900 = CARTESIAN_POINT('',(-1.658971,-7.,4.E-02));
#8901 = VECTOR('',#8902,1.);
#8902 = DIRECTION('',(0.,-1.,0.));
#8903 = ORIENTED_EDGE('',*,*,#8857,.F.);
#8904 = ORIENTED_EDGE('',*,*,#8905,.F.);
#8905 = EDGE_CURVE('',#8889,#8858,#8906,.T.);
#8906 = LINE('',#8907,#8908);
#8907 = CARTESIAN_POINT('',(-1.658971,-7.,0.));
#8908 = VECTOR('',#8909,1.);
#8909 = DIRECTION('',(0.,-1.,0.));
#8910 = PLANE('',#8911);
#8911 = AXIS2_PLACEMENT_3D('',#8912,#8913,#8914);
#8912 = CARTESIAN_POINT('',(-1.658971,-7.,0.));
#8913 = DIRECTION('',(1.,0.,0.));
#8914 = DIRECTION('',(0.,-1.,0.));
#8915 = ADVANCED_FACE('',(#8916),#8941,.F.);
#8916 = FACE_BOUND('',#8917,.F.);
#8917 = EDGE_LOOP('',(#8918,#8919,#8927,#8935));
#8918 = ORIENTED_EDGE('',*,*,#8888,.T.);
#8919 = ORIENTED_EDGE('',*,*,#8920,.T.);
#8920 = EDGE_CURVE('',#8891,#8921,#8923,.T.);
#8921 = VERTEX_POINT('',#8922);
#8922 = CARTESIAN_POINT('',(-1.458971,-7.,4.E-02));
#8923 = LINE('',#8924,#8925);
#8924 = CARTESIAN_POINT('',(-1.658971,-7.,4.E-02));
#8925 = VECTOR('',#8926,1.);
#8926 = DIRECTION('',(1.,0.,0.));
#8927 = ORIENTED_EDGE('',*,*,#8928,.F.);
#8928 = EDGE_CURVE('',#8929,#8921,#8931,.T.);
#8929 = VERTEX_POINT('',#8930);
#8930 = CARTESIAN_POINT('',(-1.458971,-7.,0.));
#8931 = LINE('',#8932,#8933);
#8932 = CARTESIAN_POINT('',(-1.458971,-7.,0.));
#8933 = VECTOR('',#8934,1.);
#8934 = DIRECTION('',(0.,0.,1.));
#8935 = ORIENTED_EDGE('',*,*,#8936,.F.);
#8936 = EDGE_CURVE('',#8889,#8929,#8937,.T.);
#8937 = LINE('',#8938,#8939);
#8938 = CARTESIAN_POINT('',(-1.658971,-7.,0.));
#8939 = VECTOR('',#8940,1.);
#8940 = DIRECTION('',(1.,0.,0.));
#8941 = PLANE('',#8942);
#8942 = AXIS2_PLACEMENT_3D('',#8943,#8944,#8945);
#8943 = CARTESIAN_POINT('',(-1.658971,-7.,0.));
#8944 = DIRECTION('',(0.,1.,0.));
#8945 = DIRECTION('',(1.,0.,0.));
#8946 = ADVANCED_FACE('',(#8947),#8972,.T.);
#8947 = FACE_BOUND('',#8948,.T.);
#8948 = EDGE_LOOP('',(#8949,#8959,#8965,#8966));
#8949 = ORIENTED_EDGE('',*,*,#8950,.T.);
#8950 = EDGE_CURVE('',#8951,#8953,#8955,.T.);
#8951 = VERTEX_POINT('',#8952);
#8952 = CARTESIAN_POINT('',(-1.458971,-9.5,0.));
#8953 = VERTEX_POINT('',#8954);
#8954 = CARTESIAN_POINT('',(-1.458971,-9.5,4.E-02));
#8955 = LINE('',#8956,#8957);
#8956 = CARTESIAN_POINT('',(-1.458971,-9.5,0.));
#8957 = VECTOR('',#8958,1.);
#8958 = DIRECTION('',(0.,0.,1.));
#8959 = ORIENTED_EDGE('',*,*,#8960,.T.);
#8960 = EDGE_CURVE('',#8953,#8921,#8961,.T.);
#8961 = LINE('',#8962,#8963);
#8962 = CARTESIAN_POINT('',(-1.458971,-9.5,4.E-02));
#8963 = VECTOR('',#8964,1.);
#8964 = DIRECTION('',(0.,1.,0.));
#8965 = ORIENTED_EDGE('',*,*,#8928,.F.);
#8966 = ORIENTED_EDGE('',*,*,#8967,.F.);
#8967 = EDGE_CURVE('',#8951,#8929,#8968,.T.);
#8968 = LINE('',#8969,#8970);
#8969 = CARTESIAN_POINT('',(-1.458971,-9.5,0.));
#8970 = VECTOR('',#8971,1.);
#8971 = DIRECTION('',(0.,1.,0.));
#8972 = PLANE('',#8973);
#8973 = AXIS2_PLACEMENT_3D('',#8974,#8975,#8976);
#8974 = CARTESIAN_POINT('',(-1.458971,-9.5,0.));
#8975 = DIRECTION('',(-1.,0.,0.));
#8976 = DIRECTION('',(0.,1.,0.));
#8977 = ADVANCED_FACE('',(#8978),#9003,.T.);
#8978 = FACE_BOUND('',#8979,.T.);
#8979 = EDGE_LOOP('',(#8980,#8990,#8996,#8997));
#8980 = ORIENTED_EDGE('',*,*,#8981,.T.);
#8981 = EDGE_CURVE('',#8982,#8984,#8986,.T.);
#8982 = VERTEX_POINT('',#8983);
#8983 = CARTESIAN_POINT('',(-1.158971,-9.5,0.));
#8984 = VERTEX_POINT('',#8985);
#8985 = CARTESIAN_POINT('',(-1.158971,-9.5,4.E-02));
#8986 = LINE('',#8987,#8988);
#8987 = CARTESIAN_POINT('',(-1.158971,-9.5,0.));
#8988 = VECTOR('',#8989,1.);
#8989 = DIRECTION('',(0.,0.,1.));
#8990 = ORIENTED_EDGE('',*,*,#8991,.T.);
#8991 = EDGE_CURVE('',#8984,#8953,#8992,.T.);
#8992 = LINE('',#8993,#8994);
#8993 = CARTESIAN_POINT('',(-1.158971,-9.5,4.E-02));
#8994 = VECTOR('',#8995,1.);
#8995 = DIRECTION('',(-1.,0.,0.));
#8996 = ORIENTED_EDGE('',*,*,#8950,.F.);
#8997 = ORIENTED_EDGE('',*,*,#8998,.F.);
#8998 = EDGE_CURVE('',#8982,#8951,#8999,.T.);
#8999 = LINE('',#9000,#9001);
#9000 = CARTESIAN_POINT('',(-1.158971,-9.5,0.));
#9001 = VECTOR('',#9002,1.);
#9002 = DIRECTION('',(-1.,0.,0.));
#9003 = PLANE('',#9004);
#9004 = AXIS2_PLACEMENT_3D('',#9005,#9006,#9007);
#9005 = CARTESIAN_POINT('',(-1.158971,-9.5,0.));
#9006 = DIRECTION('',(0.,-1.,0.));
#9007 = DIRECTION('',(-1.,0.,0.));
#9008 = ADVANCED_FACE('',(#9009),#9034,.T.);
#9009 = FACE_BOUND('',#9010,.T.);
#9010 = EDGE_LOOP('',(#9011,#9021,#9027,#9028));
#9011 = ORIENTED_EDGE('',*,*,#9012,.T.);
#9012 = EDGE_CURVE('',#9013,#9015,#9017,.T.);
#9013 = VERTEX_POINT('',#9014);
#9014 = CARTESIAN_POINT('',(-1.158971,-7.,0.));
#9015 = VERTEX_POINT('',#9016);
#9016 = CARTESIAN_POINT('',(-1.158971,-7.,4.E-02));
#9017 = LINE('',#9018,#9019);
#9018 = CARTESIAN_POINT('',(-1.158971,-7.,0.));
#9019 = VECTOR('',#9020,1.);
#9020 = DIRECTION('',(0.,0.,1.));
#9021 = ORIENTED_EDGE('',*,*,#9022,.T.);
#9022 = EDGE_CURVE('',#9015,#8984,#9023,.T.);
#9023 = LINE('',#9024,#9025);
#9024 = CARTESIAN_POINT('',(-1.158971,-7.,4.E-02));
#9025 = VECTOR('',#9026,1.);
#9026 = DIRECTION('',(0.,-1.,0.));
#9027 = ORIENTED_EDGE('',*,*,#8981,.F.);
#9028 = ORIENTED_EDGE('',*,*,#9029,.F.);
#9029 = EDGE_CURVE('',#9013,#8982,#9030,.T.);
#9030 = LINE('',#9031,#9032);
#9031 = CARTESIAN_POINT('',(-1.158971,-7.,0.));
#9032 = VECTOR('',#9033,1.);
#9033 = DIRECTION('',(0.,-1.,0.));
#9034 = PLANE('',#9035);
#9035 = AXIS2_PLACEMENT_3D('',#9036,#9037,#9038);
#9036 = CARTESIAN_POINT('',(-1.158971,-7.,0.));
#9037 = DIRECTION('',(1.,0.,0.));
#9038 = DIRECTION('',(0.,-1.,0.));
#9039 = ADVANCED_FACE('',(#9040),#9065,.F.);
#9040 = FACE_BOUND('',#9041,.F.);
#9041 = EDGE_LOOP('',(#9042,#9043,#9051,#9059));
#9042 = ORIENTED_EDGE('',*,*,#9012,.T.);
#9043 = ORIENTED_EDGE('',*,*,#9044,.T.);
#9044 = EDGE_CURVE('',#9015,#9045,#9047,.T.);
#9045 = VERTEX_POINT('',#9046);
#9046 = CARTESIAN_POINT('',(-0.958971,-7.,4.E-02));
#9047 = LINE('',#9048,#9049);
#9048 = CARTESIAN_POINT('',(-1.158971,-7.,4.E-02));
#9049 = VECTOR('',#9050,1.);
#9050 = DIRECTION('',(1.,0.,0.));
#9051 = ORIENTED_EDGE('',*,*,#9052,.F.);
#9052 = EDGE_CURVE('',#9053,#9045,#9055,.T.);
#9053 = VERTEX_POINT('',#9054);
#9054 = CARTESIAN_POINT('',(-0.958971,-7.,0.));
#9055 = LINE('',#9056,#9057);
#9056 = CARTESIAN_POINT('',(-0.958971,-7.,0.));
#9057 = VECTOR('',#9058,1.);
#9058 = DIRECTION('',(0.,0.,1.));
#9059 = ORIENTED_EDGE('',*,*,#9060,.F.);
#9060 = EDGE_CURVE('',#9013,#9053,#9061,.T.);
#9061 = LINE('',#9062,#9063);
#9062 = CARTESIAN_POINT('',(-1.158971,-7.,0.));
#9063 = VECTOR('',#9064,1.);
#9064 = DIRECTION('',(1.,0.,0.));
#9065 = PLANE('',#9066);
#9066 = AXIS2_PLACEMENT_3D('',#9067,#9068,#9069);
#9067 = CARTESIAN_POINT('',(-1.158971,-7.,0.));
#9068 = DIRECTION('',(0.,1.,0.));
#9069 = DIRECTION('',(1.,0.,0.));
#9070 = ADVANCED_FACE('',(#9071),#9096,.T.);
#9071 = FACE_BOUND('',#9072,.T.);
#9072 = EDGE_LOOP('',(#9073,#9083,#9089,#9090));
#9073 = ORIENTED_EDGE('',*,*,#9074,.T.);
#9074 = EDGE_CURVE('',#9075,#9077,#9079,.T.);
#9075 = VERTEX_POINT('',#9076);
#9076 = CARTESIAN_POINT('',(-0.958971,-9.5,0.));
#9077 = VERTEX_POINT('',#9078);
#9078 = CARTESIAN_POINT('',(-0.958971,-9.5,4.E-02));
#9079 = LINE('',#9080,#9081);
#9080 = CARTESIAN_POINT('',(-0.958971,-9.5,0.));
#9081 = VECTOR('',#9082,1.);
#9082 = DIRECTION('',(0.,0.,1.));
#9083 = ORIENTED_EDGE('',*,*,#9084,.T.);
#9084 = EDGE_CURVE('',#9077,#9045,#9085,.T.);
#9085 = LINE('',#9086,#9087);
#9086 = CARTESIAN_POINT('',(-0.958971,-9.5,4.E-02));
#9087 = VECTOR('',#9088,1.);
#9088 = DIRECTION('',(0.,1.,0.));
#9089 = ORIENTED_EDGE('',*,*,#9052,.F.);
#9090 = ORIENTED_EDGE('',*,*,#9091,.F.);
#9091 = EDGE_CURVE('',#9075,#9053,#9092,.T.);
#9092 = LINE('',#9093,#9094);
#9093 = CARTESIAN_POINT('',(-0.958971,-9.5,0.));
#9094 = VECTOR('',#9095,1.);
#9095 = DIRECTION('',(0.,1.,0.));
#9096 = PLANE('',#9097);
#9097 = AXIS2_PLACEMENT_3D('',#9098,#9099,#9100);
#9098 = CARTESIAN_POINT('',(-0.958971,-9.5,0.));
#9099 = DIRECTION('',(-1.,0.,0.));
#9100 = DIRECTION('',(0.,1.,0.));
#9101 = ADVANCED_FACE('',(#9102),#9127,.T.);
#9102 = FACE_BOUND('',#9103,.T.);
#9103 = EDGE_LOOP('',(#9104,#9114,#9120,#9121));
#9104 = ORIENTED_EDGE('',*,*,#9105,.T.);
#9105 = EDGE_CURVE('',#9106,#9108,#9110,.T.);
#9106 = VERTEX_POINT('',#9107);
#9107 = CARTESIAN_POINT('',(-0.658971,-9.5,0.));
#9108 = VERTEX_POINT('',#9109);
#9109 = CARTESIAN_POINT('',(-0.658971,-9.5,4.E-02));
#9110 = LINE('',#9111,#9112);
#9111 = CARTESIAN_POINT('',(-0.658971,-9.5,0.));
#9112 = VECTOR('',#9113,1.);
#9113 = DIRECTION('',(0.,0.,1.));
#9114 = ORIENTED_EDGE('',*,*,#9115,.T.);
#9115 = EDGE_CURVE('',#9108,#9077,#9116,.T.);
#9116 = LINE('',#9117,#9118);
#9117 = CARTESIAN_POINT('',(-0.658971,-9.5,4.E-02));
#9118 = VECTOR('',#9119,1.);
#9119 = DIRECTION('',(-1.,0.,0.));
#9120 = ORIENTED_EDGE('',*,*,#9074,.F.);
#9121 = ORIENTED_EDGE('',*,*,#9122,.F.);
#9122 = EDGE_CURVE('',#9106,#9075,#9123,.T.);
#9123 = LINE('',#9124,#9125);
#9124 = CARTESIAN_POINT('',(-0.658971,-9.5,0.));
#9125 = VECTOR('',#9126,1.);
#9126 = DIRECTION('',(-1.,0.,0.));
#9127 = PLANE('',#9128);
#9128 = AXIS2_PLACEMENT_3D('',#9129,#9130,#9131);
#9129 = CARTESIAN_POINT('',(-0.658971,-9.5,0.));
#9130 = DIRECTION('',(0.,-1.,0.));
#9131 = DIRECTION('',(-1.,0.,0.));
#9132 = ADVANCED_FACE('',(#9133),#9158,.T.);
#9133 = FACE_BOUND('',#9134,.T.);
#9134 = EDGE_LOOP('',(#9135,#9145,#9151,#9152));
#9135 = ORIENTED_EDGE('',*,*,#9136,.T.);
#9136 = EDGE_CURVE('',#9137,#9139,#9141,.T.);
#9137 = VERTEX_POINT('',#9138);
#9138 = CARTESIAN_POINT('',(-0.658971,-7.,0.));
#9139 = VERTEX_POINT('',#9140);
#9140 = CARTESIAN_POINT('',(-0.658971,-7.,4.E-02));
#9141 = LINE('',#9142,#9143);
#9142 = CARTESIAN_POINT('',(-0.658971,-7.,0.));
#9143 = VECTOR('',#9144,1.);
#9144 = DIRECTION('',(0.,0.,1.));
#9145 = ORIENTED_EDGE('',*,*,#9146,.T.);
#9146 = EDGE_CURVE('',#9139,#9108,#9147,.T.);
#9147 = LINE('',#9148,#9149);
#9148 = CARTESIAN_POINT('',(-0.658971,-7.,4.E-02));
#9149 = VECTOR('',#9150,1.);
#9150 = DIRECTION('',(0.,-1.,0.));
#9151 = ORIENTED_EDGE('',*,*,#9105,.F.);
#9152 = ORIENTED_EDGE('',*,*,#9153,.F.);
#9153 = EDGE_CURVE('',#9137,#9106,#9154,.T.);
#9154 = LINE('',#9155,#9156);
#9155 = CARTESIAN_POINT('',(-0.658971,-7.,0.));
#9156 = VECTOR('',#9157,1.);
#9157 = DIRECTION('',(0.,-1.,0.));
#9158 = PLANE('',#9159);
#9159 = AXIS2_PLACEMENT_3D('',#9160,#9161,#9162);
#9160 = CARTESIAN_POINT('',(-0.658971,-7.,0.));
#9161 = DIRECTION('',(1.,0.,0.));
#9162 = DIRECTION('',(0.,-1.,0.));
#9163 = ADVANCED_FACE('',(#9164),#9189,.F.);
#9164 = FACE_BOUND('',#9165,.F.);
#9165 = EDGE_LOOP('',(#9166,#9167,#9175,#9183));
#9166 = ORIENTED_EDGE('',*,*,#9136,.T.);
#9167 = ORIENTED_EDGE('',*,*,#9168,.T.);
#9168 = EDGE_CURVE('',#9139,#9169,#9171,.T.);
#9169 = VERTEX_POINT('',#9170);
#9170 = CARTESIAN_POINT('',(-0.458971,-7.,4.E-02));
#9171 = LINE('',#9172,#9173);
#9172 = CARTESIAN_POINT('',(-0.658971,-7.,4.E-02));
#9173 = VECTOR('',#9174,1.);
#9174 = DIRECTION('',(1.,0.,0.));
#9175 = ORIENTED_EDGE('',*,*,#9176,.F.);
#9176 = EDGE_CURVE('',#9177,#9169,#9179,.T.);
#9177 = VERTEX_POINT('',#9178);
#9178 = CARTESIAN_POINT('',(-0.458971,-7.,0.));
#9179 = LINE('',#9180,#9181);
#9180 = CARTESIAN_POINT('',(-0.458971,-7.,0.));
#9181 = VECTOR('',#9182,1.);
#9182 = DIRECTION('',(0.,0.,1.));
#9183 = ORIENTED_EDGE('',*,*,#9184,.F.);
#9184 = EDGE_CURVE('',#9137,#9177,#9185,.T.);
#9185 = LINE('',#9186,#9187);
#9186 = CARTESIAN_POINT('',(-0.658971,-7.,0.));
#9187 = VECTOR('',#9188,1.);
#9188 = DIRECTION('',(1.,0.,0.));
#9189 = PLANE('',#9190);
#9190 = AXIS2_PLACEMENT_3D('',#9191,#9192,#9193);
#9191 = CARTESIAN_POINT('',(-0.658971,-7.,0.));
#9192 = DIRECTION('',(0.,1.,0.));
#9193 = DIRECTION('',(1.,0.,0.));
#9194 = ADVANCED_FACE('',(#9195),#9220,.T.);
#9195 = FACE_BOUND('',#9196,.T.);
#9196 = EDGE_LOOP('',(#9197,#9207,#9213,#9214));
#9197 = ORIENTED_EDGE('',*,*,#9198,.T.);
#9198 = EDGE_CURVE('',#9199,#9201,#9203,.T.);
#9199 = VERTEX_POINT('',#9200);
#9200 = CARTESIAN_POINT('',(-0.458971,-9.5,0.));
#9201 = VERTEX_POINT('',#9202);
#9202 = CARTESIAN_POINT('',(-0.458971,-9.5,4.E-02));
#9203 = LINE('',#9204,#9205);
#9204 = CARTESIAN_POINT('',(-0.458971,-9.5,0.));
#9205 = VECTOR('',#9206,1.);
#9206 = DIRECTION('',(0.,0.,1.));
#9207 = ORIENTED_EDGE('',*,*,#9208,.T.);
#9208 = EDGE_CURVE('',#9201,#9169,#9209,.T.);
#9209 = LINE('',#9210,#9211);
#9210 = CARTESIAN_POINT('',(-0.458971,-9.5,4.E-02));
#9211 = VECTOR('',#9212,1.);
#9212 = DIRECTION('',(0.,1.,0.));
#9213 = ORIENTED_EDGE('',*,*,#9176,.F.);
#9214 = ORIENTED_EDGE('',*,*,#9215,.F.);
#9215 = EDGE_CURVE('',#9199,#9177,#9216,.T.);
#9216 = LINE('',#9217,#9218);
#9217 = CARTESIAN_POINT('',(-0.458971,-9.5,0.));
#9218 = VECTOR('',#9219,1.);
#9219 = DIRECTION('',(0.,1.,0.));
#9220 = PLANE('',#9221);
#9221 = AXIS2_PLACEMENT_3D('',#9222,#9223,#9224);
#9222 = CARTESIAN_POINT('',(-0.458971,-9.5,0.));
#9223 = DIRECTION('',(-1.,0.,0.));
#9224 = DIRECTION('',(0.,1.,0.));
#9225 = ADVANCED_FACE('',(#9226),#9251,.T.);
#9226 = FACE_BOUND('',#9227,.T.);
#9227 = EDGE_LOOP('',(#9228,#9238,#9244,#9245));
#9228 = ORIENTED_EDGE('',*,*,#9229,.T.);
#9229 = EDGE_CURVE('',#9230,#9232,#9234,.T.);
#9230 = VERTEX_POINT('',#9231);
#9231 = CARTESIAN_POINT('',(-0.158971,-9.5,0.));
#9232 = VERTEX_POINT('',#9233);
#9233 = CARTESIAN_POINT('',(-0.158971,-9.5,4.E-02));
#9234 = LINE('',#9235,#9236);
#9235 = CARTESIAN_POINT('',(-0.158971,-9.5,0.));
#9236 = VECTOR('',#9237,1.);
#9237 = DIRECTION('',(0.,0.,1.));
#9238 = ORIENTED_EDGE('',*,*,#9239,.T.);
#9239 = EDGE_CURVE('',#9232,#9201,#9240,.T.);
#9240 = LINE('',#9241,#9242);
#9241 = CARTESIAN_POINT('',(-0.158971,-9.5,4.E-02));
#9242 = VECTOR('',#9243,1.);
#9243 = DIRECTION('',(-1.,0.,0.));
#9244 = ORIENTED_EDGE('',*,*,#9198,.F.);
#9245 = ORIENTED_EDGE('',*,*,#9246,.F.);
#9246 = EDGE_CURVE('',#9230,#9199,#9247,.T.);
#9247 = LINE('',#9248,#9249);
#9248 = CARTESIAN_POINT('',(-0.158971,-9.5,0.));
#9249 = VECTOR('',#9250,1.);
#9250 = DIRECTION('',(-1.,0.,0.));
#9251 = PLANE('',#9252);
#9252 = AXIS2_PLACEMENT_3D('',#9253,#9254,#9255);
#9253 = CARTESIAN_POINT('',(-0.158971,-9.5,0.));
#9254 = DIRECTION('',(0.,-1.,0.));
#9255 = DIRECTION('',(-1.,0.,0.));
#9256 = ADVANCED_FACE('',(#9257),#9282,.T.);
#9257 = FACE_BOUND('',#9258,.T.);
#9258 = EDGE_LOOP('',(#9259,#9269,#9275,#9276));
#9259 = ORIENTED_EDGE('',*,*,#9260,.T.);
#9260 = EDGE_CURVE('',#9261,#9263,#9265,.T.);
#9261 = VERTEX_POINT('',#9262);
#9262 = CARTESIAN_POINT('',(-0.158971,-7.,0.));
#9263 = VERTEX_POINT('',#9264);
#9264 = CARTESIAN_POINT('',(-0.158971,-7.,4.E-02));
#9265 = LINE('',#9266,#9267);
#9266 = CARTESIAN_POINT('',(-0.158971,-7.,0.));
#9267 = VECTOR('',#9268,1.);
#9268 = DIRECTION('',(0.,0.,1.));
#9269 = ORIENTED_EDGE('',*,*,#9270,.T.);
#9270 = EDGE_CURVE('',#9263,#9232,#9271,.T.);
#9271 = LINE('',#9272,#9273);
#9272 = CARTESIAN_POINT('',(-0.158971,-7.,4.E-02));
#9273 = VECTOR('',#9274,1.);
#9274 = DIRECTION('',(0.,-1.,0.));
#9275 = ORIENTED_EDGE('',*,*,#9229,.F.);
#9276 = ORIENTED_EDGE('',*,*,#9277,.F.);
#9277 = EDGE_CURVE('',#9261,#9230,#9278,.T.);
#9278 = LINE('',#9279,#9280);
#9279 = CARTESIAN_POINT('',(-0.158971,-7.,0.));
#9280 = VECTOR('',#9281,1.);
#9281 = DIRECTION('',(0.,-1.,0.));
#9282 = PLANE('',#9283);
#9283 = AXIS2_PLACEMENT_3D('',#9284,#9285,#9286);
#9284 = CARTESIAN_POINT('',(-0.158971,-7.,0.));
#9285 = DIRECTION('',(1.,0.,0.));
#9286 = DIRECTION('',(0.,-1.,0.));
#9287 = ADVANCED_FACE('',(#9288),#9313,.F.);
#9288 = FACE_BOUND('',#9289,.F.);
#9289 = EDGE_LOOP('',(#9290,#9291,#9299,#9307));
#9290 = ORIENTED_EDGE('',*,*,#9260,.T.);
#9291 = ORIENTED_EDGE('',*,*,#9292,.T.);
#9292 = EDGE_CURVE('',#9263,#9293,#9295,.T.);
#9293 = VERTEX_POINT('',#9294);
#9294 = CARTESIAN_POINT('',(4.1029E-02,-7.,4.E-02));
#9295 = LINE('',#9296,#9297);
#9296 = CARTESIAN_POINT('',(-0.158971,-7.,4.E-02));
#9297 = VECTOR('',#9298,1.);
#9298 = DIRECTION('',(1.,0.,0.));
#9299 = ORIENTED_EDGE('',*,*,#9300,.F.);
#9300 = EDGE_CURVE('',#9301,#9293,#9303,.T.);
#9301 = VERTEX_POINT('',#9302);
#9302 = CARTESIAN_POINT('',(4.1029E-02,-7.,0.));
#9303 = LINE('',#9304,#9305);
#9304 = CARTESIAN_POINT('',(4.1029E-02,-7.,0.));
#9305 = VECTOR('',#9306,1.);
#9306 = DIRECTION('',(0.,0.,1.));
#9307 = ORIENTED_EDGE('',*,*,#9308,.F.);
#9308 = EDGE_CURVE('',#9261,#9301,#9309,.T.);
#9309 = LINE('',#9310,#9311);
#9310 = CARTESIAN_POINT('',(-0.158971,-7.,0.));
#9311 = VECTOR('',#9312,1.);
#9312 = DIRECTION('',(1.,0.,0.));
#9313 = PLANE('',#9314);
#9314 = AXIS2_PLACEMENT_3D('',#9315,#9316,#9317);
#9315 = CARTESIAN_POINT('',(-0.158971,-7.,0.));
#9316 = DIRECTION('',(0.,1.,0.));
#9317 = DIRECTION('',(1.,0.,0.));
#9318 = ADVANCED_FACE('',(#9319),#9344,.T.);
#9319 = FACE_BOUND('',#9320,.T.);
#9320 = EDGE_LOOP('',(#9321,#9331,#9337,#9338));
#9321 = ORIENTED_EDGE('',*,*,#9322,.T.);
#9322 = EDGE_CURVE('',#9323,#9325,#9327,.T.);
#9323 = VERTEX_POINT('',#9324);
#9324 = CARTESIAN_POINT('',(4.1029E-02,-9.5,0.));
#9325 = VERTEX_POINT('',#9326);
#9326 = CARTESIAN_POINT('',(4.1029E-02,-9.5,4.E-02));
#9327 = LINE('',#9328,#9329);
#9328 = CARTESIAN_POINT('',(4.1029E-02,-9.5,0.));
#9329 = VECTOR('',#9330,1.);
#9330 = DIRECTION('',(0.,0.,1.));
#9331 = ORIENTED_EDGE('',*,*,#9332,.T.);
#9332 = EDGE_CURVE('',#9325,#9293,#9333,.T.);
#9333 = LINE('',#9334,#9335);
#9334 = CARTESIAN_POINT('',(4.1029E-02,-9.5,4.E-02));
#9335 = VECTOR('',#9336,1.);
#9336 = DIRECTION('',(0.,1.,0.));
#9337 = ORIENTED_EDGE('',*,*,#9300,.F.);
#9338 = ORIENTED_EDGE('',*,*,#9339,.F.);
#9339 = EDGE_CURVE('',#9323,#9301,#9340,.T.);
#9340 = LINE('',#9341,#9342);
#9341 = CARTESIAN_POINT('',(4.1029E-02,-9.5,0.));
#9342 = VECTOR('',#9343,1.);
#9343 = DIRECTION('',(0.,1.,0.));
#9344 = PLANE('',#9345);
#9345 = AXIS2_PLACEMENT_3D('',#9346,#9347,#9348);
#9346 = CARTESIAN_POINT('',(4.1029E-02,-9.5,0.));
#9347 = DIRECTION('',(-1.,0.,0.));
#9348 = DIRECTION('',(0.,1.,0.));
#9349 = ADVANCED_FACE('',(#9350),#9375,.T.);
#9350 = FACE_BOUND('',#9351,.T.);
#9351 = EDGE_LOOP('',(#9352,#9362,#9368,#9369));
#9352 = ORIENTED_EDGE('',*,*,#9353,.T.);
#9353 = EDGE_CURVE('',#9354,#9356,#9358,.T.);
#9354 = VERTEX_POINT('',#9355);
#9355 = CARTESIAN_POINT('',(0.341029,-9.5,0.));
#9356 = VERTEX_POINT('',#9357);
#9357 = CARTESIAN_POINT('',(0.341029,-9.5,4.E-02));
#9358 = LINE('',#9359,#9360);
#9359 = CARTESIAN_POINT('',(0.341029,-9.5,0.));
#9360 = VECTOR('',#9361,1.);
#9361 = DIRECTION('',(0.,0.,1.));
#9362 = ORIENTED_EDGE('',*,*,#9363,.T.);
#9363 = EDGE_CURVE('',#9356,#9325,#9364,.T.);
#9364 = LINE('',#9365,#9366);
#9365 = CARTESIAN_POINT('',(0.341029,-9.5,4.E-02));
#9366 = VECTOR('',#9367,1.);
#9367 = DIRECTION('',(-1.,0.,0.));
#9368 = ORIENTED_EDGE('',*,*,#9322,.F.);
#9369 = ORIENTED_EDGE('',*,*,#9370,.F.);
#9370 = EDGE_CURVE('',#9354,#9323,#9371,.T.);
#9371 = LINE('',#9372,#9373);
#9372 = CARTESIAN_POINT('',(0.341029,-9.5,0.));
#9373 = VECTOR('',#9374,1.);
#9374 = DIRECTION('',(-1.,0.,0.));
#9375 = PLANE('',#9376);
#9376 = AXIS2_PLACEMENT_3D('',#9377,#9378,#9379);
#9377 = CARTESIAN_POINT('',(0.341029,-9.5,0.));
#9378 = DIRECTION('',(0.,-1.,0.));
#9379 = DIRECTION('',(-1.,0.,0.));
#9380 = ADVANCED_FACE('',(#9381),#9406,.T.);
#9381 = FACE_BOUND('',#9382,.T.);
#9382 = EDGE_LOOP('',(#9383,#9393,#9399,#9400));
#9383 = ORIENTED_EDGE('',*,*,#9384,.T.);
#9384 = EDGE_CURVE('',#9385,#9387,#9389,.T.);
#9385 = VERTEX_POINT('',#9386);
#9386 = CARTESIAN_POINT('',(0.341029,-7.,0.));
#9387 = VERTEX_POINT('',#9388);
#9388 = CARTESIAN_POINT('',(0.341029,-7.,4.E-02));
#9389 = LINE('',#9390,#9391);
#9390 = CARTESIAN_POINT('',(0.341029,-7.,0.));
#9391 = VECTOR('',#9392,1.);
#9392 = DIRECTION('',(0.,0.,1.));
#9393 = ORIENTED_EDGE('',*,*,#9394,.T.);
#9394 = EDGE_CURVE('',#9387,#9356,#9395,.T.);
#9395 = LINE('',#9396,#9397);
#9396 = CARTESIAN_POINT('',(0.341029,-7.,4.E-02));
#9397 = VECTOR('',#9398,1.);
#9398 = DIRECTION('',(0.,-1.,0.));
#9399 = ORIENTED_EDGE('',*,*,#9353,.F.);
#9400 = ORIENTED_EDGE('',*,*,#9401,.F.);
#9401 = EDGE_CURVE('',#9385,#9354,#9402,.T.);
#9402 = LINE('',#9403,#9404);
#9403 = CARTESIAN_POINT('',(0.341029,-7.,0.));
#9404 = VECTOR('',#9405,1.);
#9405 = DIRECTION('',(0.,-1.,0.));
#9406 = PLANE('',#9407);
#9407 = AXIS2_PLACEMENT_3D('',#9408,#9409,#9410);
#9408 = CARTESIAN_POINT('',(0.341029,-7.,0.));
#9409 = DIRECTION('',(1.,0.,0.));
#9410 = DIRECTION('',(0.,-1.,0.));
#9411 = ADVANCED_FACE('',(#9412),#9437,.F.);
#9412 = FACE_BOUND('',#9413,.F.);
#9413 = EDGE_LOOP('',(#9414,#9415,#9423,#9431));
#9414 = ORIENTED_EDGE('',*,*,#9384,.T.);
#9415 = ORIENTED_EDGE('',*,*,#9416,.T.);
#9416 = EDGE_CURVE('',#9387,#9417,#9419,.T.);
#9417 = VERTEX_POINT('',#9418);
#9418 = CARTESIAN_POINT('',(0.541029,-7.,4.E-02));
#9419 = LINE('',#9420,#9421);
#9420 = CARTESIAN_POINT('',(0.341029,-7.,4.E-02));
#9421 = VECTOR('',#9422,1.);
#9422 = DIRECTION('',(1.,0.,0.));
#9423 = ORIENTED_EDGE('',*,*,#9424,.F.);
#9424 = EDGE_CURVE('',#9425,#9417,#9427,.T.);
#9425 = VERTEX_POINT('',#9426);
#9426 = CARTESIAN_POINT('',(0.541029,-7.,0.));
#9427 = LINE('',#9428,#9429);
#9428 = CARTESIAN_POINT('',(0.541029,-7.,0.));
#9429 = VECTOR('',#9430,1.);
#9430 = DIRECTION('',(0.,0.,1.));
#9431 = ORIENTED_EDGE('',*,*,#9432,.F.);
#9432 = EDGE_CURVE('',#9385,#9425,#9433,.T.);
#9433 = LINE('',#9434,#9435);
#9434 = CARTESIAN_POINT('',(0.341029,-7.,0.));
#9435 = VECTOR('',#9436,1.);
#9436 = DIRECTION('',(1.,0.,0.));
#9437 = PLANE('',#9438);
#9438 = AXIS2_PLACEMENT_3D('',#9439,#9440,#9441);
#9439 = CARTESIAN_POINT('',(0.341029,-7.,0.));
#9440 = DIRECTION('',(0.,1.,0.));
#9441 = DIRECTION('',(1.,0.,0.));
#9442 = ADVANCED_FACE('',(#9443),#9468,.T.);
#9443 = FACE_BOUND('',#9444,.T.);
#9444 = EDGE_LOOP('',(#9445,#9455,#9461,#9462));
#9445 = ORIENTED_EDGE('',*,*,#9446,.T.);
#9446 = EDGE_CURVE('',#9447,#9449,#9451,.T.);
#9447 = VERTEX_POINT('',#9448);
#9448 = CARTESIAN_POINT('',(0.541029,-9.5,0.));
#9449 = VERTEX_POINT('',#9450);
#9450 = CARTESIAN_POINT('',(0.541029,-9.5,4.E-02));
#9451 = LINE('',#9452,#9453);
#9452 = CARTESIAN_POINT('',(0.541029,-9.5,0.));
#9453 = VECTOR('',#9454,1.);
#9454 = DIRECTION('',(0.,0.,1.));
#9455 = ORIENTED_EDGE('',*,*,#9456,.T.);
#9456 = EDGE_CURVE('',#9449,#9417,#9457,.T.);
#9457 = LINE('',#9458,#9459);
#9458 = CARTESIAN_POINT('',(0.541029,-9.5,4.E-02));
#9459 = VECTOR('',#9460,1.);
#9460 = DIRECTION('',(0.,1.,0.));
#9461 = ORIENTED_EDGE('',*,*,#9424,.F.);
#9462 = ORIENTED_EDGE('',*,*,#9463,.F.);
#9463 = EDGE_CURVE('',#9447,#9425,#9464,.T.);
#9464 = LINE('',#9465,#9466);
#9465 = CARTESIAN_POINT('',(0.541029,-9.5,0.));
#9466 = VECTOR('',#9467,1.);
#9467 = DIRECTION('',(0.,1.,0.));
#9468 = PLANE('',#9469);
#9469 = AXIS2_PLACEMENT_3D('',#9470,#9471,#9472);
#9470 = CARTESIAN_POINT('',(0.541029,-9.5,0.));
#9471 = DIRECTION('',(-1.,0.,0.));
#9472 = DIRECTION('',(0.,1.,0.));
#9473 = ADVANCED_FACE('',(#9474),#9499,.T.);
#9474 = FACE_BOUND('',#9475,.T.);
#9475 = EDGE_LOOP('',(#9476,#9486,#9492,#9493));
#9476 = ORIENTED_EDGE('',*,*,#9477,.T.);
#9477 = EDGE_CURVE('',#9478,#9480,#9482,.T.);
#9478 = VERTEX_POINT('',#9479);
#9479 = CARTESIAN_POINT('',(0.841029,-9.5,0.));
#9480 = VERTEX_POINT('',#9481);
#9481 = CARTESIAN_POINT('',(0.841029,-9.5,4.E-02));
#9482 = LINE('',#9483,#9484);
#9483 = CARTESIAN_POINT('',(0.841029,-9.5,0.));
#9484 = VECTOR('',#9485,1.);
#9485 = DIRECTION('',(0.,0.,1.));
#9486 = ORIENTED_EDGE('',*,*,#9487,.T.);
#9487 = EDGE_CURVE('',#9480,#9449,#9488,.T.);
#9488 = LINE('',#9489,#9490);
#9489 = CARTESIAN_POINT('',(0.841029,-9.5,4.E-02));
#9490 = VECTOR('',#9491,1.);
#9491 = DIRECTION('',(-1.,0.,0.));
#9492 = ORIENTED_EDGE('',*,*,#9446,.F.);
#9493 = ORIENTED_EDGE('',*,*,#9494,.F.);
#9494 = EDGE_CURVE('',#9478,#9447,#9495,.T.);
#9495 = LINE('',#9496,#9497);
#9496 = CARTESIAN_POINT('',(0.841029,-9.5,0.));
#9497 = VECTOR('',#9498,1.);
#9498 = DIRECTION('',(-1.,0.,0.));
#9499 = PLANE('',#9500);
#9500 = AXIS2_PLACEMENT_3D('',#9501,#9502,#9503);
#9501 = CARTESIAN_POINT('',(0.841029,-9.5,0.));
#9502 = DIRECTION('',(0.,-1.,0.));
#9503 = DIRECTION('',(-1.,0.,0.));
#9504 = ADVANCED_FACE('',(#9505),#9530,.T.);
#9505 = FACE_BOUND('',#9506,.T.);
#9506 = EDGE_LOOP('',(#9507,#9517,#9523,#9524));
#9507 = ORIENTED_EDGE('',*,*,#9508,.T.);
#9508 = EDGE_CURVE('',#9509,#9511,#9513,.T.);
#9509 = VERTEX_POINT('',#9510);
#9510 = CARTESIAN_POINT('',(0.841029,-7.,0.));
#9511 = VERTEX_POINT('',#9512);
#9512 = CARTESIAN_POINT('',(0.841029,-7.,4.E-02));
#9513 = LINE('',#9514,#9515);
#9514 = CARTESIAN_POINT('',(0.841029,-7.,0.));
#9515 = VECTOR('',#9516,1.);
#9516 = DIRECTION('',(0.,0.,1.));
#9517 = ORIENTED_EDGE('',*,*,#9518,.T.);
#9518 = EDGE_CURVE('',#9511,#9480,#9519,.T.);
#9519 = LINE('',#9520,#9521);
#9520 = CARTESIAN_POINT('',(0.841029,-7.,4.E-02));
#9521 = VECTOR('',#9522,1.);
#9522 = DIRECTION('',(0.,-1.,0.));
#9523 = ORIENTED_EDGE('',*,*,#9477,.F.);
#9524 = ORIENTED_EDGE('',*,*,#9525,.F.);
#9525 = EDGE_CURVE('',#9509,#9478,#9526,.T.);
#9526 = LINE('',#9527,#9528);
#9527 = CARTESIAN_POINT('',(0.841029,-7.,0.));
#9528 = VECTOR('',#9529,1.);
#9529 = DIRECTION('',(0.,-1.,0.));
#9530 = PLANE('',#9531);
#9531 = AXIS2_PLACEMENT_3D('',#9532,#9533,#9534);
#9532 = CARTESIAN_POINT('',(0.841029,-7.,0.));
#9533 = DIRECTION('',(1.,0.,0.));
#9534 = DIRECTION('',(0.,-1.,0.));
#9535 = ADVANCED_FACE('',(#9536),#9561,.F.);
#9536 = FACE_BOUND('',#9537,.F.);
#9537 = EDGE_LOOP('',(#9538,#9539,#9547,#9555));
#9538 = ORIENTED_EDGE('',*,*,#9508,.T.);
#9539 = ORIENTED_EDGE('',*,*,#9540,.T.);
#9540 = EDGE_CURVE('',#9511,#9541,#9543,.T.);
#9541 = VERTEX_POINT('',#9542);
#9542 = CARTESIAN_POINT('',(1.041029,-7.,4.E-02));
#9543 = LINE('',#9544,#9545);
#9544 = CARTESIAN_POINT('',(0.841029,-7.,4.E-02));
#9545 = VECTOR('',#9546,1.);
#9546 = DIRECTION('',(1.,0.,0.));
#9547 = ORIENTED_EDGE('',*,*,#9548,.F.);
#9548 = EDGE_CURVE('',#9549,#9541,#9551,.T.);
#9549 = VERTEX_POINT('',#9550);
#9550 = CARTESIAN_POINT('',(1.041029,-7.,0.));
#9551 = LINE('',#9552,#9553);
#9552 = CARTESIAN_POINT('',(1.041029,-7.,0.));
#9553 = VECTOR('',#9554,1.);
#9554 = DIRECTION('',(0.,0.,1.));
#9555 = ORIENTED_EDGE('',*,*,#9556,.F.);
#9556 = EDGE_CURVE('',#9509,#9549,#9557,.T.);
#9557 = LINE('',#9558,#9559);
#9558 = CARTESIAN_POINT('',(0.841029,-7.,0.));
#9559 = VECTOR('',#9560,1.);
#9560 = DIRECTION('',(1.,0.,0.));
#9561 = PLANE('',#9562);
#9562 = AXIS2_PLACEMENT_3D('',#9563,#9564,#9565);
#9563 = CARTESIAN_POINT('',(0.841029,-7.,0.));
#9564 = DIRECTION('',(0.,1.,0.));
#9565 = DIRECTION('',(1.,0.,0.));
#9566 = ADVANCED_FACE('',(#9567),#9592,.T.);
#9567 = FACE_BOUND('',#9568,.T.);
#9568 = EDGE_LOOP('',(#9569,#9579,#9585,#9586));
#9569 = ORIENTED_EDGE('',*,*,#9570,.T.);
#9570 = EDGE_CURVE('',#9571,#9573,#9575,.T.);
#9571 = VERTEX_POINT('',#9572);
#9572 = CARTESIAN_POINT('',(1.041029,-9.5,0.));
#9573 = VERTEX_POINT('',#9574);
#9574 = CARTESIAN_POINT('',(1.041029,-9.5,4.E-02));
#9575 = LINE('',#9576,#9577);
#9576 = CARTESIAN_POINT('',(1.041029,-9.5,0.));
#9577 = VECTOR('',#9578,1.);
#9578 = DIRECTION('',(0.,0.,1.));
#9579 = ORIENTED_EDGE('',*,*,#9580,.T.);
#9580 = EDGE_CURVE('',#9573,#9541,#9581,.T.);
#9581 = LINE('',#9582,#9583);
#9582 = CARTESIAN_POINT('',(1.041029,-9.5,4.E-02));
#9583 = VECTOR('',#9584,1.);
#9584 = DIRECTION('',(0.,1.,0.));
#9585 = ORIENTED_EDGE('',*,*,#9548,.F.);
#9586 = ORIENTED_EDGE('',*,*,#9587,.F.);
#9587 = EDGE_CURVE('',#9571,#9549,#9588,.T.);
#9588 = LINE('',#9589,#9590);
#9589 = CARTESIAN_POINT('',(1.041029,-9.5,0.));
#9590 = VECTOR('',#9591,1.);
#9591 = DIRECTION('',(0.,1.,0.));
#9592 = PLANE('',#9593);
#9593 = AXIS2_PLACEMENT_3D('',#9594,#9595,#9596);
#9594 = CARTESIAN_POINT('',(1.041029,-9.5,0.));
#9595 = DIRECTION('',(-1.,0.,0.));
#9596 = DIRECTION('',(0.,1.,0.));
#9597 = ADVANCED_FACE('',(#9598),#9623,.T.);
#9598 = FACE_BOUND('',#9599,.T.);
#9599 = EDGE_LOOP('',(#9600,#9610,#9616,#9617));
#9600 = ORIENTED_EDGE('',*,*,#9601,.T.);
#9601 = EDGE_CURVE('',#9602,#9604,#9606,.T.);
#9602 = VERTEX_POINT('',#9603);
#9603 = CARTESIAN_POINT('',(1.341029,-9.5,0.));
#9604 = VERTEX_POINT('',#9605);
#9605 = CARTESIAN_POINT('',(1.341029,-9.5,4.E-02));
#9606 = LINE('',#9607,#9608);
#9607 = CARTESIAN_POINT('',(1.341029,-9.5,0.));
#9608 = VECTOR('',#9609,1.);
#9609 = DIRECTION('',(0.,0.,1.));
#9610 = ORIENTED_EDGE('',*,*,#9611,.T.);
#9611 = EDGE_CURVE('',#9604,#9573,#9612,.T.);
#9612 = LINE('',#9613,#9614);
#9613 = CARTESIAN_POINT('',(1.341029,-9.5,4.E-02));
#9614 = VECTOR('',#9615,1.);
#9615 = DIRECTION('',(-1.,0.,0.));
#9616 = ORIENTED_EDGE('',*,*,#9570,.F.);
#9617 = ORIENTED_EDGE('',*,*,#9618,.F.);
#9618 = EDGE_CURVE('',#9602,#9571,#9619,.T.);
#9619 = LINE('',#9620,#9621);
#9620 = CARTESIAN_POINT('',(1.341029,-9.5,0.));
#9621 = VECTOR('',#9622,1.);
#9622 = DIRECTION('',(-1.,0.,0.));
#9623 = PLANE('',#9624);
#9624 = AXIS2_PLACEMENT_3D('',#9625,#9626,#9627);
#9625 = CARTESIAN_POINT('',(1.341029,-9.5,0.));
#9626 = DIRECTION('',(0.,-1.,0.));
#9627 = DIRECTION('',(-1.,0.,0.));
#9628 = ADVANCED_FACE('',(#9629),#9654,.T.);
#9629 = FACE_BOUND('',#9630,.T.);
#9630 = EDGE_LOOP('',(#9631,#9641,#9647,#9648));
#9631 = ORIENTED_EDGE('',*,*,#9632,.T.);
#9632 = EDGE_CURVE('',#9633,#9635,#9637,.T.);
#9633 = VERTEX_POINT('',#9634);
#9634 = CARTESIAN_POINT('',(1.341029,-7.,0.));
#9635 = VERTEX_POINT('',#9636);
#9636 = CARTESIAN_POINT('',(1.341029,-7.,4.E-02));
#9637 = LINE('',#9638,#9639);
#9638 = CARTESIAN_POINT('',(1.341029,-7.,0.));
#9639 = VECTOR('',#9640,1.);
#9640 = DIRECTION('',(0.,0.,1.));
#9641 = ORIENTED_EDGE('',*,*,#9642,.T.);
#9642 = EDGE_CURVE('',#9635,#9604,#9643,.T.);
#9643 = LINE('',#9644,#9645);
#9644 = CARTESIAN_POINT('',(1.341029,-7.,4.E-02));
#9645 = VECTOR('',#9646,1.);
#9646 = DIRECTION('',(0.,-1.,0.));
#9647 = ORIENTED_EDGE('',*,*,#9601,.F.);
#9648 = ORIENTED_EDGE('',*,*,#9649,.F.);
#9649 = EDGE_CURVE('',#9633,#9602,#9650,.T.);
#9650 = LINE('',#9651,#9652);
#9651 = CARTESIAN_POINT('',(1.341029,-7.,0.));
#9652 = VECTOR('',#9653,1.);
#9653 = DIRECTION('',(0.,-1.,0.));
#9654 = PLANE('',#9655);
#9655 = AXIS2_PLACEMENT_3D('',#9656,#9657,#9658);
#9656 = CARTESIAN_POINT('',(1.341029,-7.,0.));
#9657 = DIRECTION('',(1.,0.,0.));
#9658 = DIRECTION('',(0.,-1.,0.));
#9659 = ADVANCED_FACE('',(#9660),#9685,.F.);
#9660 = FACE_BOUND('',#9661,.F.);
#9661 = EDGE_LOOP('',(#9662,#9663,#9671,#9679));
#9662 = ORIENTED_EDGE('',*,*,#9632,.T.);
#9663 = ORIENTED_EDGE('',*,*,#9664,.T.);
#9664 = EDGE_CURVE('',#9635,#9665,#9667,.T.);
#9665 = VERTEX_POINT('',#9666);
#9666 = CARTESIAN_POINT('',(1.541029,-7.,4.E-02));
#9667 = LINE('',#9668,#9669);
#9668 = CARTESIAN_POINT('',(1.341029,-7.,4.E-02));
#9669 = VECTOR('',#9670,1.);
#9670 = DIRECTION('',(1.,0.,0.));
#9671 = ORIENTED_EDGE('',*,*,#9672,.F.);
#9672 = EDGE_CURVE('',#9673,#9665,#9675,.T.);
#9673 = VERTEX_POINT('',#9674);
#9674 = CARTESIAN_POINT('',(1.541029,-7.,0.));
#9675 = LINE('',#9676,#9677);
#9676 = CARTESIAN_POINT('',(1.541029,-7.,0.));
#9677 = VECTOR('',#9678,1.);
#9678 = DIRECTION('',(0.,0.,1.));
#9679 = ORIENTED_EDGE('',*,*,#9680,.F.);
#9680 = EDGE_CURVE('',#9633,#9673,#9681,.T.);
#9681 = LINE('',#9682,#9683);
#9682 = CARTESIAN_POINT('',(1.341029,-7.,0.));
#9683 = VECTOR('',#9684,1.);
#9684 = DIRECTION('',(1.,0.,0.));
#9685 = PLANE('',#9686);
#9686 = AXIS2_PLACEMENT_3D('',#9687,#9688,#9689);
#9687 = CARTESIAN_POINT('',(1.341029,-7.,0.));
#9688 = DIRECTION('',(0.,1.,0.));
#9689 = DIRECTION('',(1.,0.,0.));
#9690 = ADVANCED_FACE('',(#9691),#9716,.T.);
#9691 = FACE_BOUND('',#9692,.T.);
#9692 = EDGE_LOOP('',(#9693,#9703,#9709,#9710));
#9693 = ORIENTED_EDGE('',*,*,#9694,.T.);
#9694 = EDGE_CURVE('',#9695,#9697,#9699,.T.);
#9695 = VERTEX_POINT('',#9696);
#9696 = CARTESIAN_POINT('',(1.541029,-9.5,0.));
#9697 = VERTEX_POINT('',#9698);
#9698 = CARTESIAN_POINT('',(1.541029,-9.5,4.E-02));
#9699 = LINE('',#9700,#9701);
#9700 = CARTESIAN_POINT('',(1.541029,-9.5,0.));
#9701 = VECTOR('',#9702,1.);
#9702 = DIRECTION('',(0.,0.,1.));
#9703 = ORIENTED_EDGE('',*,*,#9704,.T.);
#9704 = EDGE_CURVE('',#9697,#9665,#9705,.T.);
#9705 = LINE('',#9706,#9707);
#9706 = CARTESIAN_POINT('',(1.541029,-9.5,4.E-02));
#9707 = VECTOR('',#9708,1.);
#9708 = DIRECTION('',(0.,1.,0.));
#9709 = ORIENTED_EDGE('',*,*,#9672,.F.);
#9710 = ORIENTED_EDGE('',*,*,#9711,.F.);
#9711 = EDGE_CURVE('',#9695,#9673,#9712,.T.);
#9712 = LINE('',#9713,#9714);
#9713 = CARTESIAN_POINT('',(1.541029,-9.5,0.));
#9714 = VECTOR('',#9715,1.);
#9715 = DIRECTION('',(0.,1.,0.));
#9716 = PLANE('',#9717);
#9717 = AXIS2_PLACEMENT_3D('',#9718,#9719,#9720);
#9718 = CARTESIAN_POINT('',(1.541029,-9.5,0.));
#9719 = DIRECTION('',(-1.,0.,0.));
#9720 = DIRECTION('',(0.,1.,0.));
#9721 = ADVANCED_FACE('',(#9722),#9747,.T.);
#9722 = FACE_BOUND('',#9723,.T.);
#9723 = EDGE_LOOP('',(#9724,#9734,#9740,#9741));
#9724 = ORIENTED_EDGE('',*,*,#9725,.T.);
#9725 = EDGE_CURVE('',#9726,#9728,#9730,.T.);
#9726 = VERTEX_POINT('',#9727);
#9727 = CARTESIAN_POINT('',(1.841029,-9.5,0.));
#9728 = VERTEX_POINT('',#9729);
#9729 = CARTESIAN_POINT('',(1.841029,-9.5,4.E-02));
#9730 = LINE('',#9731,#9732);
#9731 = CARTESIAN_POINT('',(1.841029,-9.5,0.));
#9732 = VECTOR('',#9733,1.);
#9733 = DIRECTION('',(0.,0.,1.));
#9734 = ORIENTED_EDGE('',*,*,#9735,.T.);
#9735 = EDGE_CURVE('',#9728,#9697,#9736,.T.);
#9736 = LINE('',#9737,#9738);
#9737 = CARTESIAN_POINT('',(1.841029,-9.5,4.E-02));
#9738 = VECTOR('',#9739,1.);
#9739 = DIRECTION('',(-1.,0.,0.));
#9740 = ORIENTED_EDGE('',*,*,#9694,.F.);
#9741 = ORIENTED_EDGE('',*,*,#9742,.F.);
#9742 = EDGE_CURVE('',#9726,#9695,#9743,.T.);
#9743 = LINE('',#9744,#9745);
#9744 = CARTESIAN_POINT('',(1.841029,-9.5,0.));
#9745 = VECTOR('',#9746,1.);
#9746 = DIRECTION('',(-1.,0.,0.));
#9747 = PLANE('',#9748);
#9748 = AXIS2_PLACEMENT_3D('',#9749,#9750,#9751);
#9749 = CARTESIAN_POINT('',(1.841029,-9.5,0.));
#9750 = DIRECTION('',(0.,-1.,0.));
#9751 = DIRECTION('',(-1.,0.,0.));
#9752 = ADVANCED_FACE('',(#9753),#9778,.T.);
#9753 = FACE_BOUND('',#9754,.T.);
#9754 = EDGE_LOOP('',(#9755,#9765,#9771,#9772));
#9755 = ORIENTED_EDGE('',*,*,#9756,.T.);
#9756 = EDGE_CURVE('',#9757,#9759,#9761,.T.);
#9757 = VERTEX_POINT('',#9758);
#9758 = CARTESIAN_POINT('',(1.841029,-7.,0.));
#9759 = VERTEX_POINT('',#9760);
#9760 = CARTESIAN_POINT('',(1.841029,-7.,4.E-02));
#9761 = LINE('',#9762,#9763);
#9762 = CARTESIAN_POINT('',(1.841029,-7.,0.));
#9763 = VECTOR('',#9764,1.);
#9764 = DIRECTION('',(0.,0.,1.));
#9765 = ORIENTED_EDGE('',*,*,#9766,.T.);
#9766 = EDGE_CURVE('',#9759,#9728,#9767,.T.);
#9767 = LINE('',#9768,#9769);
#9768 = CARTESIAN_POINT('',(1.841029,-7.,4.E-02));
#9769 = VECTOR('',#9770,1.);
#9770 = DIRECTION('',(0.,-1.,0.));
#9771 = ORIENTED_EDGE('',*,*,#9725,.F.);
#9772 = ORIENTED_EDGE('',*,*,#9773,.F.);
#9773 = EDGE_CURVE('',#9757,#9726,#9774,.T.);
#9774 = LINE('',#9775,#9776);
#9775 = CARTESIAN_POINT('',(1.841029,-7.,0.));
#9776 = VECTOR('',#9777,1.);
#9777 = DIRECTION('',(0.,-1.,0.));
#9778 = PLANE('',#9779);
#9779 = AXIS2_PLACEMENT_3D('',#9780,#9781,#9782);
#9780 = CARTESIAN_POINT('',(1.841029,-7.,0.));
#9781 = DIRECTION('',(1.,0.,0.));
#9782 = DIRECTION('',(0.,-1.,0.));
#9783 = ADVANCED_FACE('',(#9784),#9809,.F.);
#9784 = FACE_BOUND('',#9785,.F.);
#9785 = EDGE_LOOP('',(#9786,#9787,#9795,#9803));
#9786 = ORIENTED_EDGE('',*,*,#9756,.T.);
#9787 = ORIENTED_EDGE('',*,*,#9788,.T.);
#9788 = EDGE_CURVE('',#9759,#9789,#9791,.T.);
#9789 = VERTEX_POINT('',#9790);
#9790 = CARTESIAN_POINT('',(1.1,-4.499071,4.E-02));
#9791 = LINE('',#9792,#9793);
#9792 = CARTESIAN_POINT('',(1.841029,-7.,4.E-02));
#9793 = VECTOR('',#9794,1.);
#9794 = DIRECTION('',(-0.284092911348,0.958796755168,0.));
#9795 = ORIENTED_EDGE('',*,*,#9796,.F.);
#9796 = EDGE_CURVE('',#9797,#9789,#9799,.T.);
#9797 = VERTEX_POINT('',#9798);
#9798 = CARTESIAN_POINT('',(1.1,-4.499071,0.));
#9799 = LINE('',#9800,#9801);
#9800 = CARTESIAN_POINT('',(1.1,-4.499071,0.));
#9801 = VECTOR('',#9802,1.);
#9802 = DIRECTION('',(0.,0.,1.));
#9803 = ORIENTED_EDGE('',*,*,#9804,.F.);
#9804 = EDGE_CURVE('',#9757,#9797,#9805,.T.);
#9805 = LINE('',#9806,#9807);
#9806 = CARTESIAN_POINT('',(1.841029,-7.,0.));
#9807 = VECTOR('',#9808,1.);
#9808 = DIRECTION('',(-0.284092911348,0.958796755168,0.));
#9809 = PLANE('',#9810);
#9810 = AXIS2_PLACEMENT_3D('',#9811,#9812,#9813);
#9811 = CARTESIAN_POINT('',(1.841029,-7.,0.));
#9812 = DIRECTION('',(-0.958796755168,-0.284092911348,0.));
#9813 = DIRECTION('',(-0.284092911348,0.958796755168,0.));
#9814 = ADVANCED_FACE('',(#9815),#9840,.T.);
#9815 = FACE_BOUND('',#9816,.T.);
#9816 = EDGE_LOOP('',(#9817,#9827,#9833,#9834));
#9817 = ORIENTED_EDGE('',*,*,#9818,.T.);
#9818 = EDGE_CURVE('',#9819,#9821,#9823,.T.);
#9819 = VERTEX_POINT('',#9820);
#9820 = CARTESIAN_POINT('',(1.1,5.400929,0.));
#9821 = VERTEX_POINT('',#9822);
#9822 = CARTESIAN_POINT('',(1.1,5.400929,4.E-02));
#9823 = LINE('',#9824,#9825);
#9824 = CARTESIAN_POINT('',(1.1,5.400929,0.));
#9825 = VECTOR('',#9826,1.);
#9826 = DIRECTION('',(0.,0.,1.));
#9827 = ORIENTED_EDGE('',*,*,#9828,.T.);
#9828 = EDGE_CURVE('',#9821,#9789,#9829,.T.);
#9829 = LINE('',#9830,#9831);
#9830 = CARTESIAN_POINT('',(1.1,5.400929,4.E-02));
#9831 = VECTOR('',#9832,1.);
#9832 = DIRECTION('',(0.,-1.,0.));
#9833 = ORIENTED_EDGE('',*,*,#9796,.F.);
#9834 = ORIENTED_EDGE('',*,*,#9835,.F.);
#9835 = EDGE_CURVE('',#9819,#9797,#9836,.T.);
#9836 = LINE('',#9837,#9838);
#9837 = CARTESIAN_POINT('',(1.1,5.400929,0.));
#9838 = VECTOR('',#9839,1.);
#9839 = DIRECTION('',(0.,-1.,0.));
#9840 = PLANE('',#9841);
#9841 = AXIS2_PLACEMENT_3D('',#9842,#9843,#9844);
#9842 = CARTESIAN_POINT('',(1.1,5.400929,0.));
#9843 = DIRECTION('',(1.,0.,0.));
#9844 = DIRECTION('',(0.,-1.,0.));
#9845 = ADVANCED_FACE('',(#9846),#9871,.F.);
#9846 = FACE_BOUND('',#9847,.F.);
#9847 = EDGE_LOOP('',(#9848,#9849,#9857,#9865));
#9848 = ORIENTED_EDGE('',*,*,#9818,.T.);
#9849 = ORIENTED_EDGE('',*,*,#9850,.T.);
#9850 = EDGE_CURVE('',#9821,#9851,#9853,.T.);
#9851 = VERTEX_POINT('',#9852);
#9852 = CARTESIAN_POINT('',(1.15,5.400929,4.E-02));
#9853 = LINE('',#9854,#9855);
#9854 = CARTESIAN_POINT('',(1.1,5.400929,4.E-02));
#9855 = VECTOR('',#9856,1.);
#9856 = DIRECTION('',(1.,0.,0.));
#9857 = ORIENTED_EDGE('',*,*,#9858,.F.);
#9858 = EDGE_CURVE('',#9859,#9851,#9861,.T.);
#9859 = VERTEX_POINT('',#9860);
#9860 = CARTESIAN_POINT('',(1.15,5.400929,0.));
#9861 = LINE('',#9862,#9863);
#9862 = CARTESIAN_POINT('',(1.15,5.400929,0.));
#9863 = VECTOR('',#9864,1.);
#9864 = DIRECTION('',(0.,0.,1.));
#9865 = ORIENTED_EDGE('',*,*,#9866,.F.);
#9866 = EDGE_CURVE('',#9819,#9859,#9867,.T.);
#9867 = LINE('',#9868,#9869);
#9868 = CARTESIAN_POINT('',(1.1,5.400929,0.));
#9869 = VECTOR('',#9870,1.);
#9870 = DIRECTION('',(1.,0.,0.));
#9871 = PLANE('',#9872);
#9872 = AXIS2_PLACEMENT_3D('',#9873,#9874,#9875);
#9873 = CARTESIAN_POINT('',(1.1,5.400929,0.));
#9874 = DIRECTION('',(0.,1.,0.));
#9875 = DIRECTION('',(1.,0.,0.));
#9876 = ADVANCED_FACE('',(#9877),#9902,.T.);
#9877 = FACE_BOUND('',#9878,.T.);
#9878 = EDGE_LOOP('',(#9879,#9889,#9895,#9896));
#9879 = ORIENTED_EDGE('',*,*,#9880,.T.);
#9880 = EDGE_CURVE('',#9881,#9883,#9885,.T.);
#9881 = VERTEX_POINT('',#9882);
#9882 = CARTESIAN_POINT('',(1.15,-4.499071,0.));
#9883 = VERTEX_POINT('',#9884);
#9884 = CARTESIAN_POINT('',(1.15,-4.499071,4.E-02));
#9885 = LINE('',#9886,#9887);
#9886 = CARTESIAN_POINT('',(1.15,-4.499071,0.));
#9887 = VECTOR('',#9888,1.);
#9888 = DIRECTION('',(0.,0.,1.));
#9889 = ORIENTED_EDGE('',*,*,#9890,.T.);
#9890 = EDGE_CURVE('',#9883,#9851,#9891,.T.);
#9891 = LINE('',#9892,#9893);
#9892 = CARTESIAN_POINT('',(1.15,-4.499071,4.E-02));
#9893 = VECTOR('',#9894,1.);
#9894 = DIRECTION('',(0.,1.,0.));
#9895 = ORIENTED_EDGE('',*,*,#9858,.F.);
#9896 = ORIENTED_EDGE('',*,*,#9897,.F.);
#9897 = EDGE_CURVE('',#9881,#9859,#9898,.T.);
#9898 = LINE('',#9899,#9900);
#9899 = CARTESIAN_POINT('',(1.15,-4.499071,0.));
#9900 = VECTOR('',#9901,1.);
#9901 = DIRECTION('',(0.,1.,0.));
#9902 = PLANE('',#9903);
#9903 = AXIS2_PLACEMENT_3D('',#9904,#9905,#9906);
#9904 = CARTESIAN_POINT('',(1.15,-4.499071,0.));
#9905 = DIRECTION('',(-1.,0.,0.));
#9906 = DIRECTION('',(0.,1.,0.));
#9907 = ADVANCED_FACE('',(#9908),#9933,.T.);
#9908 = FACE_BOUND('',#9909,.T.);
#9909 = EDGE_LOOP('',(#9910,#9920,#9926,#9927));
#9910 = ORIENTED_EDGE('',*,*,#9911,.T.);
#9911 = EDGE_CURVE('',#9912,#9914,#9916,.T.);
#9912 = VERTEX_POINT('',#9913);
#9913 = CARTESIAN_POINT('',(2.041029,-7.,0.));
#9914 = VERTEX_POINT('',#9915);
#9915 = CARTESIAN_POINT('',(2.041029,-7.,4.E-02));
#9916 = LINE('',#9917,#9918);
#9917 = CARTESIAN_POINT('',(2.041029,-7.,0.));
#9918 = VECTOR('',#9919,1.);
#9919 = DIRECTION('',(0.,0.,1.));
#9920 = ORIENTED_EDGE('',*,*,#9921,.T.);
#9921 = EDGE_CURVE('',#9914,#9883,#9922,.T.);
#9922 = LINE('',#9923,#9924);
#9923 = CARTESIAN_POINT('',(2.041029,-7.,4.E-02));
#9924 = VECTOR('',#9925,1.);
#9925 = DIRECTION('',(-0.335614771569,0.941999323304,0.));
#9926 = ORIENTED_EDGE('',*,*,#9880,.F.);
#9927 = ORIENTED_EDGE('',*,*,#9928,.F.);
#9928 = EDGE_CURVE('',#9912,#9881,#9929,.T.);
#9929 = LINE('',#9930,#9931);
#9930 = CARTESIAN_POINT('',(2.041029,-7.,0.));
#9931 = VECTOR('',#9932,1.);
#9932 = DIRECTION('',(-0.335614771569,0.941999323304,0.));
#9933 = PLANE('',#9934);
#9934 = AXIS2_PLACEMENT_3D('',#9935,#9936,#9937);
#9935 = CARTESIAN_POINT('',(2.041029,-7.,0.));
#9936 = DIRECTION('',(-0.941999323304,-0.335614771569,0.));
#9937 = DIRECTION('',(-0.335614771569,0.941999323304,0.));
#9938 = ADVANCED_FACE('',(#9939),#9964,.T.);
#9939 = FACE_BOUND('',#9940,.T.);
#9940 = EDGE_LOOP('',(#9941,#9951,#9957,#9958));
#9941 = ORIENTED_EDGE('',*,*,#9942,.T.);
#9942 = EDGE_CURVE('',#9943,#9945,#9947,.T.);
#9943 = VERTEX_POINT('',#9944);
#9944 = CARTESIAN_POINT('',(2.041029,-9.5,0.));
#9945 = VERTEX_POINT('',#9946);
#9946 = CARTESIAN_POINT('',(2.041029,-9.5,4.E-02));
#9947 = LINE('',#9948,#9949);
#9948 = CARTESIAN_POINT('',(2.041029,-9.5,0.));
#9949 = VECTOR('',#9950,1.);
#9950 = DIRECTION('',(0.,0.,1.));
#9951 = ORIENTED_EDGE('',*,*,#9952,.T.);
#9952 = EDGE_CURVE('',#9945,#9914,#9953,.T.);
#9953 = LINE('',#9954,#9955);
#9954 = CARTESIAN_POINT('',(2.041029,-9.5,4.E-02));
#9955 = VECTOR('',#9956,1.);
#9956 = DIRECTION('',(0.,1.,0.));
#9957 = ORIENTED_EDGE('',*,*,#9911,.F.);
#9958 = ORIENTED_EDGE('',*,*,#9959,.F.);
#9959 = EDGE_CURVE('',#9943,#9912,#9960,.T.);
#9960 = LINE('',#9961,#9962);
#9961 = CARTESIAN_POINT('',(2.041029,-9.5,0.));
#9962 = VECTOR('',#9963,1.);
#9963 = DIRECTION('',(0.,1.,0.));
#9964 = PLANE('',#9965);
#9965 = AXIS2_PLACEMENT_3D('',#9966,#9967,#9968);
#9966 = CARTESIAN_POINT('',(2.041029,-9.5,0.));
#9967 = DIRECTION('',(-1.,0.,0.));
#9968 = DIRECTION('',(0.,1.,0.));
#9969 = ADVANCED_FACE('',(#9970),#9995,.T.);
#9970 = FACE_BOUND('',#9971,.T.);
#9971 = EDGE_LOOP('',(#9972,#9982,#9988,#9989));
#9972 = ORIENTED_EDGE('',*,*,#9973,.T.);
#9973 = EDGE_CURVE('',#9974,#9976,#9978,.T.);
#9974 = VERTEX_POINT('',#9975);
#9975 = CARTESIAN_POINT('',(2.341029,-9.5,0.));
#9976 = VERTEX_POINT('',#9977);
#9977 = CARTESIAN_POINT('',(2.341029,-9.5,4.E-02));
#9978 = LINE('',#9979,#9980);
#9979 = CARTESIAN_POINT('',(2.341029,-9.5,0.));
#9980 = VECTOR('',#9981,1.);
#9981 = DIRECTION('',(0.,0.,1.));
#9982 = ORIENTED_EDGE('',*,*,#9983,.T.);
#9983 = EDGE_CURVE('',#9976,#9945,#9984,.T.);
#9984 = LINE('',#9985,#9986);
#9985 = CARTESIAN_POINT('',(2.341029,-9.5,4.E-02));
#9986 = VECTOR('',#9987,1.);
#9987 = DIRECTION('',(-1.,0.,0.));
#9988 = ORIENTED_EDGE('',*,*,#9942,.F.);
#9989 = ORIENTED_EDGE('',*,*,#9990,.F.);
#9990 = EDGE_CURVE('',#9974,#9943,#9991,.T.);
#9991 = LINE('',#9992,#9993);
#9992 = CARTESIAN_POINT('',(2.341029,-9.5,0.));
#9993 = VECTOR('',#9994,1.);
#9994 = DIRECTION('',(-1.,0.,0.));
#9995 = PLANE('',#9996);
#9996 = AXIS2_PLACEMENT_3D('',#9997,#9998,#9999);
#9997 = CARTESIAN_POINT('',(2.341029,-9.5,0.));
#9998 = DIRECTION('',(0.,-1.,0.));
#9999 = DIRECTION('',(-1.,0.,0.));
#10000 = ADVANCED_FACE('',(#10001),#10026,.T.);
#10001 = FACE_BOUND('',#10002,.T.);
#10002 = EDGE_LOOP('',(#10003,#10013,#10019,#10020));
#10003 = ORIENTED_EDGE('',*,*,#10004,.T.);
#10004 = EDGE_CURVE('',#10005,#10007,#10009,.T.);
#10005 = VERTEX_POINT('',#10006);
#10006 = CARTESIAN_POINT('',(2.341029,-7.,0.));
#10007 = VERTEX_POINT('',#10008);
#10008 = CARTESIAN_POINT('',(2.341029,-7.,4.E-02));
#10009 = LINE('',#10010,#10011);
#10010 = CARTESIAN_POINT('',(2.341029,-7.,0.));
#10011 = VECTOR('',#10012,1.);
#10012 = DIRECTION('',(0.,0.,1.));
#10013 = ORIENTED_EDGE('',*,*,#10014,.T.);
#10014 = EDGE_CURVE('',#10007,#9976,#10015,.T.);
#10015 = LINE('',#10016,#10017);
#10016 = CARTESIAN_POINT('',(2.341029,-7.,4.E-02));
#10017 = VECTOR('',#10018,1.);
#10018 = DIRECTION('',(0.,-1.,0.));
#10019 = ORIENTED_EDGE('',*,*,#9973,.F.);
#10020 = ORIENTED_EDGE('',*,*,#10021,.F.);
#10021 = EDGE_CURVE('',#10005,#9974,#10022,.T.);
#10022 = LINE('',#10023,#10024);
#10023 = CARTESIAN_POINT('',(2.341029,-7.,0.));
#10024 = VECTOR('',#10025,1.);
#10025 = DIRECTION('',(0.,-1.,0.));
#10026 = PLANE('',#10027);
#10027 = AXIS2_PLACEMENT_3D('',#10028,#10029,#10030);
#10028 = CARTESIAN_POINT('',(2.341029,-7.,0.));
#10029 = DIRECTION('',(1.,0.,0.));
#10030 = DIRECTION('',(0.,-1.,0.));
#10031 = ADVANCED_FACE('',(#10032),#10057,.F.);
#10032 = FACE_BOUND('',#10033,.F.);
#10033 = EDGE_LOOP('',(#10034,#10035,#10043,#10051));
#10034 = ORIENTED_EDGE('',*,*,#10004,.T.);
#10035 = ORIENTED_EDGE('',*,*,#10036,.T.);
#10036 = EDGE_CURVE('',#10007,#10037,#10039,.T.);
#10037 = VERTEX_POINT('',#10038);
#10038 = CARTESIAN_POINT('',(2.541029,-7.,4.E-02));
#10039 = LINE('',#10040,#10041);
#10040 = CARTESIAN_POINT('',(2.341029,-7.,4.E-02));
#10041 = VECTOR('',#10042,1.);
#10042 = DIRECTION('',(1.,0.,0.));
#10043 = ORIENTED_EDGE('',*,*,#10044,.F.);
#10044 = EDGE_CURVE('',#10045,#10037,#10047,.T.);
#10045 = VERTEX_POINT('',#10046);
#10046 = CARTESIAN_POINT('',(2.541029,-7.,0.));
#10047 = LINE('',#10048,#10049);
#10048 = CARTESIAN_POINT('',(2.541029,-7.,0.));
#10049 = VECTOR('',#10050,1.);
#10050 = DIRECTION('',(0.,0.,1.));
#10051 = ORIENTED_EDGE('',*,*,#10052,.F.);
#10052 = EDGE_CURVE('',#10005,#10045,#10053,.T.);
#10053 = LINE('',#10054,#10055);
#10054 = CARTESIAN_POINT('',(2.341029,-7.,0.));
#10055 = VECTOR('',#10056,1.);
#10056 = DIRECTION('',(1.,0.,0.));
#10057 = PLANE('',#10058);
#10058 = AXIS2_PLACEMENT_3D('',#10059,#10060,#10061);
#10059 = CARTESIAN_POINT('',(2.341029,-7.,0.));
#10060 = DIRECTION('',(0.,1.,0.));
#10061 = DIRECTION('',(1.,0.,0.));
#10062 = ADVANCED_FACE('',(#10063),#10088,.T.);
#10063 = FACE_BOUND('',#10064,.T.);
#10064 = EDGE_LOOP('',(#10065,#10075,#10081,#10082));
#10065 = ORIENTED_EDGE('',*,*,#10066,.T.);
#10066 = EDGE_CURVE('',#10067,#10069,#10071,.T.);
#10067 = VERTEX_POINT('',#10068);
#10068 = CARTESIAN_POINT('',(2.541029,-9.5,0.));
#10069 = VERTEX_POINT('',#10070);
#10070 = CARTESIAN_POINT('',(2.541029,-9.5,4.E-02));
#10071 = LINE('',#10072,#10073);
#10072 = CARTESIAN_POINT('',(2.541029,-9.5,0.));
#10073 = VECTOR('',#10074,1.);
#10074 = DIRECTION('',(0.,0.,1.));
#10075 = ORIENTED_EDGE('',*,*,#10076,.T.);
#10076 = EDGE_CURVE('',#10069,#10037,#10077,.T.);
#10077 = LINE('',#10078,#10079);
#10078 = CARTESIAN_POINT('',(2.541029,-9.5,4.E-02));
#10079 = VECTOR('',#10080,1.);
#10080 = DIRECTION('',(0.,1.,0.));
#10081 = ORIENTED_EDGE('',*,*,#10044,.F.);
#10082 = ORIENTED_EDGE('',*,*,#10083,.F.);
#10083 = EDGE_CURVE('',#10067,#10045,#10084,.T.);
#10084 = LINE('',#10085,#10086);
#10085 = CARTESIAN_POINT('',(2.541029,-9.5,0.));
#10086 = VECTOR('',#10087,1.);
#10087 = DIRECTION('',(0.,1.,0.));
#10088 = PLANE('',#10089);
#10089 = AXIS2_PLACEMENT_3D('',#10090,#10091,#10092);
#10090 = CARTESIAN_POINT('',(2.541029,-9.5,0.));
#10091 = DIRECTION('',(-1.,0.,0.));
#10092 = DIRECTION('',(0.,1.,0.));
#10093 = ADVANCED_FACE('',(#10094),#10119,.T.);
#10094 = FACE_BOUND('',#10095,.T.);
#10095 = EDGE_LOOP('',(#10096,#10106,#10112,#10113));
#10096 = ORIENTED_EDGE('',*,*,#10097,.T.);
#10097 = EDGE_CURVE('',#10098,#10100,#10102,.T.);
#10098 = VERTEX_POINT('',#10099);
#10099 = CARTESIAN_POINT('',(2.841029,-9.5,0.));
#10100 = VERTEX_POINT('',#10101);
#10101 = CARTESIAN_POINT('',(2.841029,-9.5,4.E-02));
#10102 = LINE('',#10103,#10104);
#10103 = CARTESIAN_POINT('',(2.841029,-9.5,0.));
#10104 = VECTOR('',#10105,1.);
#10105 = DIRECTION('',(0.,0.,1.));
#10106 = ORIENTED_EDGE('',*,*,#10107,.T.);
#10107 = EDGE_CURVE('',#10100,#10069,#10108,.T.);
#10108 = LINE('',#10109,#10110);
#10109 = CARTESIAN_POINT('',(2.841029,-9.5,4.E-02));
#10110 = VECTOR('',#10111,1.);
#10111 = DIRECTION('',(-1.,0.,0.));
#10112 = ORIENTED_EDGE('',*,*,#10066,.F.);
#10113 = ORIENTED_EDGE('',*,*,#10114,.F.);
#10114 = EDGE_CURVE('',#10098,#10067,#10115,.T.);
#10115 = LINE('',#10116,#10117);
#10116 = CARTESIAN_POINT('',(2.841029,-9.5,0.));
#10117 = VECTOR('',#10118,1.);
#10118 = DIRECTION('',(-1.,0.,0.));
#10119 = PLANE('',#10120);
#10120 = AXIS2_PLACEMENT_3D('',#10121,#10122,#10123);
#10121 = CARTESIAN_POINT('',(2.841029,-9.5,0.));
#10122 = DIRECTION('',(0.,-1.,0.));
#10123 = DIRECTION('',(-1.,0.,0.));
#10124 = ADVANCED_FACE('',(#10125),#10150,.T.);
#10125 = FACE_BOUND('',#10126,.T.);
#10126 = EDGE_LOOP('',(#10127,#10137,#10143,#10144));
#10127 = ORIENTED_EDGE('',*,*,#10128,.T.);
#10128 = EDGE_CURVE('',#10129,#10131,#10133,.T.);
#10129 = VERTEX_POINT('',#10130);
#10130 = CARTESIAN_POINT('',(2.841029,-7.,0.));
#10131 = VERTEX_POINT('',#10132);
#10132 = CARTESIAN_POINT('',(2.841029,-7.,4.E-02));
#10133 = LINE('',#10134,#10135);
#10134 = CARTESIAN_POINT('',(2.841029,-7.,0.));
#10135 = VECTOR('',#10136,1.);
#10136 = DIRECTION('',(0.,0.,1.));
#10137 = ORIENTED_EDGE('',*,*,#10138,.T.);
#10138 = EDGE_CURVE('',#10131,#10100,#10139,.T.);
#10139 = LINE('',#10140,#10141);
#10140 = CARTESIAN_POINT('',(2.841029,-7.,4.E-02));
#10141 = VECTOR('',#10142,1.);
#10142 = DIRECTION('',(0.,-1.,0.));
#10143 = ORIENTED_EDGE('',*,*,#10097,.F.);
#10144 = ORIENTED_EDGE('',*,*,#10145,.F.);
#10145 = EDGE_CURVE('',#10129,#10098,#10146,.T.);
#10146 = LINE('',#10147,#10148);
#10147 = CARTESIAN_POINT('',(2.841029,-7.,0.));
#10148 = VECTOR('',#10149,1.);
#10149 = DIRECTION('',(0.,-1.,0.));
#10150 = PLANE('',#10151);
#10151 = AXIS2_PLACEMENT_3D('',#10152,#10153,#10154);
#10152 = CARTESIAN_POINT('',(2.841029,-7.,0.));
#10153 = DIRECTION('',(1.,0.,0.));
#10154 = DIRECTION('',(0.,-1.,0.));
#10155 = ADVANCED_FACE('',(#10156),#10181,.F.);
#10156 = FACE_BOUND('',#10157,.F.);
#10157 = EDGE_LOOP('',(#10158,#10159,#10167,#10175));
#10158 = ORIENTED_EDGE('',*,*,#10128,.T.);
#10159 = ORIENTED_EDGE('',*,*,#10160,.T.);
#10160 = EDGE_CURVE('',#10131,#10161,#10163,.T.);
#10161 = VERTEX_POINT('',#10162);
#10162 = CARTESIAN_POINT('',(3.041029,-7.,4.E-02));
#10163 = LINE('',#10164,#10165);
#10164 = CARTESIAN_POINT('',(2.841029,-7.,4.E-02));
#10165 = VECTOR('',#10166,1.);
#10166 = DIRECTION('',(1.,0.,0.));
#10167 = ORIENTED_EDGE('',*,*,#10168,.F.);
#10168 = EDGE_CURVE('',#10169,#10161,#10171,.T.);
#10169 = VERTEX_POINT('',#10170);
#10170 = CARTESIAN_POINT('',(3.041029,-7.,0.));
#10171 = LINE('',#10172,#10173);
#10172 = CARTESIAN_POINT('',(3.041029,-7.,0.));
#10173 = VECTOR('',#10174,1.);
#10174 = DIRECTION('',(0.,0.,1.));
#10175 = ORIENTED_EDGE('',*,*,#10176,.F.);
#10176 = EDGE_CURVE('',#10129,#10169,#10177,.T.);
#10177 = LINE('',#10178,#10179);
#10178 = CARTESIAN_POINT('',(2.841029,-7.,0.));
#10179 = VECTOR('',#10180,1.);
#10180 = DIRECTION('',(1.,0.,0.));
#10181 = PLANE('',#10182);
#10182 = AXIS2_PLACEMENT_3D('',#10183,#10184,#10185);
#10183 = CARTESIAN_POINT('',(2.841029,-7.,0.));
#10184 = DIRECTION('',(0.,1.,0.));
#10185 = DIRECTION('',(1.,0.,0.));
#10186 = ADVANCED_FACE('',(#10187),#10212,.T.);
#10187 = FACE_BOUND('',#10188,.T.);
#10188 = EDGE_LOOP('',(#10189,#10199,#10205,#10206));
#10189 = ORIENTED_EDGE('',*,*,#10190,.T.);
#10190 = EDGE_CURVE('',#10191,#10193,#10195,.T.);
#10191 = VERTEX_POINT('',#10192);
#10192 = CARTESIAN_POINT('',(3.041029,-9.5,0.));
#10193 = VERTEX_POINT('',#10194);
#10194 = CARTESIAN_POINT('',(3.041029,-9.5,4.E-02));
#10195 = LINE('',#10196,#10197);
#10196 = CARTESIAN_POINT('',(3.041029,-9.5,0.));
#10197 = VECTOR('',#10198,1.);
#10198 = DIRECTION('',(0.,0.,1.));
#10199 = ORIENTED_EDGE('',*,*,#10200,.T.);
#10200 = EDGE_CURVE('',#10193,#10161,#10201,.T.);
#10201 = LINE('',#10202,#10203);
#10202 = CARTESIAN_POINT('',(3.041029,-9.5,4.E-02));
#10203 = VECTOR('',#10204,1.);
#10204 = DIRECTION('',(0.,1.,0.));
#10205 = ORIENTED_EDGE('',*,*,#10168,.F.);
#10206 = ORIENTED_EDGE('',*,*,#10207,.F.);
#10207 = EDGE_CURVE('',#10191,#10169,#10208,.T.);
#10208 = LINE('',#10209,#10210);
#10209 = CARTESIAN_POINT('',(3.041029,-9.5,0.));
#10210 = VECTOR('',#10211,1.);
#10211 = DIRECTION('',(0.,1.,0.));
#10212 = PLANE('',#10213);
#10213 = AXIS2_PLACEMENT_3D('',#10214,#10215,#10216);
#10214 = CARTESIAN_POINT('',(3.041029,-9.5,0.));
#10215 = DIRECTION('',(-1.,0.,0.));
#10216 = DIRECTION('',(0.,1.,0.));
#10217 = ADVANCED_FACE('',(#10218),#10243,.T.);
#10218 = FACE_BOUND('',#10219,.T.);
#10219 = EDGE_LOOP('',(#10220,#10230,#10236,#10237));
#10220 = ORIENTED_EDGE('',*,*,#10221,.T.);
#10221 = EDGE_CURVE('',#10222,#10224,#10226,.T.);
#10222 = VERTEX_POINT('',#10223);
#10223 = CARTESIAN_POINT('',(3.341029,-9.5,0.));
#10224 = VERTEX_POINT('',#10225);
#10225 = CARTESIAN_POINT('',(3.341029,-9.5,4.E-02));
#10226 = LINE('',#10227,#10228);
#10227 = CARTESIAN_POINT('',(3.341029,-9.5,0.));
#10228 = VECTOR('',#10229,1.);
#10229 = DIRECTION('',(0.,0.,1.));
#10230 = ORIENTED_EDGE('',*,*,#10231,.T.);
#10231 = EDGE_CURVE('',#10224,#10193,#10232,.T.);
#10232 = LINE('',#10233,#10234);
#10233 = CARTESIAN_POINT('',(3.341029,-9.5,4.E-02));
#10234 = VECTOR('',#10235,1.);
#10235 = DIRECTION('',(-1.,0.,0.));
#10236 = ORIENTED_EDGE('',*,*,#10190,.F.);
#10237 = ORIENTED_EDGE('',*,*,#10238,.F.);
#10238 = EDGE_CURVE('',#10222,#10191,#10239,.T.);
#10239 = LINE('',#10240,#10241);
#10240 = CARTESIAN_POINT('',(3.341029,-9.5,0.));
#10241 = VECTOR('',#10242,1.);
#10242 = DIRECTION('',(-1.,0.,0.));
#10243 = PLANE('',#10244);
#10244 = AXIS2_PLACEMENT_3D('',#10245,#10246,#10247);
#10245 = CARTESIAN_POINT('',(3.341029,-9.5,0.));
#10246 = DIRECTION('',(0.,-1.,0.));
#10247 = DIRECTION('',(-1.,0.,0.));
#10248 = ADVANCED_FACE('',(#10249),#10274,.T.);
#10249 = FACE_BOUND('',#10250,.T.);
#10250 = EDGE_LOOP('',(#10251,#10261,#10267,#10268));
#10251 = ORIENTED_EDGE('',*,*,#10252,.T.);
#10252 = EDGE_CURVE('',#10253,#10255,#10257,.T.);
#10253 = VERTEX_POINT('',#10254);
#10254 = CARTESIAN_POINT('',(3.341029,-7.,0.));
#10255 = VERTEX_POINT('',#10256);
#10256 = CARTESIAN_POINT('',(3.341029,-7.,4.E-02));
#10257 = LINE('',#10258,#10259);
#10258 = CARTESIAN_POINT('',(3.341029,-7.,0.));
#10259 = VECTOR('',#10260,1.);
#10260 = DIRECTION('',(0.,0.,1.));
#10261 = ORIENTED_EDGE('',*,*,#10262,.T.);
#10262 = EDGE_CURVE('',#10255,#10224,#10263,.T.);
#10263 = LINE('',#10264,#10265);
#10264 = CARTESIAN_POINT('',(3.341029,-7.,4.E-02));
#10265 = VECTOR('',#10266,1.);
#10266 = DIRECTION('',(0.,-1.,0.));
#10267 = ORIENTED_EDGE('',*,*,#10221,.F.);
#10268 = ORIENTED_EDGE('',*,*,#10269,.F.);
#10269 = EDGE_CURVE('',#10253,#10222,#10270,.T.);
#10270 = LINE('',#10271,#10272);
#10271 = CARTESIAN_POINT('',(3.341029,-7.,0.));
#10272 = VECTOR('',#10273,1.);
#10273 = DIRECTION('',(0.,-1.,0.));
#10274 = PLANE('',#10275);
#10275 = AXIS2_PLACEMENT_3D('',#10276,#10277,#10278);
#10276 = CARTESIAN_POINT('',(3.341029,-7.,0.));
#10277 = DIRECTION('',(1.,0.,0.));
#10278 = DIRECTION('',(0.,-1.,0.));
#10279 = ADVANCED_FACE('',(#10280),#10305,.F.);
#10280 = FACE_BOUND('',#10281,.F.);
#10281 = EDGE_LOOP('',(#10282,#10283,#10291,#10299));
#10282 = ORIENTED_EDGE('',*,*,#10252,.T.);
#10283 = ORIENTED_EDGE('',*,*,#10284,.T.);
#10284 = EDGE_CURVE('',#10255,#10285,#10287,.T.);
#10285 = VERTEX_POINT('',#10286);
#10286 = CARTESIAN_POINT('',(1.85,-4.499071,4.E-02));
#10287 = LINE('',#10288,#10289);
#10288 = CARTESIAN_POINT('',(3.341029,-7.,4.E-02));
#10289 = VECTOR('',#10290,1.);
#10290 = DIRECTION('',(-0.512087488617,0.858933294268,0.));
#10291 = ORIENTED_EDGE('',*,*,#10292,.F.);
#10292 = EDGE_CURVE('',#10293,#10285,#10295,.T.);
#10293 = VERTEX_POINT('',#10294);
#10294 = CARTESIAN_POINT('',(1.85,-4.499071,0.));
#10295 = LINE('',#10296,#10297);
#10296 = CARTESIAN_POINT('',(1.85,-4.499071,0.));
#10297 = VECTOR('',#10298,1.);
#10298 = DIRECTION('',(0.,0.,1.));
#10299 = ORIENTED_EDGE('',*,*,#10300,.F.);
#10300 = EDGE_CURVE('',#10253,#10293,#10301,.T.);
#10301 = LINE('',#10302,#10303);
#10302 = CARTESIAN_POINT('',(3.341029,-7.,0.));
#10303 = VECTOR('',#10304,1.);
#10304 = DIRECTION('',(-0.512087488617,0.858933294268,0.));
#10305 = PLANE('',#10306);
#10306 = AXIS2_PLACEMENT_3D('',#10307,#10308,#10309);
#10307 = CARTESIAN_POINT('',(3.341029,-7.,0.));
#10308 = DIRECTION('',(-0.858933294268,-0.512087488617,0.));
#10309 = DIRECTION('',(-0.512087488617,0.858933294268,0.));
#10310 = ADVANCED_FACE('',(#10311),#10336,.T.);
#10311 = FACE_BOUND('',#10312,.T.);
#10312 = EDGE_LOOP('',(#10313,#10323,#10329,#10330));
#10313 = ORIENTED_EDGE('',*,*,#10314,.T.);
#10314 = EDGE_CURVE('',#10315,#10317,#10319,.T.);
#10315 = VERTEX_POINT('',#10316);
#10316 = CARTESIAN_POINT('',(1.85,5.400929,0.));
#10317 = VERTEX_POINT('',#10318);
#10318 = CARTESIAN_POINT('',(1.85,5.400929,4.E-02));
#10319 = LINE('',#10320,#10321);
#10320 = CARTESIAN_POINT('',(1.85,5.400929,0.));
#10321 = VECTOR('',#10322,1.);
#10322 = DIRECTION('',(0.,0.,1.));
#10323 = ORIENTED_EDGE('',*,*,#10324,.T.);
#10324 = EDGE_CURVE('',#10317,#10285,#10325,.T.);
#10325 = LINE('',#10326,#10327);
#10326 = CARTESIAN_POINT('',(1.85,5.400929,4.E-02));
#10327 = VECTOR('',#10328,1.);
#10328 = DIRECTION('',(0.,-1.,0.));
#10329 = ORIENTED_EDGE('',*,*,#10292,.F.);
#10330 = ORIENTED_EDGE('',*,*,#10331,.F.);
#10331 = EDGE_CURVE('',#10315,#10293,#10332,.T.);
#10332 = LINE('',#10333,#10334);
#10333 = CARTESIAN_POINT('',(1.85,5.400929,0.));
#10334 = VECTOR('',#10335,1.);
#10335 = DIRECTION('',(0.,-1.,0.));
#10336 = PLANE('',#10337);
#10337 = AXIS2_PLACEMENT_3D('',#10338,#10339,#10340);
#10338 = CARTESIAN_POINT('',(1.85,5.400929,0.));
#10339 = DIRECTION('',(1.,0.,0.));
#10340 = DIRECTION('',(0.,-1.,0.));
#10341 = ADVANCED_FACE('',(#10342),#10367,.F.);
#10342 = FACE_BOUND('',#10343,.F.);
#10343 = EDGE_LOOP('',(#10344,#10345,#10353,#10361));
#10344 = ORIENTED_EDGE('',*,*,#10314,.T.);
#10345 = ORIENTED_EDGE('',*,*,#10346,.T.);
#10346 = EDGE_CURVE('',#10317,#10347,#10349,.T.);
#10347 = VERTEX_POINT('',#10348);
#10348 = CARTESIAN_POINT('',(1.9,5.400929,4.E-02));
#10349 = LINE('',#10350,#10351);
#10350 = CARTESIAN_POINT('',(1.85,5.400929,4.E-02));
#10351 = VECTOR('',#10352,1.);
#10352 = DIRECTION('',(1.,0.,0.));
#10353 = ORIENTED_EDGE('',*,*,#10354,.F.);
#10354 = EDGE_CURVE('',#10355,#10347,#10357,.T.);
#10355 = VERTEX_POINT('',#10356);
#10356 = CARTESIAN_POINT('',(1.9,5.400929,0.));
#10357 = LINE('',#10358,#10359);
#10358 = CARTESIAN_POINT('',(1.9,5.400929,0.));
#10359 = VECTOR('',#10360,1.);
#10360 = DIRECTION('',(0.,0.,1.));
#10361 = ORIENTED_EDGE('',*,*,#10362,.F.);
#10362 = EDGE_CURVE('',#10315,#10355,#10363,.T.);
#10363 = LINE('',#10364,#10365);
#10364 = CARTESIAN_POINT('',(1.85,5.400929,0.));
#10365 = VECTOR('',#10366,1.);
#10366 = DIRECTION('',(1.,0.,0.));
#10367 = PLANE('',#10368);
#10368 = AXIS2_PLACEMENT_3D('',#10369,#10370,#10371);
#10369 = CARTESIAN_POINT('',(1.85,5.400929,0.));
#10370 = DIRECTION('',(0.,1.,0.));
#10371 = DIRECTION('',(1.,0.,0.));
#10372 = ADVANCED_FACE('',(#10373),#10398,.T.);
#10373 = FACE_BOUND('',#10374,.T.);
#10374 = EDGE_LOOP('',(#10375,#10385,#10391,#10392));
#10375 = ORIENTED_EDGE('',*,*,#10376,.T.);
#10376 = EDGE_CURVE('',#10377,#10379,#10381,.T.);
#10377 = VERTEX_POINT('',#10378);
#10378 = CARTESIAN_POINT('',(1.9,-4.499071,0.));
#10379 = VERTEX_POINT('',#10380);
#10380 = CARTESIAN_POINT('',(1.9,-4.499071,4.E-02));
#10381 = LINE('',#10382,#10383);
#10382 = CARTESIAN_POINT('',(1.9,-4.499071,0.));
#10383 = VECTOR('',#10384,1.);
#10384 = DIRECTION('',(0.,0.,1.));
#10385 = ORIENTED_EDGE('',*,*,#10386,.T.);
#10386 = EDGE_CURVE('',#10379,#10347,#10387,.T.);
#10387 = LINE('',#10388,#10389);
#10388 = CARTESIAN_POINT('',(1.9,-4.499071,4.E-02));
#10389 = VECTOR('',#10390,1.);
#10390 = DIRECTION('',(0.,1.,0.));
#10391 = ORIENTED_EDGE('',*,*,#10354,.F.);
#10392 = ORIENTED_EDGE('',*,*,#10393,.F.);
#10393 = EDGE_CURVE('',#10377,#10355,#10394,.T.);
#10394 = LINE('',#10395,#10396);
#10395 = CARTESIAN_POINT('',(1.9,-4.499071,0.));
#10396 = VECTOR('',#10397,1.);
#10397 = DIRECTION('',(0.,1.,0.));
#10398 = PLANE('',#10399);
#10399 = AXIS2_PLACEMENT_3D('',#10400,#10401,#10402);
#10400 = CARTESIAN_POINT('',(1.9,-4.499071,0.));
#10401 = DIRECTION('',(-1.,0.,0.));
#10402 = DIRECTION('',(0.,1.,0.));
#10403 = ADVANCED_FACE('',(#10404),#10429,.F.);
#10404 = FACE_BOUND('',#10405,.F.);
#10405 = EDGE_LOOP('',(#10406,#10407,#10415,#10423));
#10406 = ORIENTED_EDGE('',*,*,#10376,.T.);
#10407 = ORIENTED_EDGE('',*,*,#10408,.T.);
#10408 = EDGE_CURVE('',#10379,#10409,#10411,.T.);
#10409 = VERTEX_POINT('',#10410);
#10410 = CARTESIAN_POINT('',(3.541029,-7.,4.E-02));
#10411 = LINE('',#10412,#10413);
#10412 = CARTESIAN_POINT('',(1.9,-4.499071,4.E-02));
#10413 = VECTOR('',#10414,1.);
#10414 = DIRECTION('',(0.548608384269,-0.83607944641,0.));
#10415 = ORIENTED_EDGE('',*,*,#10416,.F.);
#10416 = EDGE_CURVE('',#10417,#10409,#10419,.T.);
#10417 = VERTEX_POINT('',#10418);
#10418 = CARTESIAN_POINT('',(3.541029,-7.,0.));
#10419 = LINE('',#10420,#10421);
#10420 = CARTESIAN_POINT('',(3.541029,-7.,0.));
#10421 = VECTOR('',#10422,1.);
#10422 = DIRECTION('',(0.,0.,1.));
#10423 = ORIENTED_EDGE('',*,*,#10424,.F.);
#10424 = EDGE_CURVE('',#10377,#10417,#10425,.T.);
#10425 = LINE('',#10426,#10427);
#10426 = CARTESIAN_POINT('',(1.9,-4.499071,0.));
#10427 = VECTOR('',#10428,1.);
#10428 = DIRECTION('',(0.548608384269,-0.83607944641,0.));
#10429 = PLANE('',#10430);
#10430 = AXIS2_PLACEMENT_3D('',#10431,#10432,#10433);
#10431 = CARTESIAN_POINT('',(1.9,-4.499071,0.));
#10432 = DIRECTION('',(0.83607944641,0.548608384269,0.));
#10433 = DIRECTION('',(0.548608384269,-0.83607944641,0.));
#10434 = ADVANCED_FACE('',(#10435),#10460,.T.);
#10435 = FACE_BOUND('',#10436,.T.);
#10436 = EDGE_LOOP('',(#10437,#10447,#10453,#10454));
#10437 = ORIENTED_EDGE('',*,*,#10438,.T.);
#10438 = EDGE_CURVE('',#10439,#10441,#10443,.T.);
#10439 = VERTEX_POINT('',#10440);
#10440 = CARTESIAN_POINT('',(3.541029,-9.5,0.));
#10441 = VERTEX_POINT('',#10442);
#10442 = CARTESIAN_POINT('',(3.541029,-9.5,4.E-02));
#10443 = LINE('',#10444,#10445);
#10444 = CARTESIAN_POINT('',(3.541029,-9.5,0.));
#10445 = VECTOR('',#10446,1.);
#10446 = DIRECTION('',(0.,0.,1.));
#10447 = ORIENTED_EDGE('',*,*,#10448,.T.);
#10448 = EDGE_CURVE('',#10441,#10409,#10449,.T.);
#10449 = LINE('',#10450,#10451);
#10450 = CARTESIAN_POINT('',(3.541029,-9.5,4.E-02));
#10451 = VECTOR('',#10452,1.);
#10452 = DIRECTION('',(0.,1.,0.));
#10453 = ORIENTED_EDGE('',*,*,#10416,.F.);
#10454 = ORIENTED_EDGE('',*,*,#10455,.F.);
#10455 = EDGE_CURVE('',#10439,#10417,#10456,.T.);
#10456 = LINE('',#10457,#10458);
#10457 = CARTESIAN_POINT('',(3.541029,-9.5,0.));
#10458 = VECTOR('',#10459,1.);
#10459 = DIRECTION('',(0.,1.,0.));
#10460 = PLANE('',#10461);
#10461 = AXIS2_PLACEMENT_3D('',#10462,#10463,#10464);
#10462 = CARTESIAN_POINT('',(3.541029,-9.5,0.));
#10463 = DIRECTION('',(-1.,0.,0.));
#10464 = DIRECTION('',(0.,1.,0.));
#10465 = ADVANCED_FACE('',(#10466),#10491,.T.);
#10466 = FACE_BOUND('',#10467,.T.);
#10467 = EDGE_LOOP('',(#10468,#10478,#10484,#10485));
#10468 = ORIENTED_EDGE('',*,*,#10469,.T.);
#10469 = EDGE_CURVE('',#10470,#10472,#10474,.T.);
#10470 = VERTEX_POINT('',#10471);
#10471 = CARTESIAN_POINT('',(3.841029,-9.5,0.));
#10472 = VERTEX_POINT('',#10473);
#10473 = CARTESIAN_POINT('',(3.841029,-9.5,4.E-02));
#10474 = LINE('',#10475,#10476);
#10475 = CARTESIAN_POINT('',(3.841029,-9.5,0.));
#10476 = VECTOR('',#10477,1.);
#10477 = DIRECTION('',(0.,0.,1.));
#10478 = ORIENTED_EDGE('',*,*,#10479,.T.);
#10479 = EDGE_CURVE('',#10472,#10441,#10480,.T.);
#10480 = LINE('',#10481,#10482);
#10481 = CARTESIAN_POINT('',(3.841029,-9.5,4.E-02));
#10482 = VECTOR('',#10483,1.);
#10483 = DIRECTION('',(-1.,0.,0.));
#10484 = ORIENTED_EDGE('',*,*,#10438,.F.);
#10485 = ORIENTED_EDGE('',*,*,#10486,.F.);
#10486 = EDGE_CURVE('',#10470,#10439,#10487,.T.);
#10487 = LINE('',#10488,#10489);
#10488 = CARTESIAN_POINT('',(3.841029,-9.5,0.));
#10489 = VECTOR('',#10490,1.);
#10490 = DIRECTION('',(-1.,0.,0.));
#10491 = PLANE('',#10492);
#10492 = AXIS2_PLACEMENT_3D('',#10493,#10494,#10495);
#10493 = CARTESIAN_POINT('',(3.841029,-9.5,0.));
#10494 = DIRECTION('',(0.,-1.,0.));
#10495 = DIRECTION('',(-1.,0.,0.));
#10496 = ADVANCED_FACE('',(#10497),#10522,.T.);
#10497 = FACE_BOUND('',#10498,.T.);
#10498 = EDGE_LOOP('',(#10499,#10509,#10515,#10516));
#10499 = ORIENTED_EDGE('',*,*,#10500,.T.);
#10500 = EDGE_CURVE('',#10501,#10503,#10505,.T.);
#10501 = VERTEX_POINT('',#10502);
#10502 = CARTESIAN_POINT('',(3.841029,-7.,0.));
#10503 = VERTEX_POINT('',#10504);
#10504 = CARTESIAN_POINT('',(3.841029,-7.,4.E-02));
#10505 = LINE('',#10506,#10507);
#10506 = CARTESIAN_POINT('',(3.841029,-7.,0.));
#10507 = VECTOR('',#10508,1.);
#10508 = DIRECTION('',(0.,0.,1.));
#10509 = ORIENTED_EDGE('',*,*,#10510,.T.);
#10510 = EDGE_CURVE('',#10503,#10472,#10511,.T.);
#10511 = LINE('',#10512,#10513);
#10512 = CARTESIAN_POINT('',(3.841029,-7.,4.E-02));
#10513 = VECTOR('',#10514,1.);
#10514 = DIRECTION('',(0.,-1.,0.));
#10515 = ORIENTED_EDGE('',*,*,#10469,.F.);
#10516 = ORIENTED_EDGE('',*,*,#10517,.F.);
#10517 = EDGE_CURVE('',#10501,#10470,#10518,.T.);
#10518 = LINE('',#10519,#10520);
#10519 = CARTESIAN_POINT('',(3.841029,-7.,0.));
#10520 = VECTOR('',#10521,1.);
#10521 = DIRECTION('',(0.,-1.,0.));
#10522 = PLANE('',#10523);
#10523 = AXIS2_PLACEMENT_3D('',#10524,#10525,#10526);
#10524 = CARTESIAN_POINT('',(3.841029,-7.,0.));
#10525 = DIRECTION('',(1.,0.,0.));
#10526 = DIRECTION('',(0.,-1.,0.));
#10527 = ADVANCED_FACE('',(#10528),#10553,.F.);
#10528 = FACE_BOUND('',#10529,.F.);
#10529 = EDGE_LOOP('',(#10530,#10531,#10539,#10547));
#10530 = ORIENTED_EDGE('',*,*,#10500,.T.);
#10531 = ORIENTED_EDGE('',*,*,#10532,.T.);
#10532 = EDGE_CURVE('',#10503,#10533,#10535,.T.);
#10533 = VERTEX_POINT('',#10534);
#10534 = CARTESIAN_POINT('',(4.041029,-7.,4.E-02));
#10535 = LINE('',#10536,#10537);
#10536 = CARTESIAN_POINT('',(3.841029,-7.,4.E-02));
#10537 = VECTOR('',#10538,1.);
#10538 = DIRECTION('',(1.,0.,0.));
#10539 = ORIENTED_EDGE('',*,*,#10540,.F.);
#10540 = EDGE_CURVE('',#10541,#10533,#10543,.T.);
#10541 = VERTEX_POINT('',#10542);
#10542 = CARTESIAN_POINT('',(4.041029,-7.,0.));
#10543 = LINE('',#10544,#10545);
#10544 = CARTESIAN_POINT('',(4.041029,-7.,0.));
#10545 = VECTOR('',#10546,1.);
#10546 = DIRECTION('',(0.,0.,1.));
#10547 = ORIENTED_EDGE('',*,*,#10548,.F.);
#10548 = EDGE_CURVE('',#10501,#10541,#10549,.T.);
#10549 = LINE('',#10550,#10551);
#10550 = CARTESIAN_POINT('',(3.841029,-7.,0.));
#10551 = VECTOR('',#10552,1.);
#10552 = DIRECTION('',(1.,0.,0.));
#10553 = PLANE('',#10554);
#10554 = AXIS2_PLACEMENT_3D('',#10555,#10556,#10557);
#10555 = CARTESIAN_POINT('',(3.841029,-7.,0.));
#10556 = DIRECTION('',(0.,1.,0.));
#10557 = DIRECTION('',(1.,0.,0.));
#10558 = ADVANCED_FACE('',(#10559),#10584,.T.);
#10559 = FACE_BOUND('',#10560,.T.);
#10560 = EDGE_LOOP('',(#10561,#10571,#10577,#10578));
#10561 = ORIENTED_EDGE('',*,*,#10562,.T.);
#10562 = EDGE_CURVE('',#10563,#10565,#10567,.T.);
#10563 = VERTEX_POINT('',#10564);
#10564 = CARTESIAN_POINT('',(4.041029,-9.5,0.));
#10565 = VERTEX_POINT('',#10566);
#10566 = CARTESIAN_POINT('',(4.041029,-9.5,4.E-02));
#10567 = LINE('',#10568,#10569);
#10568 = CARTESIAN_POINT('',(4.041029,-9.5,0.));
#10569 = VECTOR('',#10570,1.);
#10570 = DIRECTION('',(0.,0.,1.));
#10571 = ORIENTED_EDGE('',*,*,#10572,.T.);
#10572 = EDGE_CURVE('',#10565,#10533,#10573,.T.);
#10573 = LINE('',#10574,#10575);
#10574 = CARTESIAN_POINT('',(4.041029,-9.5,4.E-02));
#10575 = VECTOR('',#10576,1.);
#10576 = DIRECTION('',(0.,1.,0.));
#10577 = ORIENTED_EDGE('',*,*,#10540,.F.);
#10578 = ORIENTED_EDGE('',*,*,#10579,.F.);
#10579 = EDGE_CURVE('',#10563,#10541,#10580,.T.);
#10580 = LINE('',#10581,#10582);
#10581 = CARTESIAN_POINT('',(4.041029,-9.5,0.));
#10582 = VECTOR('',#10583,1.);
#10583 = DIRECTION('',(0.,1.,0.));
#10584 = PLANE('',#10585);
#10585 = AXIS2_PLACEMENT_3D('',#10586,#10587,#10588);
#10586 = CARTESIAN_POINT('',(4.041029,-9.5,0.));
#10587 = DIRECTION('',(-1.,0.,0.));
#10588 = DIRECTION('',(0.,1.,0.));
#10589 = ADVANCED_FACE('',(#10590),#10615,.T.);
#10590 = FACE_BOUND('',#10591,.T.);
#10591 = EDGE_LOOP('',(#10592,#10602,#10608,#10609));
#10592 = ORIENTED_EDGE('',*,*,#10593,.T.);
#10593 = EDGE_CURVE('',#10594,#10596,#10598,.T.);
#10594 = VERTEX_POINT('',#10595);
#10595 = CARTESIAN_POINT('',(4.341029,-9.5,0.));
#10596 = VERTEX_POINT('',#10597);
#10597 = CARTESIAN_POINT('',(4.341029,-9.5,4.E-02));
#10598 = LINE('',#10599,#10600);
#10599 = CARTESIAN_POINT('',(4.341029,-9.5,0.));
#10600 = VECTOR('',#10601,1.);
#10601 = DIRECTION('',(0.,0.,1.));
#10602 = ORIENTED_EDGE('',*,*,#10603,.T.);
#10603 = EDGE_CURVE('',#10596,#10565,#10604,.T.);
#10604 = LINE('',#10605,#10606);
#10605 = CARTESIAN_POINT('',(4.341029,-9.5,4.E-02));
#10606 = VECTOR('',#10607,1.);
#10607 = DIRECTION('',(-1.,0.,0.));
#10608 = ORIENTED_EDGE('',*,*,#10562,.F.);
#10609 = ORIENTED_EDGE('',*,*,#10610,.F.);
#10610 = EDGE_CURVE('',#10594,#10563,#10611,.T.);
#10611 = LINE('',#10612,#10613);
#10612 = CARTESIAN_POINT('',(4.341029,-9.5,0.));
#10613 = VECTOR('',#10614,1.);
#10614 = DIRECTION('',(-1.,0.,0.));
#10615 = PLANE('',#10616);
#10616 = AXIS2_PLACEMENT_3D('',#10617,#10618,#10619);
#10617 = CARTESIAN_POINT('',(4.341029,-9.5,0.));
#10618 = DIRECTION('',(0.,-1.,0.));
#10619 = DIRECTION('',(-1.,0.,0.));
#10620 = ADVANCED_FACE('',(#10621),#10646,.T.);
#10621 = FACE_BOUND('',#10622,.T.);
#10622 = EDGE_LOOP('',(#10623,#10633,#10639,#10640));
#10623 = ORIENTED_EDGE('',*,*,#10624,.T.);
#10624 = EDGE_CURVE('',#10625,#10627,#10629,.T.);
#10625 = VERTEX_POINT('',#10626);
#10626 = CARTESIAN_POINT('',(4.341029,-7.,0.));
#10627 = VERTEX_POINT('',#10628);
#10628 = CARTESIAN_POINT('',(4.341029,-7.,4.E-02));
#10629 = LINE('',#10630,#10631);
#10630 = CARTESIAN_POINT('',(4.341029,-7.,0.));
#10631 = VECTOR('',#10632,1.);
#10632 = DIRECTION('',(0.,0.,1.));
#10633 = ORIENTED_EDGE('',*,*,#10634,.T.);
#10634 = EDGE_CURVE('',#10627,#10596,#10635,.T.);
#10635 = LINE('',#10636,#10637);
#10636 = CARTESIAN_POINT('',(4.341029,-7.,4.E-02));
#10637 = VECTOR('',#10638,1.);
#10638 = DIRECTION('',(0.,-1.,0.));
#10639 = ORIENTED_EDGE('',*,*,#10593,.F.);
#10640 = ORIENTED_EDGE('',*,*,#10641,.F.);
#10641 = EDGE_CURVE('',#10625,#10594,#10642,.T.);
#10642 = LINE('',#10643,#10644);
#10643 = CARTESIAN_POINT('',(4.341029,-7.,0.));
#10644 = VECTOR('',#10645,1.);
#10645 = DIRECTION('',(0.,-1.,0.));
#10646 = PLANE('',#10647);
#10647 = AXIS2_PLACEMENT_3D('',#10648,#10649,#10650);
#10648 = CARTESIAN_POINT('',(4.341029,-7.,0.));
#10649 = DIRECTION('',(1.,0.,0.));
#10650 = DIRECTION('',(0.,-1.,0.));
#10651 = ADVANCED_FACE('',(#10652),#10677,.F.);
#10652 = FACE_BOUND('',#10653,.F.);
#10653 = EDGE_LOOP('',(#10654,#10655,#10663,#10671));
#10654 = ORIENTED_EDGE('',*,*,#10624,.T.);
#10655 = ORIENTED_EDGE('',*,*,#10656,.T.);
#10656 = EDGE_CURVE('',#10627,#10657,#10659,.T.);
#10657 = VERTEX_POINT('',#10658);
#10658 = CARTESIAN_POINT('',(4.541029,-7.,4.E-02));
#10659 = LINE('',#10660,#10661);
#10660 = CARTESIAN_POINT('',(4.341029,-7.,4.E-02));
#10661 = VECTOR('',#10662,1.);
#10662 = DIRECTION('',(1.,0.,0.));
#10663 = ORIENTED_EDGE('',*,*,#10664,.F.);
#10664 = EDGE_CURVE('',#10665,#10657,#10667,.T.);
#10665 = VERTEX_POINT('',#10666);
#10666 = CARTESIAN_POINT('',(4.541029,-7.,0.));
#10667 = LINE('',#10668,#10669);
#10668 = CARTESIAN_POINT('',(4.541029,-7.,0.));
#10669 = VECTOR('',#10670,1.);
#10670 = DIRECTION('',(0.,0.,1.));
#10671 = ORIENTED_EDGE('',*,*,#10672,.F.);
#10672 = EDGE_CURVE('',#10625,#10665,#10673,.T.);
#10673 = LINE('',#10674,#10675);
#10674 = CARTESIAN_POINT('',(4.341029,-7.,0.));
#10675 = VECTOR('',#10676,1.);
#10676 = DIRECTION('',(1.,0.,0.));
#10677 = PLANE('',#10678);
#10678 = AXIS2_PLACEMENT_3D('',#10679,#10680,#10681);
#10679 = CARTESIAN_POINT('',(4.341029,-7.,0.));
#10680 = DIRECTION('',(0.,1.,0.));
#10681 = DIRECTION('',(1.,0.,0.));
#10682 = ADVANCED_FACE('',(#10683),#10708,.T.);
#10683 = FACE_BOUND('',#10684,.T.);
#10684 = EDGE_LOOP('',(#10685,#10695,#10701,#10702));
#10685 = ORIENTED_EDGE('',*,*,#10686,.T.);
#10686 = EDGE_CURVE('',#10687,#10689,#10691,.T.);
#10687 = VERTEX_POINT('',#10688);
#10688 = CARTESIAN_POINT('',(4.541029,-9.5,0.));
#10689 = VERTEX_POINT('',#10690);
#10690 = CARTESIAN_POINT('',(4.541029,-9.5,4.E-02));
#10691 = LINE('',#10692,#10693);
#10692 = CARTESIAN_POINT('',(4.541029,-9.5,0.));
#10693 = VECTOR('',#10694,1.);
#10694 = DIRECTION('',(0.,0.,1.));
#10695 = ORIENTED_EDGE('',*,*,#10696,.T.);
#10696 = EDGE_CURVE('',#10689,#10657,#10697,.T.);
#10697 = LINE('',#10698,#10699);
#10698 = CARTESIAN_POINT('',(4.541029,-9.5,4.E-02));
#10699 = VECTOR('',#10700,1.);
#10700 = DIRECTION('',(0.,1.,0.));
#10701 = ORIENTED_EDGE('',*,*,#10664,.F.);
#10702 = ORIENTED_EDGE('',*,*,#10703,.F.);
#10703 = EDGE_CURVE('',#10687,#10665,#10704,.T.);
#10704 = LINE('',#10705,#10706);
#10705 = CARTESIAN_POINT('',(4.541029,-9.5,0.));
#10706 = VECTOR('',#10707,1.);
#10707 = DIRECTION('',(0.,1.,0.));
#10708 = PLANE('',#10709);
#10709 = AXIS2_PLACEMENT_3D('',#10710,#10711,#10712);
#10710 = CARTESIAN_POINT('',(4.541029,-9.5,0.));
#10711 = DIRECTION('',(-1.,0.,0.));
#10712 = DIRECTION('',(0.,1.,0.));
#10713 = ADVANCED_FACE('',(#10714),#10739,.T.);
#10714 = FACE_BOUND('',#10715,.T.);
#10715 = EDGE_LOOP('',(#10716,#10726,#10732,#10733));
#10716 = ORIENTED_EDGE('',*,*,#10717,.T.);
#10717 = EDGE_CURVE('',#10718,#10720,#10722,.T.);
#10718 = VERTEX_POINT('',#10719);
#10719 = CARTESIAN_POINT('',(4.841029,-9.5,0.));
#10720 = VERTEX_POINT('',#10721);
#10721 = CARTESIAN_POINT('',(4.841029,-9.5,4.E-02));
#10722 = LINE('',#10723,#10724);
#10723 = CARTESIAN_POINT('',(4.841029,-9.5,0.));
#10724 = VECTOR('',#10725,1.);
#10725 = DIRECTION('',(0.,0.,1.));
#10726 = ORIENTED_EDGE('',*,*,#10727,.T.);
#10727 = EDGE_CURVE('',#10720,#10689,#10728,.T.);
#10728 = LINE('',#10729,#10730);
#10729 = CARTESIAN_POINT('',(4.841029,-9.5,4.E-02));
#10730 = VECTOR('',#10731,1.);
#10731 = DIRECTION('',(-1.,0.,0.));
#10732 = ORIENTED_EDGE('',*,*,#10686,.F.);
#10733 = ORIENTED_EDGE('',*,*,#10734,.F.);
#10734 = EDGE_CURVE('',#10718,#10687,#10735,.T.);
#10735 = LINE('',#10736,#10737);
#10736 = CARTESIAN_POINT('',(4.841029,-9.5,0.));
#10737 = VECTOR('',#10738,1.);
#10738 = DIRECTION('',(-1.,0.,0.));
#10739 = PLANE('',#10740);
#10740 = AXIS2_PLACEMENT_3D('',#10741,#10742,#10743);
#10741 = CARTESIAN_POINT('',(4.841029,-9.5,0.));
#10742 = DIRECTION('',(0.,-1.,0.));
#10743 = DIRECTION('',(-1.,0.,0.));
#10744 = ADVANCED_FACE('',(#10745),#10770,.T.);
#10745 = FACE_BOUND('',#10746,.T.);
#10746 = EDGE_LOOP('',(#10747,#10757,#10763,#10764));
#10747 = ORIENTED_EDGE('',*,*,#10748,.T.);
#10748 = EDGE_CURVE('',#10749,#10751,#10753,.T.);
#10749 = VERTEX_POINT('',#10750);
#10750 = CARTESIAN_POINT('',(4.841029,-7.,0.));
#10751 = VERTEX_POINT('',#10752);
#10752 = CARTESIAN_POINT('',(4.841029,-7.,4.E-02));
#10753 = LINE('',#10754,#10755);
#10754 = CARTESIAN_POINT('',(4.841029,-7.,0.));
#10755 = VECTOR('',#10756,1.);
#10756 = DIRECTION('',(0.,0.,1.));
#10757 = ORIENTED_EDGE('',*,*,#10758,.T.);
#10758 = EDGE_CURVE('',#10751,#10720,#10759,.T.);
#10759 = LINE('',#10760,#10761);
#10760 = CARTESIAN_POINT('',(4.841029,-7.,4.E-02));
#10761 = VECTOR('',#10762,1.);
#10762 = DIRECTION('',(0.,-1.,0.));
#10763 = ORIENTED_EDGE('',*,*,#10717,.F.);
#10764 = ORIENTED_EDGE('',*,*,#10765,.F.);
#10765 = EDGE_CURVE('',#10749,#10718,#10766,.T.);
#10766 = LINE('',#10767,#10768);
#10767 = CARTESIAN_POINT('',(4.841029,-7.,0.));
#10768 = VECTOR('',#10769,1.);
#10769 = DIRECTION('',(0.,-1.,0.));
#10770 = PLANE('',#10771);
#10771 = AXIS2_PLACEMENT_3D('',#10772,#10773,#10774);
#10772 = CARTESIAN_POINT('',(4.841029,-7.,0.));
#10773 = DIRECTION('',(1.,0.,0.));
#10774 = DIRECTION('',(0.,-1.,0.));
#10775 = ADVANCED_FACE('',(#10776),#10801,.F.);
#10776 = FACE_BOUND('',#10777,.F.);
#10777 = EDGE_LOOP('',(#10778,#10779,#10787,#10795));
#10778 = ORIENTED_EDGE('',*,*,#10748,.T.);
#10779 = ORIENTED_EDGE('',*,*,#10780,.T.);
#10780 = EDGE_CURVE('',#10751,#10781,#10783,.T.);
#10781 = VERTEX_POINT('',#10782);
#10782 = CARTESIAN_POINT('',(5.041029,-7.,4.E-02));
#10783 = LINE('',#10784,#10785);
#10784 = CARTESIAN_POINT('',(4.841029,-7.,4.E-02));
#10785 = VECTOR('',#10786,1.);
#10786 = DIRECTION('',(1.,0.,0.));
#10787 = ORIENTED_EDGE('',*,*,#10788,.F.);
#10788 = EDGE_CURVE('',#10789,#10781,#10791,.T.);
#10789 = VERTEX_POINT('',#10790);
#10790 = CARTESIAN_POINT('',(5.041029,-7.,0.));
#10791 = LINE('',#10792,#10793);
#10792 = CARTESIAN_POINT('',(5.041029,-7.,0.));
#10793 = VECTOR('',#10794,1.);
#10794 = DIRECTION('',(0.,0.,1.));
#10795 = ORIENTED_EDGE('',*,*,#10796,.F.);
#10796 = EDGE_CURVE('',#10749,#10789,#10797,.T.);
#10797 = LINE('',#10798,#10799);
#10798 = CARTESIAN_POINT('',(4.841029,-7.,0.));
#10799 = VECTOR('',#10800,1.);
#10800 = DIRECTION('',(1.,0.,0.));
#10801 = PLANE('',#10802);
#10802 = AXIS2_PLACEMENT_3D('',#10803,#10804,#10805);
#10803 = CARTESIAN_POINT('',(4.841029,-7.,0.));
#10804 = DIRECTION('',(0.,1.,0.));
#10805 = DIRECTION('',(1.,0.,0.));
#10806 = ADVANCED_FACE('',(#10807),#10832,.T.);
#10807 = FACE_BOUND('',#10808,.T.);
#10808 = EDGE_LOOP('',(#10809,#10819,#10825,#10826));
#10809 = ORIENTED_EDGE('',*,*,#10810,.T.);
#10810 = EDGE_CURVE('',#10811,#10813,#10815,.T.);
#10811 = VERTEX_POINT('',#10812);
#10812 = CARTESIAN_POINT('',(5.041029,-9.5,0.));
#10813 = VERTEX_POINT('',#10814);
#10814 = CARTESIAN_POINT('',(5.041029,-9.5,4.E-02));
#10815 = LINE('',#10816,#10817);
#10816 = CARTESIAN_POINT('',(5.041029,-9.5,0.));
#10817 = VECTOR('',#10818,1.);
#10818 = DIRECTION('',(0.,0.,1.));
#10819 = ORIENTED_EDGE('',*,*,#10820,.T.);
#10820 = EDGE_CURVE('',#10813,#10781,#10821,.T.);
#10821 = LINE('',#10822,#10823);
#10822 = CARTESIAN_POINT('',(5.041029,-9.5,4.E-02));
#10823 = VECTOR('',#10824,1.);
#10824 = DIRECTION('',(0.,1.,0.));
#10825 = ORIENTED_EDGE('',*,*,#10788,.F.);
#10826 = ORIENTED_EDGE('',*,*,#10827,.F.);
#10827 = EDGE_CURVE('',#10811,#10789,#10828,.T.);
#10828 = LINE('',#10829,#10830);
#10829 = CARTESIAN_POINT('',(5.041029,-9.5,0.));
#10830 = VECTOR('',#10831,1.);
#10831 = DIRECTION('',(0.,1.,0.));
#10832 = PLANE('',#10833);
#10833 = AXIS2_PLACEMENT_3D('',#10834,#10835,#10836);
#10834 = CARTESIAN_POINT('',(5.041029,-9.5,0.));
#10835 = DIRECTION('',(-1.,0.,0.));
#10836 = DIRECTION('',(0.,1.,0.));
#10837 = ADVANCED_FACE('',(#10838),#10863,.T.);
#10838 = FACE_BOUND('',#10839,.T.);
#10839 = EDGE_LOOP('',(#10840,#10850,#10856,#10857));
#10840 = ORIENTED_EDGE('',*,*,#10841,.T.);
#10841 = EDGE_CURVE('',#10842,#10844,#10846,.T.);
#10842 = VERTEX_POINT('',#10843);
#10843 = CARTESIAN_POINT('',(5.341029,-9.5,0.));
#10844 = VERTEX_POINT('',#10845);
#10845 = CARTESIAN_POINT('',(5.341029,-9.5,4.E-02));
#10846 = LINE('',#10847,#10848);
#10847 = CARTESIAN_POINT('',(5.341029,-9.5,0.));
#10848 = VECTOR('',#10849,1.);
#10849 = DIRECTION('',(0.,0.,1.));
#10850 = ORIENTED_EDGE('',*,*,#10851,.T.);
#10851 = EDGE_CURVE('',#10844,#10813,#10852,.T.);
#10852 = LINE('',#10853,#10854);
#10853 = CARTESIAN_POINT('',(5.341029,-9.5,4.E-02));
#10854 = VECTOR('',#10855,1.);
#10855 = DIRECTION('',(-1.,0.,0.));
#10856 = ORIENTED_EDGE('',*,*,#10810,.F.);
#10857 = ORIENTED_EDGE('',*,*,#10858,.F.);
#10858 = EDGE_CURVE('',#10842,#10811,#10859,.T.);
#10859 = LINE('',#10860,#10861);
#10860 = CARTESIAN_POINT('',(5.341029,-9.5,0.));
#10861 = VECTOR('',#10862,1.);
#10862 = DIRECTION('',(-1.,0.,0.));
#10863 = PLANE('',#10864);
#10864 = AXIS2_PLACEMENT_3D('',#10865,#10866,#10867);
#10865 = CARTESIAN_POINT('',(5.341029,-9.5,0.));
#10866 = DIRECTION('',(0.,-1.,0.));
#10867 = DIRECTION('',(-1.,0.,0.));
#10868 = ADVANCED_FACE('',(#10869),#10894,.T.);
#10869 = FACE_BOUND('',#10870,.T.);
#10870 = EDGE_LOOP('',(#10871,#10881,#10887,#10888));
#10871 = ORIENTED_EDGE('',*,*,#10872,.T.);
#10872 = EDGE_CURVE('',#10873,#10875,#10877,.T.);
#10873 = VERTEX_POINT('',#10874);
#10874 = CARTESIAN_POINT('',(5.341029,-7.,0.));
#10875 = VERTEX_POINT('',#10876);
#10876 = CARTESIAN_POINT('',(5.341029,-7.,4.E-02));
#10877 = LINE('',#10878,#10879);
#10878 = CARTESIAN_POINT('',(5.341029,-7.,0.));
#10879 = VECTOR('',#10880,1.);
#10880 = DIRECTION('',(0.,0.,1.));
#10881 = ORIENTED_EDGE('',*,*,#10882,.T.);
#10882 = EDGE_CURVE('',#10875,#10844,#10883,.T.);
#10883 = LINE('',#10884,#10885);
#10884 = CARTESIAN_POINT('',(5.341029,-7.,4.E-02));
#10885 = VECTOR('',#10886,1.);
#10886 = DIRECTION('',(0.,-1.,0.));
#10887 = ORIENTED_EDGE('',*,*,#10841,.F.);
#10888 = ORIENTED_EDGE('',*,*,#10889,.F.);
#10889 = EDGE_CURVE('',#10873,#10842,#10890,.T.);
#10890 = LINE('',#10891,#10892);
#10891 = CARTESIAN_POINT('',(5.341029,-7.,0.));
#10892 = VECTOR('',#10893,1.);
#10893 = DIRECTION('',(0.,-1.,0.));
#10894 = PLANE('',#10895);
#10895 = AXIS2_PLACEMENT_3D('',#10896,#10897,#10898);
#10896 = CARTESIAN_POINT('',(5.341029,-7.,0.));
#10897 = DIRECTION('',(1.,0.,0.));
#10898 = DIRECTION('',(0.,-1.,0.));
#10899 = ADVANCED_FACE('',(#10900),#10925,.F.);
#10900 = FACE_BOUND('',#10901,.F.);
#10901 = EDGE_LOOP('',(#10902,#10903,#10911,#10919));
#10902 = ORIENTED_EDGE('',*,*,#10872,.T.);
#10903 = ORIENTED_EDGE('',*,*,#10904,.T.);
#10904 = EDGE_CURVE('',#10875,#10905,#10907,.T.);
#10905 = VERTEX_POINT('',#10906);
#10906 = CARTESIAN_POINT('',(5.541029,-7.,4.E-02));
#10907 = LINE('',#10908,#10909);
#10908 = CARTESIAN_POINT('',(5.341029,-7.,4.E-02));
#10909 = VECTOR('',#10910,1.);
#10910 = DIRECTION('',(1.,0.,0.));
#10911 = ORIENTED_EDGE('',*,*,#10912,.F.);
#10912 = EDGE_CURVE('',#10913,#10905,#10915,.T.);
#10913 = VERTEX_POINT('',#10914);
#10914 = CARTESIAN_POINT('',(5.541029,-7.,0.));
#10915 = LINE('',#10916,#10917);
#10916 = CARTESIAN_POINT('',(5.541029,-7.,0.));
#10917 = VECTOR('',#10918,1.);
#10918 = DIRECTION('',(0.,0.,1.));
#10919 = ORIENTED_EDGE('',*,*,#10920,.F.);
#10920 = EDGE_CURVE('',#10873,#10913,#10921,.T.);
#10921 = LINE('',#10922,#10923);
#10922 = CARTESIAN_POINT('',(5.341029,-7.,0.));
#10923 = VECTOR('',#10924,1.);
#10924 = DIRECTION('',(1.,0.,0.));
#10925 = PLANE('',#10926);
#10926 = AXIS2_PLACEMENT_3D('',#10927,#10928,#10929);
#10927 = CARTESIAN_POINT('',(5.341029,-7.,0.));
#10928 = DIRECTION('',(0.,1.,0.));
#10929 = DIRECTION('',(1.,0.,0.));
#10930 = ADVANCED_FACE('',(#10931),#10956,.T.);
#10931 = FACE_BOUND('',#10932,.T.);
#10932 = EDGE_LOOP('',(#10933,#10943,#10949,#10950));
#10933 = ORIENTED_EDGE('',*,*,#10934,.T.);
#10934 = EDGE_CURVE('',#10935,#10937,#10939,.T.);
#10935 = VERTEX_POINT('',#10936);
#10936 = CARTESIAN_POINT('',(5.541029,-9.5,0.));
#10937 = VERTEX_POINT('',#10938);
#10938 = CARTESIAN_POINT('',(5.541029,-9.5,4.E-02));
#10939 = LINE('',#10940,#10941);
#10940 = CARTESIAN_POINT('',(5.541029,-9.5,0.));
#10941 = VECTOR('',#10942,1.);
#10942 = DIRECTION('',(0.,0.,1.));
#10943 = ORIENTED_EDGE('',*,*,#10944,.T.);
#10944 = EDGE_CURVE('',#10937,#10905,#10945,.T.);
#10945 = LINE('',#10946,#10947);
#10946 = CARTESIAN_POINT('',(5.541029,-9.5,4.E-02));
#10947 = VECTOR('',#10948,1.);
#10948 = DIRECTION('',(0.,1.,0.));
#10949 = ORIENTED_EDGE('',*,*,#10912,.F.);
#10950 = ORIENTED_EDGE('',*,*,#10951,.F.);
#10951 = EDGE_CURVE('',#10935,#10913,#10952,.T.);
#10952 = LINE('',#10953,#10954);
#10953 = CARTESIAN_POINT('',(5.541029,-9.5,0.));
#10954 = VECTOR('',#10955,1.);
#10955 = DIRECTION('',(0.,1.,0.));
#10956 = PLANE('',#10957);
#10957 = AXIS2_PLACEMENT_3D('',#10958,#10959,#10960);
#10958 = CARTESIAN_POINT('',(5.541029,-9.5,0.));
#10959 = DIRECTION('',(-1.,0.,0.));
#10960 = DIRECTION('',(0.,1.,0.));
#10961 = ADVANCED_FACE('',(#10962),#10987,.T.);
#10962 = FACE_BOUND('',#10963,.T.);
#10963 = EDGE_LOOP('',(#10964,#10974,#10980,#10981));
#10964 = ORIENTED_EDGE('',*,*,#10965,.T.);
#10965 = EDGE_CURVE('',#10966,#10968,#10970,.T.);
#10966 = VERTEX_POINT('',#10967);
#10967 = CARTESIAN_POINT('',(5.841029,-9.5,0.));
#10968 = VERTEX_POINT('',#10969);
#10969 = CARTESIAN_POINT('',(5.841029,-9.5,4.E-02));
#10970 = LINE('',#10971,#10972);
#10971 = CARTESIAN_POINT('',(5.841029,-9.5,0.));
#10972 = VECTOR('',#10973,1.);
#10973 = DIRECTION('',(0.,0.,1.));
#10974 = ORIENTED_EDGE('',*,*,#10975,.T.);
#10975 = EDGE_CURVE('',#10968,#10937,#10976,.T.);
#10976 = LINE('',#10977,#10978);
#10977 = CARTESIAN_POINT('',(5.841029,-9.5,4.E-02));
#10978 = VECTOR('',#10979,1.);
#10979 = DIRECTION('',(-1.,0.,0.));
#10980 = ORIENTED_EDGE('',*,*,#10934,.F.);
#10981 = ORIENTED_EDGE('',*,*,#10982,.F.);
#10982 = EDGE_CURVE('',#10966,#10935,#10983,.T.);
#10983 = LINE('',#10984,#10985);
#10984 = CARTESIAN_POINT('',(5.841029,-9.5,0.));
#10985 = VECTOR('',#10986,1.);
#10986 = DIRECTION('',(-1.,0.,0.));
#10987 = PLANE('',#10988);
#10988 = AXIS2_PLACEMENT_3D('',#10989,#10990,#10991);
#10989 = CARTESIAN_POINT('',(5.841029,-9.5,0.));
#10990 = DIRECTION('',(0.,-1.,0.));
#10991 = DIRECTION('',(-1.,0.,0.));
#10992 = ADVANCED_FACE('',(#10993),#11018,.T.);
#10993 = FACE_BOUND('',#10994,.T.);
#10994 = EDGE_LOOP('',(#10995,#11005,#11011,#11012));
#10995 = ORIENTED_EDGE('',*,*,#10996,.T.);
#10996 = EDGE_CURVE('',#10997,#10999,#11001,.T.);
#10997 = VERTEX_POINT('',#10998);
#10998 = CARTESIAN_POINT('',(5.841029,-7.,0.));
#10999 = VERTEX_POINT('',#11000);
#11000 = CARTESIAN_POINT('',(5.841029,-7.,4.E-02));
#11001 = LINE('',#11002,#11003);
#11002 = CARTESIAN_POINT('',(5.841029,-7.,0.));
#11003 = VECTOR('',#11004,1.);
#11004 = DIRECTION('',(0.,0.,1.));
#11005 = ORIENTED_EDGE('',*,*,#11006,.T.);
#11006 = EDGE_CURVE('',#10999,#10968,#11007,.T.);
#11007 = LINE('',#11008,#11009);
#11008 = CARTESIAN_POINT('',(5.841029,-7.,4.E-02));
#11009 = VECTOR('',#11010,1.);
#11010 = DIRECTION('',(0.,-1.,0.));
#11011 = ORIENTED_EDGE('',*,*,#10965,.F.);
#11012 = ORIENTED_EDGE('',*,*,#11013,.F.);
#11013 = EDGE_CURVE('',#10997,#10966,#11014,.T.);
#11014 = LINE('',#11015,#11016);
#11015 = CARTESIAN_POINT('',(5.841029,-7.,0.));
#11016 = VECTOR('',#11017,1.);
#11017 = DIRECTION('',(0.,-1.,0.));
#11018 = PLANE('',#11019);
#11019 = AXIS2_PLACEMENT_3D('',#11020,#11021,#11022);
#11020 = CARTESIAN_POINT('',(5.841029,-7.,0.));
#11021 = DIRECTION('',(1.,0.,0.));
#11022 = DIRECTION('',(0.,-1.,0.));
#11023 = ADVANCED_FACE('',(#11024),#11049,.F.);
#11024 = FACE_BOUND('',#11025,.F.);
#11025 = EDGE_LOOP('',(#11026,#11027,#11035,#11043));
#11026 = ORIENTED_EDGE('',*,*,#10996,.T.);
#11027 = ORIENTED_EDGE('',*,*,#11028,.T.);
#11028 = EDGE_CURVE('',#10999,#11029,#11031,.T.);
#11029 = VERTEX_POINT('',#11030);
#11030 = CARTESIAN_POINT('',(2.85,-4.499071,4.E-02));
#11031 = LINE('',#11032,#11033);
#11032 = CARTESIAN_POINT('',(5.841029,-7.,4.E-02));
#11033 = VECTOR('',#11034,1.);
#11034 = DIRECTION('',(-0.767160030849,0.641455756126,0.));
#11035 = ORIENTED_EDGE('',*,*,#11036,.F.);
#11036 = EDGE_CURVE('',#11037,#11029,#11039,.T.);
#11037 = VERTEX_POINT('',#11038);
#11038 = CARTESIAN_POINT('',(2.85,-4.499071,0.));
#11039 = LINE('',#11040,#11041);
#11040 = CARTESIAN_POINT('',(2.85,-4.499071,0.));
#11041 = VECTOR('',#11042,1.);
#11042 = DIRECTION('',(0.,0.,1.));
#11043 = ORIENTED_EDGE('',*,*,#11044,.F.);
#11044 = EDGE_CURVE('',#10997,#11037,#11045,.T.);
#11045 = LINE('',#11046,#11047);
#11046 = CARTESIAN_POINT('',(5.841029,-7.,0.));
#11047 = VECTOR('',#11048,1.);
#11048 = DIRECTION('',(-0.767160030849,0.641455756126,0.));
#11049 = PLANE('',#11050);
#11050 = AXIS2_PLACEMENT_3D('',#11051,#11052,#11053);
#11051 = CARTESIAN_POINT('',(5.841029,-7.,0.));
#11052 = DIRECTION('',(-0.641455756126,-0.767160030849,0.));
#11053 = DIRECTION('',(-0.767160030849,0.641455756126,0.));
#11054 = ADVANCED_FACE('',(#11055),#11071,.T.);
#11055 = FACE_BOUND('',#11056,.T.);
#11056 = EDGE_LOOP('',(#11057,#11058,#11064,#11065));
#11057 = ORIENTED_EDGE('',*,*,#7360,.T.);
#11058 = ORIENTED_EDGE('',*,*,#11059,.T.);
#11059 = EDGE_CURVE('',#7363,#11029,#11060,.T.);
#11060 = LINE('',#11061,#11062);
#11061 = CARTESIAN_POINT('',(2.85,5.400929,4.E-02));
#11062 = VECTOR('',#11063,1.);
#11063 = DIRECTION('',(0.,-1.,0.));
#11064 = ORIENTED_EDGE('',*,*,#11036,.F.);
#11065 = ORIENTED_EDGE('',*,*,#11066,.F.);
#11066 = EDGE_CURVE('',#7361,#11037,#11067,.T.);
#11067 = LINE('',#11068,#11069);
#11068 = CARTESIAN_POINT('',(2.85,5.400929,0.));
#11069 = VECTOR('',#11070,1.);
#11070 = DIRECTION('',(0.,-1.,0.));
#11071 = PLANE('',#11072);
#11072 = AXIS2_PLACEMENT_3D('',#11073,#11074,#11075);
#11073 = CARTESIAN_POINT('',(2.85,5.400929,0.));
#11074 = DIRECTION('',(1.,0.,0.));
#11075 = DIRECTION('',(0.,-1.,0.));
#11076 = ADVANCED_FACE('',(#11077),#11111,.T.);
#11077 = FACE_BOUND('',#11078,.T.);
#11078 = EDGE_LOOP('',(#11079,#11089,#11097,#11105));
#11079 = ORIENTED_EDGE('',*,*,#11080,.T.);
#11080 = EDGE_CURVE('',#11081,#11083,#11085,.T.);
#11081 = VERTEX_POINT('',#11082);
#11082 = CARTESIAN_POINT('',(-2.15,5.400929,0.));
#11083 = VERTEX_POINT('',#11084);
#11084 = CARTESIAN_POINT('',(-2.15,5.400929,4.E-02));
#11085 = LINE('',#11086,#11087);
#11086 = CARTESIAN_POINT('',(-2.15,5.400929,0.));
#11087 = VECTOR('',#11088,1.);
#11088 = DIRECTION('',(0.,0.,1.));
#11089 = ORIENTED_EDGE('',*,*,#11090,.T.);
#11090 = EDGE_CURVE('',#11083,#11091,#11093,.T.);
#11091 = VERTEX_POINT('',#11092);
#11092 = CARTESIAN_POINT('',(-2.15,-4.499071,4.E-02));
#11093 = LINE('',#11094,#11095);
#11094 = CARTESIAN_POINT('',(-2.15,5.400929,4.E-02));
#11095 = VECTOR('',#11096,1.);
#11096 = DIRECTION('',(0.,-1.,0.));
#11097 = ORIENTED_EDGE('',*,*,#11098,.F.);
#11098 = EDGE_CURVE('',#11099,#11091,#11101,.T.);
#11099 = VERTEX_POINT('',#11100);
#11100 = CARTESIAN_POINT('',(-2.15,-4.499071,0.));
#11101 = LINE('',#11102,#11103);
#11102 = CARTESIAN_POINT('',(-2.15,-4.499071,0.));
#11103 = VECTOR('',#11104,1.);
#11104 = DIRECTION('',(0.,0.,1.));
#11105 = ORIENTED_EDGE('',*,*,#11106,.F.);
#11106 = EDGE_CURVE('',#11081,#11099,#11107,.T.);
#11107 = LINE('',#11108,#11109);
#11108 = CARTESIAN_POINT('',(-2.15,5.400929,0.));
#11109 = VECTOR('',#11110,1.);
#11110 = DIRECTION('',(0.,-1.,0.));
#11111 = PLANE('',#11112);
#11112 = AXIS2_PLACEMENT_3D('',#11113,#11114,#11115);
#11113 = CARTESIAN_POINT('',(-2.15,5.400929,0.));
#11114 = DIRECTION('',(1.,0.,0.));
#11115 = DIRECTION('',(0.,-1.,0.));
#11116 = ADVANCED_FACE('',(#11117),#11142,.F.);
#11117 = FACE_BOUND('',#11118,.F.);
#11118 = EDGE_LOOP('',(#11119,#11129,#11135,#11136));
#11119 = ORIENTED_EDGE('',*,*,#11120,.T.);
#11120 = EDGE_CURVE('',#11121,#11123,#11125,.T.);
#11121 = VERTEX_POINT('',#11122);
#11122 = CARTESIAN_POINT('',(-4.551587,-6.892960197732,0.));
#11123 = VERTEX_POINT('',#11124);
#11124 = CARTESIAN_POINT('',(-4.551587,-6.892960197732,4.E-02));
#11125 = LINE('',#11126,#11127);
#11126 = CARTESIAN_POINT('',(-4.551587,-6.892960197732,0.));
#11127 = VECTOR('',#11128,1.);
#11128 = DIRECTION('',(0.,0.,1.));
#11129 = ORIENTED_EDGE('',*,*,#11130,.T.);
#11130 = EDGE_CURVE('',#11123,#11091,#11131,.T.);
#11131 = LINE('',#11132,#11133);
#11132 = CARTESIAN_POINT('',(-4.551587,-6.892960197732,4.E-02));
#11133 = VECTOR('',#11134,1.);
#11134 = DIRECTION('',(0.708240931834,0.705970808515,0.));
#11135 = ORIENTED_EDGE('',*,*,#11098,.F.);
#11136 = ORIENTED_EDGE('',*,*,#11137,.F.);
#11137 = EDGE_CURVE('',#11121,#11099,#11138,.T.);
#11138 = LINE('',#11139,#11140);
#11139 = CARTESIAN_POINT('',(-4.551587,-6.892960197732,0.));
#11140 = VECTOR('',#11141,1.);
#11141 = DIRECTION('',(0.708240931834,0.705970808515,0.));
#11142 = PLANE('',#11143);
#11143 = AXIS2_PLACEMENT_3D('',#11144,#11145,#11146);
#11144 = CARTESIAN_POINT('',(-4.551587,-6.892960197732,0.));
#11145 = DIRECTION('',(-0.705970808515,0.708240931834,0.));
#11146 = DIRECTION('',(0.708240931834,0.705970808515,0.));
#11147 = ADVANCED_FACE('',(#11148),#11173,.T.);
#11148 = FACE_BOUND('',#11149,.T.);
#11149 = EDGE_LOOP('',(#11150,#11151,#11159,#11167));
#11150 = ORIENTED_EDGE('',*,*,#11120,.T.);
#11151 = ORIENTED_EDGE('',*,*,#11152,.T.);
#11152 = EDGE_CURVE('',#11123,#11153,#11155,.T.);
#11153 = VERTEX_POINT('',#11154);
#11154 = CARTESIAN_POINT('',(-3.379407010674,-6.892960197732,4.E-02));
#11155 = LINE('',#11156,#11157);
#11156 = CARTESIAN_POINT('',(-4.551587,-6.892960197732,4.E-02));
#11157 = VECTOR('',#11158,1.);
#11158 = DIRECTION('',(1.,0.,0.));
#11159 = ORIENTED_EDGE('',*,*,#11160,.F.);
#11160 = EDGE_CURVE('',#11161,#11153,#11163,.T.);
#11161 = VERTEX_POINT('',#11162);
#11162 = CARTESIAN_POINT('',(-3.379407010674,-6.892960197732,0.));
#11163 = LINE('',#11164,#11165);
#11164 = CARTESIAN_POINT('',(-3.379407010674,-6.892960197732,0.));
#11165 = VECTOR('',#11166,1.);
#11166 = DIRECTION('',(0.,0.,1.));
#11167 = ORIENTED_EDGE('',*,*,#11168,.F.);
#11168 = EDGE_CURVE('',#11121,#11161,#11169,.T.);
#11169 = LINE('',#11170,#11171);
#11170 = CARTESIAN_POINT('',(-4.551587,-6.892960197732,0.));
#11171 = VECTOR('',#11172,1.);
#11172 = DIRECTION('',(1.,0.,0.));
#11173 = PLANE('',#11174);
#11174 = AXIS2_PLACEMENT_3D('',#11175,#11176,#11177);
#11175 = CARTESIAN_POINT('',(-4.551587,-6.892960197732,0.));
#11176 = DIRECTION('',(0.,1.,0.));
#11177 = DIRECTION('',(1.,0.,0.));
#11178 = ADVANCED_FACE('',(#11179),#11204,.T.);
#11179 = FACE_BOUND('',#11180,.T.);
#11180 = EDGE_LOOP('',(#11181,#11182,#11190,#11198));
#11181 = ORIENTED_EDGE('',*,*,#11160,.T.);
#11182 = ORIENTED_EDGE('',*,*,#11183,.T.);
#11183 = EDGE_CURVE('',#11153,#11184,#11186,.T.);
#11184 = VERTEX_POINT('',#11185);
#11185 = CARTESIAN_POINT('',(-1.6,-4.499071,4.E-02));
#11186 = LINE('',#11187,#11188);
#11187 = CARTESIAN_POINT('',(-3.379407010674,-6.892960197732,4.E-02));
#11188 = VECTOR('',#11189,1.);
#11189 = DIRECTION('',(0.596559311595,0.802568992517,0.));
#11190 = ORIENTED_EDGE('',*,*,#11191,.F.);
#11191 = EDGE_CURVE('',#11192,#11184,#11194,.T.);
#11192 = VERTEX_POINT('',#11193);
#11193 = CARTESIAN_POINT('',(-1.6,-4.499071,0.));
#11194 = LINE('',#11195,#11196);
#11195 = CARTESIAN_POINT('',(-1.6,-4.499071,0.));
#11196 = VECTOR('',#11197,1.);
#11197 = DIRECTION('',(0.,0.,1.));
#11198 = ORIENTED_EDGE('',*,*,#11199,.F.);
#11199 = EDGE_CURVE('',#11161,#11192,#11200,.T.);
#11200 = LINE('',#11201,#11202);
#11201 = CARTESIAN_POINT('',(-3.379407010674,-6.892960197732,0.));
#11202 = VECTOR('',#11203,1.);
#11203 = DIRECTION('',(0.596559311595,0.802568992517,0.));
#11204 = PLANE('',#11205);
#11205 = AXIS2_PLACEMENT_3D('',#11206,#11207,#11208);
#11206 = CARTESIAN_POINT('',(-3.379407010674,-6.892960197732,0.));
#11207 = DIRECTION('',(-0.802568992517,0.596559311595,0.));
#11208 = DIRECTION('',(0.596559311595,0.802568992517,0.));
#11209 = ADVANCED_FACE('',(#11210),#11235,.T.);
#11210 = FACE_BOUND('',#11211,.T.);
#11211 = EDGE_LOOP('',(#11212,#11213,#11221,#11229));
#11212 = ORIENTED_EDGE('',*,*,#11191,.T.);
#11213 = ORIENTED_EDGE('',*,*,#11214,.T.);
#11214 = EDGE_CURVE('',#11184,#11215,#11217,.T.);
#11215 = VERTEX_POINT('',#11216);
#11216 = CARTESIAN_POINT('',(-1.6,5.400929,4.E-02));
#11217 = LINE('',#11218,#11219);
#11218 = CARTESIAN_POINT('',(-1.6,-4.499071,4.E-02));
#11219 = VECTOR('',#11220,1.);
#11220 = DIRECTION('',(0.,1.,0.));
#11221 = ORIENTED_EDGE('',*,*,#11222,.F.);
#11222 = EDGE_CURVE('',#11223,#11215,#11225,.T.);
#11223 = VERTEX_POINT('',#11224);
#11224 = CARTESIAN_POINT('',(-1.6,5.400929,0.));
#11225 = LINE('',#11226,#11227);
#11226 = CARTESIAN_POINT('',(-1.6,5.400929,0.));
#11227 = VECTOR('',#11228,1.);
#11228 = DIRECTION('',(0.,0.,1.));
#11229 = ORIENTED_EDGE('',*,*,#11230,.F.);
#11230 = EDGE_CURVE('',#11192,#11223,#11231,.T.);
#11231 = LINE('',#11232,#11233);
#11232 = CARTESIAN_POINT('',(-1.6,-4.499071,0.));
#11233 = VECTOR('',#11234,1.);
#11234 = DIRECTION('',(0.,1.,0.));
#11235 = PLANE('',#11236);
#11236 = AXIS2_PLACEMENT_3D('',#11237,#11238,#11239);
#11237 = CARTESIAN_POINT('',(-1.6,-4.499071,0.));
#11238 = DIRECTION('',(-1.,0.,0.));
#11239 = DIRECTION('',(0.,1.,0.));
#11240 = ADVANCED_FACE('',(#11241),#11257,.F.);
#11241 = FACE_BOUND('',#11242,.F.);
#11242 = EDGE_LOOP('',(#11243,#11244,#11250,#11251));
#11243 = ORIENTED_EDGE('',*,*,#11080,.T.);
#11244 = ORIENTED_EDGE('',*,*,#11245,.T.);
#11245 = EDGE_CURVE('',#11083,#11215,#11246,.T.);
#11246 = LINE('',#11247,#11248);
#11247 = CARTESIAN_POINT('',(-2.15,5.400929,4.E-02));
#11248 = VECTOR('',#11249,1.);
#11249 = DIRECTION('',(1.,0.,0.));
#11250 = ORIENTED_EDGE('',*,*,#11222,.F.);
#11251 = ORIENTED_EDGE('',*,*,#11252,.F.);
#11252 = EDGE_CURVE('',#11081,#11223,#11253,.T.);
#11253 = LINE('',#11254,#11255);
#11254 = CARTESIAN_POINT('',(-2.15,5.400929,0.));
#11255 = VECTOR('',#11256,1.);
#11256 = DIRECTION('',(1.,0.,0.));
#11257 = PLANE('',#11258);
#11258 = AXIS2_PLACEMENT_3D('',#11259,#11260,#11261);
#11259 = CARTESIAN_POINT('',(-2.15,5.400929,0.));
#11260 = DIRECTION('',(0.,1.,0.));
#11261 = DIRECTION('',(1.,0.,0.));
#11262 = ADVANCED_FACE('',(#11263),#11297,.T.);
#11263 = FACE_BOUND('',#11264,.T.);
#11264 = EDGE_LOOP('',(#11265,#11275,#11283,#11291));
#11265 = ORIENTED_EDGE('',*,*,#11266,.T.);
#11266 = EDGE_CURVE('',#11267,#11269,#11271,.T.);
#11267 = VERTEX_POINT('',#11268);
#11268 = CARTESIAN_POINT('',(-1.4,5.400929,0.));
#11269 = VERTEX_POINT('',#11270);
#11270 = CARTESIAN_POINT('',(-1.4,5.400929,4.E-02));
#11271 = LINE('',#11272,#11273);
#11272 = CARTESIAN_POINT('',(-1.4,5.400929,0.));
#11273 = VECTOR('',#11274,1.);
#11274 = DIRECTION('',(0.,0.,1.));
#11275 = ORIENTED_EDGE('',*,*,#11276,.T.);
#11276 = EDGE_CURVE('',#11269,#11277,#11279,.T.);
#11277 = VERTEX_POINT('',#11278);
#11278 = CARTESIAN_POINT('',(-1.4,-4.499071,4.E-02));
#11279 = LINE('',#11280,#11281);
#11280 = CARTESIAN_POINT('',(-1.4,5.400929,4.E-02));
#11281 = VECTOR('',#11282,1.);
#11282 = DIRECTION('',(0.,-1.,0.));
#11283 = ORIENTED_EDGE('',*,*,#11284,.F.);
#11284 = EDGE_CURVE('',#11285,#11277,#11287,.T.);
#11285 = VERTEX_POINT('',#11286);
#11286 = CARTESIAN_POINT('',(-1.4,-4.499071,0.));
#11287 = LINE('',#11288,#11289);
#11288 = CARTESIAN_POINT('',(-1.4,-4.499071,0.));
#11289 = VECTOR('',#11290,1.);
#11290 = DIRECTION('',(0.,0.,1.));
#11291 = ORIENTED_EDGE('',*,*,#11292,.F.);
#11292 = EDGE_CURVE('',#11267,#11285,#11293,.T.);
#11293 = LINE('',#11294,#11295);
#11294 = CARTESIAN_POINT('',(-1.4,5.400929,0.));
#11295 = VECTOR('',#11296,1.);
#11296 = DIRECTION('',(0.,-1.,0.));
#11297 = PLANE('',#11298);
#11298 = AXIS2_PLACEMENT_3D('',#11299,#11300,#11301);
#11299 = CARTESIAN_POINT('',(-1.4,5.400929,0.));
#11300 = DIRECTION('',(1.,0.,0.));
#11301 = DIRECTION('',(0.,-1.,0.));
#11302 = ADVANCED_FACE('',(#11303),#11328,.F.);
#11303 = FACE_BOUND('',#11304,.F.);
#11304 = EDGE_LOOP('',(#11305,#11315,#11321,#11322));
#11305 = ORIENTED_EDGE('',*,*,#11306,.T.);
#11306 = EDGE_CURVE('',#11307,#11309,#11311,.T.);
#11307 = VERTEX_POINT('',#11308);
#11308 = CARTESIAN_POINT('',(-3.099379506244,-6.915272,0.));
#11309 = VERTEX_POINT('',#11310);
#11310 = CARTESIAN_POINT('',(-3.099379506244,-6.915272,4.E-02));
#11311 = LINE('',#11312,#11313);
#11312 = CARTESIAN_POINT('',(-3.099379506244,-6.915272,0.));
#11313 = VECTOR('',#11314,1.);
#11314 = DIRECTION('',(0.,0.,1.));
#11315 = ORIENTED_EDGE('',*,*,#11316,.T.);
#11316 = EDGE_CURVE('',#11309,#11277,#11317,.T.);
#11317 = LINE('',#11318,#11319);
#11318 = CARTESIAN_POINT('',(-3.099379506244,-6.915272,4.E-02));
#11319 = VECTOR('',#11320,1.);
#11320 = DIRECTION('',(0.575287335323,0.81795139331,0.));
#11321 = ORIENTED_EDGE('',*,*,#11284,.F.);
#11322 = ORIENTED_EDGE('',*,*,#11323,.F.);
#11323 = EDGE_CURVE('',#11307,#11285,#11324,.T.);
#11324 = LINE('',#11325,#11326);
#11325 = CARTESIAN_POINT('',(-3.099379506244,-6.915272,0.));
#11326 = VECTOR('',#11327,1.);
#11327 = DIRECTION('',(0.575287335323,0.81795139331,0.));
#11328 = PLANE('',#11329);
#11329 = AXIS2_PLACEMENT_3D('',#11330,#11331,#11332);
#11330 = CARTESIAN_POINT('',(-3.099379506244,-6.915272,0.));
#11331 = DIRECTION('',(-0.81795139331,0.575287335323,0.));
#11332 = DIRECTION('',(0.575287335323,0.81795139331,0.));
#11333 = ADVANCED_FACE('',(#11334),#11359,.T.);
#11334 = FACE_BOUND('',#11335,.T.);
#11335 = EDGE_LOOP('',(#11336,#11337,#11345,#11353));
#11336 = ORIENTED_EDGE('',*,*,#11306,.T.);
#11337 = ORIENTED_EDGE('',*,*,#11338,.T.);
#11338 = EDGE_CURVE('',#11309,#11339,#11341,.T.);
#11339 = VERTEX_POINT('',#11340);
#11340 = CARTESIAN_POINT('',(-1.921400603204,-6.915272,4.E-02));
#11341 = LINE('',#11342,#11343);
#11342 = CARTESIAN_POINT('',(-3.099379506244,-6.915272,4.E-02));
#11343 = VECTOR('',#11344,1.);
#11344 = DIRECTION('',(1.,0.,0.));
#11345 = ORIENTED_EDGE('',*,*,#11346,.F.);
#11346 = EDGE_CURVE('',#11347,#11339,#11349,.T.);
#11347 = VERTEX_POINT('',#11348);
#11348 = CARTESIAN_POINT('',(-1.921400603204,-6.915272,0.));
#11349 = LINE('',#11350,#11351);
#11350 = CARTESIAN_POINT('',(-1.921400603204,-6.915272,0.));
#11351 = VECTOR('',#11352,1.);
#11352 = DIRECTION('',(0.,0.,1.));
#11353 = ORIENTED_EDGE('',*,*,#11354,.F.);
#11354 = EDGE_CURVE('',#11307,#11347,#11355,.T.);
#11355 = LINE('',#11356,#11357);
#11356 = CARTESIAN_POINT('',(-3.099379506244,-6.915272,0.));
#11357 = VECTOR('',#11358,1.);
#11358 = DIRECTION('',(1.,0.,0.));
#11359 = PLANE('',#11360);
#11360 = AXIS2_PLACEMENT_3D('',#11361,#11362,#11363);
#11361 = CARTESIAN_POINT('',(-3.099379506244,-6.915272,0.));
#11362 = DIRECTION('',(0.,1.,0.));
#11363 = DIRECTION('',(1.,0.,0.));
#11364 = ADVANCED_FACE('',(#11365),#11390,.T.);
#11365 = FACE_BOUND('',#11366,.T.);
#11366 = EDGE_LOOP('',(#11367,#11368,#11376,#11384));
#11367 = ORIENTED_EDGE('',*,*,#11346,.T.);
#11368 = ORIENTED_EDGE('',*,*,#11369,.T.);
#11369 = EDGE_CURVE('',#11339,#11370,#11372,.T.);
#11370 = VERTEX_POINT('',#11371);
#11371 = CARTESIAN_POINT('',(-0.85,-4.499071,4.E-02));
#11372 = LINE('',#11373,#11374);
#11373 = CARTESIAN_POINT('',(-1.921400603204,-6.915272,4.E-02));
#11374 = VECTOR('',#11375,1.);
#11375 = DIRECTION('',(0.405359055859,0.914157555257,0.));
#11376 = ORIENTED_EDGE('',*,*,#11377,.F.);
#11377 = EDGE_CURVE('',#11378,#11370,#11380,.T.);
#11378 = VERTEX_POINT('',#11379);
#11379 = CARTESIAN_POINT('',(-0.85,-4.499071,0.));
#11380 = LINE('',#11381,#11382);
#11381 = CARTESIAN_POINT('',(-0.85,-4.499071,0.));
#11382 = VECTOR('',#11383,1.);
#11383 = DIRECTION('',(0.,0.,1.));
#11384 = ORIENTED_EDGE('',*,*,#11385,.F.);
#11385 = EDGE_CURVE('',#11347,#11378,#11386,.T.);
#11386 = LINE('',#11387,#11388);
#11387 = CARTESIAN_POINT('',(-1.921400603204,-6.915272,0.));
#11388 = VECTOR('',#11389,1.);
#11389 = DIRECTION('',(0.405359055859,0.914157555257,0.));
#11390 = PLANE('',#11391);
#11391 = AXIS2_PLACEMENT_3D('',#11392,#11393,#11394);
#11392 = CARTESIAN_POINT('',(-1.921400603204,-6.915272,0.));
#11393 = DIRECTION('',(-0.914157555257,0.405359055859,0.));
#11394 = DIRECTION('',(0.405359055859,0.914157555257,0.));
#11395 = ADVANCED_FACE('',(#11396),#11421,.T.);
#11396 = FACE_BOUND('',#11397,.T.);
#11397 = EDGE_LOOP('',(#11398,#11399,#11407,#11415));
#11398 = ORIENTED_EDGE('',*,*,#11377,.T.);
#11399 = ORIENTED_EDGE('',*,*,#11400,.T.);
#11400 = EDGE_CURVE('',#11370,#11401,#11403,.T.);
#11401 = VERTEX_POINT('',#11402);
#11402 = CARTESIAN_POINT('',(-0.85,5.400929,4.E-02));
#11403 = LINE('',#11404,#11405);
#11404 = CARTESIAN_POINT('',(-0.85,-4.499071,4.E-02));
#11405 = VECTOR('',#11406,1.);
#11406 = DIRECTION('',(0.,1.,0.));
#11407 = ORIENTED_EDGE('',*,*,#11408,.F.);
#11408 = EDGE_CURVE('',#11409,#11401,#11411,.T.);
#11409 = VERTEX_POINT('',#11410);
#11410 = CARTESIAN_POINT('',(-0.85,5.400929,0.));
#11411 = LINE('',#11412,#11413);
#11412 = CARTESIAN_POINT('',(-0.85,5.400929,0.));
#11413 = VECTOR('',#11414,1.);
#11414 = DIRECTION('',(0.,0.,1.));
#11415 = ORIENTED_EDGE('',*,*,#11416,.F.);
#11416 = EDGE_CURVE('',#11378,#11409,#11417,.T.);
#11417 = LINE('',#11418,#11419);
#11418 = CARTESIAN_POINT('',(-0.85,-4.499071,0.));
#11419 = VECTOR('',#11420,1.);
#11420 = DIRECTION('',(0.,1.,0.));
#11421 = PLANE('',#11422);
#11422 = AXIS2_PLACEMENT_3D('',#11423,#11424,#11425);
#11423 = CARTESIAN_POINT('',(-0.85,-4.499071,0.));
#11424 = DIRECTION('',(-1.,0.,0.));
#11425 = DIRECTION('',(0.,1.,0.));
#11426 = ADVANCED_FACE('',(#11427),#11443,.F.);
#11427 = FACE_BOUND('',#11428,.F.);
#11428 = EDGE_LOOP('',(#11429,#11430,#11436,#11437));
#11429 = ORIENTED_EDGE('',*,*,#11266,.T.);
#11430 = ORIENTED_EDGE('',*,*,#11431,.T.);
#11431 = EDGE_CURVE('',#11269,#11401,#11432,.T.);
#11432 = LINE('',#11433,#11434);
#11433 = CARTESIAN_POINT('',(-1.4,5.400929,4.E-02));
#11434 = VECTOR('',#11435,1.);
#11435 = DIRECTION('',(1.,0.,0.));
#11436 = ORIENTED_EDGE('',*,*,#11408,.F.);
#11437 = ORIENTED_EDGE('',*,*,#11438,.F.);
#11438 = EDGE_CURVE('',#11267,#11409,#11439,.T.);
#11439 = LINE('',#11440,#11441);
#11440 = CARTESIAN_POINT('',(-1.4,5.400929,0.));
#11441 = VECTOR('',#11442,1.);
#11442 = DIRECTION('',(1.,0.,0.));
#11443 = PLANE('',#11444);
#11444 = AXIS2_PLACEMENT_3D('',#11445,#11446,#11447);
#11445 = CARTESIAN_POINT('',(-1.4,5.400929,0.));
#11446 = DIRECTION('',(0.,1.,0.));
#11447 = DIRECTION('',(1.,0.,0.));
#11448 = ADVANCED_FACE('',(#11449),#11483,.T.);
#11449 = FACE_BOUND('',#11450,.T.);
#11450 = EDGE_LOOP('',(#11451,#11461,#11469,#11477));
#11451 = ORIENTED_EDGE('',*,*,#11452,.T.);
#11452 = EDGE_CURVE('',#11453,#11455,#11457,.T.);
#11453 = VERTEX_POINT('',#11454);
#11454 = CARTESIAN_POINT('',(2.6,5.400929,0.));
#11455 = VERTEX_POINT('',#11456);
#11456 = CARTESIAN_POINT('',(2.6,5.400929,4.E-02));
#11457 = LINE('',#11458,#11459);
#11458 = CARTESIAN_POINT('',(2.6,5.400929,0.));
#11459 = VECTOR('',#11460,1.);
#11460 = DIRECTION('',(0.,0.,1.));
#11461 = ORIENTED_EDGE('',*,*,#11462,.T.);
#11462 = EDGE_CURVE('',#11455,#11463,#11465,.T.);
#11463 = VERTEX_POINT('',#11464);
#11464 = CARTESIAN_POINT('',(2.6,-4.499071,4.E-02));
#11465 = LINE('',#11466,#11467);
#11466 = CARTESIAN_POINT('',(2.6,5.400929,4.E-02));
#11467 = VECTOR('',#11468,1.);
#11468 = DIRECTION('',(0.,-1.,0.));
#11469 = ORIENTED_EDGE('',*,*,#11470,.F.);
#11470 = EDGE_CURVE('',#11471,#11463,#11473,.T.);
#11471 = VERTEX_POINT('',#11472);
#11472 = CARTESIAN_POINT('',(2.6,-4.499071,0.));
#11473 = LINE('',#11474,#11475);
#11474 = CARTESIAN_POINT('',(2.6,-4.499071,0.));
#11475 = VECTOR('',#11476,1.);
#11476 = DIRECTION('',(0.,0.,1.));
#11477 = ORIENTED_EDGE('',*,*,#11478,.F.);
#11478 = EDGE_CURVE('',#11453,#11471,#11479,.T.);
#11479 = LINE('',#11480,#11481);
#11480 = CARTESIAN_POINT('',(2.6,5.400929,0.));
#11481 = VECTOR('',#11482,1.);
#11482 = DIRECTION('',(0.,-1.,0.));
#11483 = PLANE('',#11484);
#11484 = AXIS2_PLACEMENT_3D('',#11485,#11486,#11487);
#11485 = CARTESIAN_POINT('',(2.6,5.400929,0.));
#11486 = DIRECTION('',(1.,0.,0.));
#11487 = DIRECTION('',(0.,-1.,0.));
#11488 = ADVANCED_FACE('',(#11489),#11514,.F.);
#11489 = FACE_BOUND('',#11490,.F.);
#11490 = EDGE_LOOP('',(#11491,#11501,#11507,#11508));
#11491 = ORIENTED_EDGE('',*,*,#11492,.T.);
#11492 = EDGE_CURVE('',#11493,#11495,#11497,.T.);
#11493 = VERTEX_POINT('',#11494);
#11494 = CARTESIAN_POINT('',(4.673519382575,-6.813063704219,0.));
#11495 = VERTEX_POINT('',#11496);
#11496 = CARTESIAN_POINT('',(4.673519382575,-6.813063704219,4.E-02));
#11497 = LINE('',#11498,#11499);
#11498 = CARTESIAN_POINT('',(4.673519382575,-6.813063704219,0.));
#11499 = VECTOR('',#11500,1.);
#11500 = DIRECTION('',(0.,0.,1.));
#11501 = ORIENTED_EDGE('',*,*,#11502,.T.);
#11502 = EDGE_CURVE('',#11495,#11463,#11503,.T.);
#11503 = LINE('',#11504,#11505);
#11504 = CARTESIAN_POINT('',(4.673519382575,-6.813063704219,4.E-02));
#11505 = VECTOR('',#11506,1.);
#11506 = DIRECTION('',(-0.667349659126,0.744744541748,0.));
#11507 = ORIENTED_EDGE('',*,*,#11470,.F.);
#11508 = ORIENTED_EDGE('',*,*,#11509,.F.);
#11509 = EDGE_CURVE('',#11493,#11471,#11510,.T.);
#11510 = LINE('',#11511,#11512);
#11511 = CARTESIAN_POINT('',(4.673519382575,-6.813063704219,0.));
#11512 = VECTOR('',#11513,1.);
#11513 = DIRECTION('',(-0.667349659126,0.744744541748,0.));
#11514 = PLANE('',#11515);
#11515 = AXIS2_PLACEMENT_3D('',#11516,#11517,#11518);
#11516 = CARTESIAN_POINT('',(4.673519382575,-6.813063704219,0.));
#11517 = DIRECTION('',(-0.744744541748,-0.667349659126,0.));
#11518 = DIRECTION('',(-0.667349659126,0.744744541748,0.));
#11519 = ADVANCED_FACE('',(#11520),#11545,.T.);
#11520 = FACE_BOUND('',#11521,.T.);
#11521 = EDGE_LOOP('',(#11522,#11523,#11531,#11539));
#11522 = ORIENTED_EDGE('',*,*,#11492,.T.);
#11523 = ORIENTED_EDGE('',*,*,#11524,.T.);
#11524 = EDGE_CURVE('',#11495,#11525,#11527,.T.);
#11525 = VERTEX_POINT('',#11526);
#11526 = CARTESIAN_POINT('',(5.324934,-6.813063704219,4.E-02));
#11527 = LINE('',#11528,#11529);
#11528 = CARTESIAN_POINT('',(4.673519382575,-6.813063704219,4.E-02));
#11529 = VECTOR('',#11530,1.);
#11530 = DIRECTION('',(1.,0.,0.));
#11531 = ORIENTED_EDGE('',*,*,#11532,.F.);
#11532 = EDGE_CURVE('',#11533,#11525,#11535,.T.);
#11533 = VERTEX_POINT('',#11534);
#11534 = CARTESIAN_POINT('',(5.324934,-6.813063704219,0.));
#11535 = LINE('',#11536,#11537);
#11536 = CARTESIAN_POINT('',(5.324934,-6.813063704219,0.));
#11537 = VECTOR('',#11538,1.);
#11538 = DIRECTION('',(0.,0.,1.));
#11539 = ORIENTED_EDGE('',*,*,#11540,.F.);
#11540 = EDGE_CURVE('',#11493,#11533,#11541,.T.);
#11541 = LINE('',#11542,#11543);
#11542 = CARTESIAN_POINT('',(4.673519382575,-6.813063704219,0.));
#11543 = VECTOR('',#11544,1.);
#11544 = DIRECTION('',(1.,0.,0.));
#11545 = PLANE('',#11546);
#11546 = AXIS2_PLACEMENT_3D('',#11547,#11548,#11549);
#11547 = CARTESIAN_POINT('',(4.673519382575,-6.813063704219,0.));
#11548 = DIRECTION('',(0.,1.,0.));
#11549 = DIRECTION('',(1.,0.,0.));
#11550 = ADVANCED_FACE('',(#11551),#11576,.T.);
#11551 = FACE_BOUND('',#11552,.T.);
#11552 = EDGE_LOOP('',(#11553,#11554,#11562,#11570));
#11553 = ORIENTED_EDGE('',*,*,#11532,.T.);
#11554 = ORIENTED_EDGE('',*,*,#11555,.T.);
#11555 = EDGE_CURVE('',#11525,#11556,#11558,.T.);
#11556 = VERTEX_POINT('',#11557);
#11557 = CARTESIAN_POINT('',(2.65,-4.499071,4.E-02));
#11558 = LINE('',#11559,#11560);
#11559 = CARTESIAN_POINT('',(5.324934,-6.813063704219,4.E-02));
#11560 = VECTOR('',#11561,1.);
#11561 = DIRECTION('',(-0.756288149013,0.654238668731,0.));
#11562 = ORIENTED_EDGE('',*,*,#11563,.F.);
#11563 = EDGE_CURVE('',#11564,#11556,#11566,.T.);
#11564 = VERTEX_POINT('',#11565);
#11565 = CARTESIAN_POINT('',(2.65,-4.499071,0.));
#11566 = LINE('',#11567,#11568);
#11567 = CARTESIAN_POINT('',(2.65,-4.499071,0.));
#11568 = VECTOR('',#11569,1.);
#11569 = DIRECTION('',(0.,0.,1.));
#11570 = ORIENTED_EDGE('',*,*,#11571,.F.);
#11571 = EDGE_CURVE('',#11533,#11564,#11572,.T.);
#11572 = LINE('',#11573,#11574);
#11573 = CARTESIAN_POINT('',(5.324934,-6.813063704219,0.));
#11574 = VECTOR('',#11575,1.);
#11575 = DIRECTION('',(-0.756288149013,0.654238668731,0.));
#11576 = PLANE('',#11577);
#11577 = AXIS2_PLACEMENT_3D('',#11578,#11579,#11580);
#11578 = CARTESIAN_POINT('',(5.324934,-6.813063704219,0.));
#11579 = DIRECTION('',(-0.654238668731,-0.756288149013,0.));
#11580 = DIRECTION('',(-0.756288149013,0.654238668731,0.));
#11581 = ADVANCED_FACE('',(#11582),#11607,.T.);
#11582 = FACE_BOUND('',#11583,.T.);
#11583 = EDGE_LOOP('',(#11584,#11585,#11593,#11601));
#11584 = ORIENTED_EDGE('',*,*,#11563,.T.);
#11585 = ORIENTED_EDGE('',*,*,#11586,.T.);
#11586 = EDGE_CURVE('',#11556,#11587,#11589,.T.);
#11587 = VERTEX_POINT('',#11588);
#11588 = CARTESIAN_POINT('',(2.65,5.400929,4.E-02));
#11589 = LINE('',#11590,#11591);
#11590 = CARTESIAN_POINT('',(2.65,-4.499071,4.E-02));
#11591 = VECTOR('',#11592,1.);
#11592 = DIRECTION('',(0.,1.,0.));
#11593 = ORIENTED_EDGE('',*,*,#11594,.F.);
#11594 = EDGE_CURVE('',#11595,#11587,#11597,.T.);
#11595 = VERTEX_POINT('',#11596);
#11596 = CARTESIAN_POINT('',(2.65,5.400929,0.));
#11597 = LINE('',#11598,#11599);
#11598 = CARTESIAN_POINT('',(2.65,5.400929,0.));
#11599 = VECTOR('',#11600,1.);
#11600 = DIRECTION('',(0.,0.,1.));
#11601 = ORIENTED_EDGE('',*,*,#11602,.F.);
#11602 = EDGE_CURVE('',#11564,#11595,#11603,.T.);
#11603 = LINE('',#11604,#11605);
#11604 = CARTESIAN_POINT('',(2.65,-4.499071,0.));
#11605 = VECTOR('',#11606,1.);
#11606 = DIRECTION('',(0.,1.,0.));
#11607 = PLANE('',#11608);
#11608 = AXIS2_PLACEMENT_3D('',#11609,#11610,#11611);
#11609 = CARTESIAN_POINT('',(2.65,-4.499071,0.));
#11610 = DIRECTION('',(-1.,0.,0.));
#11611 = DIRECTION('',(0.,1.,0.));
#11612 = ADVANCED_FACE('',(#11613),#11629,.F.);
#11613 = FACE_BOUND('',#11614,.F.);
#11614 = EDGE_LOOP('',(#11615,#11616,#11622,#11623));
#11615 = ORIENTED_EDGE('',*,*,#11452,.T.);
#11616 = ORIENTED_EDGE('',*,*,#11617,.T.);
#11617 = EDGE_CURVE('',#11455,#11587,#11618,.T.);
#11618 = LINE('',#11619,#11620);
#11619 = CARTESIAN_POINT('',(2.6,5.400929,4.E-02));
#11620 = VECTOR('',#11621,1.);
#11621 = DIRECTION('',(1.,0.,0.));
#11622 = ORIENTED_EDGE('',*,*,#11594,.F.);
#11623 = ORIENTED_EDGE('',*,*,#11624,.F.);
#11624 = EDGE_CURVE('',#11453,#11595,#11625,.T.);
#11625 = LINE('',#11626,#11627);
#11626 = CARTESIAN_POINT('',(2.6,5.400929,0.));
#11627 = VECTOR('',#11628,1.);
#11628 = DIRECTION('',(1.,0.,0.));
#11629 = PLANE('',#11630);
#11630 = AXIS2_PLACEMENT_3D('',#11631,#11632,#11633);
#11631 = CARTESIAN_POINT('',(2.6,5.400929,0.));
#11632 = DIRECTION('',(0.,1.,0.));
#11633 = DIRECTION('',(1.,0.,0.));
#11634 = ADVANCED_FACE('',(#11635),#11669,.T.);
#11635 = FACE_BOUND('',#11636,.T.);
#11636 = EDGE_LOOP('',(#11637,#11647,#11655,#11663));
#11637 = ORIENTED_EDGE('',*,*,#11638,.T.);
#11638 = EDGE_CURVE('',#11639,#11641,#11643,.T.);
#11639 = VERTEX_POINT('',#11640);
#11640 = CARTESIAN_POINT('',(2.1,5.400929,0.));
#11641 = VERTEX_POINT('',#11642);
#11642 = CARTESIAN_POINT('',(2.1,5.400929,4.E-02));
#11643 = LINE('',#11644,#11645);
#11644 = CARTESIAN_POINT('',(2.1,5.400929,0.));
#11645 = VECTOR('',#11646,1.);
#11646 = DIRECTION('',(0.,0.,1.));
#11647 = ORIENTED_EDGE('',*,*,#11648,.T.);
#11648 = EDGE_CURVE('',#11641,#11649,#11651,.T.);
#11649 = VERTEX_POINT('',#11650);
#11650 = CARTESIAN_POINT('',(2.1,-4.499071,4.E-02));
#11651 = LINE('',#11652,#11653);
#11652 = CARTESIAN_POINT('',(2.1,5.400929,4.E-02));
#11653 = VECTOR('',#11654,1.);
#11654 = DIRECTION('',(0.,-1.,0.));
#11655 = ORIENTED_EDGE('',*,*,#11656,.F.);
#11656 = EDGE_CURVE('',#11657,#11649,#11659,.T.);
#11657 = VERTEX_POINT('',#11658);
#11658 = CARTESIAN_POINT('',(2.1,-4.499071,0.));
#11659 = LINE('',#11660,#11661);
#11660 = CARTESIAN_POINT('',(2.1,-4.499071,0.));
#11661 = VECTOR('',#11662,1.);
#11662 = DIRECTION('',(0.,0.,1.));
#11663 = ORIENTED_EDGE('',*,*,#11664,.F.);
#11664 = EDGE_CURVE('',#11639,#11657,#11665,.T.);
#11665 = LINE('',#11666,#11667);
#11666 = CARTESIAN_POINT('',(2.1,5.400929,0.));
#11667 = VECTOR('',#11668,1.);
#11668 = DIRECTION('',(0.,-1.,0.));
#11669 = PLANE('',#11670);
#11670 = AXIS2_PLACEMENT_3D('',#11671,#11672,#11673);
#11671 = CARTESIAN_POINT('',(2.1,5.400929,0.));
#11672 = DIRECTION('',(1.,0.,0.));
#11673 = DIRECTION('',(0.,-1.,0.));
#11674 = ADVANCED_FACE('',(#11675),#11700,.T.);
#11675 = FACE_BOUND('',#11676,.T.);
#11676 = EDGE_LOOP('',(#11677,#11678,#11686,#11694));
#11677 = ORIENTED_EDGE('',*,*,#11656,.T.);
#11678 = ORIENTED_EDGE('',*,*,#11679,.T.);
#11679 = EDGE_CURVE('',#11649,#11680,#11682,.T.);
#11680 = VERTEX_POINT('',#11681);
#11681 = CARTESIAN_POINT('',(3.726429004178,-6.835381,4.E-02));
#11682 = LINE('',#11683,#11684);
#11683 = CARTESIAN_POINT('',(2.1,-4.499071,4.E-02));
#11684 = VECTOR('',#11685,1.);
#11685 = DIRECTION('',(0.571341395639,-0.820712501202,0.));
#11686 = ORIENTED_EDGE('',*,*,#11687,.F.);
#11687 = EDGE_CURVE('',#11688,#11680,#11690,.T.);
#11688 = VERTEX_POINT('',#11689);
#11689 = CARTESIAN_POINT('',(3.726429004178,-6.835381,0.));
#11690 = LINE('',#11691,#11692);
#11691 = CARTESIAN_POINT('',(3.726429004178,-6.835381,0.));
#11692 = VECTOR('',#11693,1.);
#11693 = DIRECTION('',(0.,0.,1.));
#11694 = ORIENTED_EDGE('',*,*,#11695,.F.);
#11695 = EDGE_CURVE('',#11657,#11688,#11696,.T.);
#11696 = LINE('',#11697,#11698);
#11697 = CARTESIAN_POINT('',(2.1,-4.499071,0.));
#11698 = VECTOR('',#11699,1.);
#11699 = DIRECTION('',(0.571341395639,-0.820712501202,0.));
#11700 = PLANE('',#11701);
#11701 = AXIS2_PLACEMENT_3D('',#11702,#11703,#11704);
#11702 = CARTESIAN_POINT('',(2.1,-4.499071,0.));
#11703 = DIRECTION('',(0.820712501202,0.571341395639,0.));
#11704 = DIRECTION('',(0.571341395639,-0.820712501202,0.));
#11705 = ADVANCED_FACE('',(#11706),#11731,.T.);
#11706 = FACE_BOUND('',#11707,.T.);
#11707 = EDGE_LOOP('',(#11708,#11709,#11717,#11725));
#11708 = ORIENTED_EDGE('',*,*,#11687,.T.);
#11709 = ORIENTED_EDGE('',*,*,#11710,.T.);
#11710 = EDGE_CURVE('',#11680,#11711,#11713,.T.);
#11711 = VERTEX_POINT('',#11712);
#11712 = CARTESIAN_POINT('',(4.40009974813,-6.835381,4.E-02));
#11713 = LINE('',#11714,#11715);
#11714 = CARTESIAN_POINT('',(3.726429004178,-6.835381,4.E-02));
#11715 = VECTOR('',#11716,1.);
#11716 = DIRECTION('',(1.,0.,0.));
#11717 = ORIENTED_EDGE('',*,*,#11718,.F.);
#11718 = EDGE_CURVE('',#11719,#11711,#11721,.T.);
#11719 = VERTEX_POINT('',#11720);
#11720 = CARTESIAN_POINT('',(4.40009974813,-6.835381,0.));
#11721 = LINE('',#11722,#11723);
#11722 = CARTESIAN_POINT('',(4.40009974813,-6.835381,0.));
#11723 = VECTOR('',#11724,1.);
#11724 = DIRECTION('',(0.,0.,1.));
#11725 = ORIENTED_EDGE('',*,*,#11726,.F.);
#11726 = EDGE_CURVE('',#11688,#11719,#11727,.T.);
#11727 = LINE('',#11728,#11729);
#11728 = CARTESIAN_POINT('',(3.726429004178,-6.835381,0.));
#11729 = VECTOR('',#11730,1.);
#11730 = DIRECTION('',(1.,0.,0.));
#11731 = PLANE('',#11732);
#11732 = AXIS2_PLACEMENT_3D('',#11733,#11734,#11735);
#11733 = CARTESIAN_POINT('',(3.726429004178,-6.835381,0.));
#11734 = DIRECTION('',(0.,1.,0.));
#11735 = DIRECTION('',(1.,0.,0.));
#11736 = ADVANCED_FACE('',(#11737),#11762,.T.);
#11737 = FACE_BOUND('',#11738,.T.);
#11738 = EDGE_LOOP('',(#11739,#11740,#11748,#11756));
#11739 = ORIENTED_EDGE('',*,*,#11718,.T.);
#11740 = ORIENTED_EDGE('',*,*,#11741,.T.);
#11741 = EDGE_CURVE('',#11711,#11742,#11744,.T.);
#11742 = VERTEX_POINT('',#11743);
#11743 = CARTESIAN_POINT('',(2.4,-4.499071,4.E-02));
#11744 = LINE('',#11745,#11746);
#11745 = CARTESIAN_POINT('',(4.40009974813,-6.835381,4.E-02));
#11746 = VECTOR('',#11747,1.);
#11747 = DIRECTION('',(-0.650331713223,0.759650355609,0.));
#11748 = ORIENTED_EDGE('',*,*,#11749,.F.);
#11749 = EDGE_CURVE('',#11750,#11742,#11752,.T.);
#11750 = VERTEX_POINT('',#11751);
#11751 = CARTESIAN_POINT('',(2.4,-4.499071,0.));
#11752 = LINE('',#11753,#11754);
#11753 = CARTESIAN_POINT('',(2.4,-4.499071,0.));
#11754 = VECTOR('',#11755,1.);
#11755 = DIRECTION('',(0.,0.,1.));
#11756 = ORIENTED_EDGE('',*,*,#11757,.F.);
#11757 = EDGE_CURVE('',#11719,#11750,#11758,.T.);
#11758 = LINE('',#11759,#11760);
#11759 = CARTESIAN_POINT('',(4.40009974813,-6.835381,0.));
#11760 = VECTOR('',#11761,1.);
#11761 = DIRECTION('',(-0.650331713223,0.759650355609,0.));
#11762 = PLANE('',#11763);
#11763 = AXIS2_PLACEMENT_3D('',#11764,#11765,#11766);
#11764 = CARTESIAN_POINT('',(4.40009974813,-6.835381,0.));
#11765 = DIRECTION('',(-0.759650355609,-0.650331713223,0.));
#11766 = DIRECTION('',(-0.650331713223,0.759650355609,0.));
#11767 = ADVANCED_FACE('',(#11768),#11793,.T.);
#11768 = FACE_BOUND('',#11769,.T.);
#11769 = EDGE_LOOP('',(#11770,#11771,#11779,#11787));
#11770 = ORIENTED_EDGE('',*,*,#11749,.T.);
#11771 = ORIENTED_EDGE('',*,*,#11772,.T.);
#11772 = EDGE_CURVE('',#11742,#11773,#11775,.T.);
#11773 = VERTEX_POINT('',#11774);
#11774 = CARTESIAN_POINT('',(2.4,5.400929,4.E-02));
#11775 = LINE('',#11776,#11777);
#11776 = CARTESIAN_POINT('',(2.4,-4.499071,4.E-02));
#11777 = VECTOR('',#11778,1.);
#11778 = DIRECTION('',(0.,1.,0.));
#11779 = ORIENTED_EDGE('',*,*,#11780,.F.);
#11780 = EDGE_CURVE('',#11781,#11773,#11783,.T.);
#11781 = VERTEX_POINT('',#11782);
#11782 = CARTESIAN_POINT('',(2.4,5.400929,0.));
#11783 = LINE('',#11784,#11785);
#11784 = CARTESIAN_POINT('',(2.4,5.400929,0.));
#11785 = VECTOR('',#11786,1.);
#11786 = DIRECTION('',(0.,0.,1.));
#11787 = ORIENTED_EDGE('',*,*,#11788,.F.);
#11788 = EDGE_CURVE('',#11750,#11781,#11789,.T.);
#11789 = LINE('',#11790,#11791);
#11790 = CARTESIAN_POINT('',(2.4,-4.499071,0.));
#11791 = VECTOR('',#11792,1.);
#11792 = DIRECTION('',(0.,1.,0.));
#11793 = PLANE('',#11794);
#11794 = AXIS2_PLACEMENT_3D('',#11795,#11796,#11797);
#11795 = CARTESIAN_POINT('',(2.4,-4.499071,0.));
#11796 = DIRECTION('',(-1.,0.,0.));
#11797 = DIRECTION('',(0.,1.,0.));
#11798 = ADVANCED_FACE('',(#11799),#11815,.F.);
#11799 = FACE_BOUND('',#11800,.F.);
#11800 = EDGE_LOOP('',(#11801,#11802,#11808,#11809));
#11801 = ORIENTED_EDGE('',*,*,#11638,.T.);
#11802 = ORIENTED_EDGE('',*,*,#11803,.T.);
#11803 = EDGE_CURVE('',#11641,#11773,#11804,.T.);
#11804 = LINE('',#11805,#11806);
#11805 = CARTESIAN_POINT('',(2.1,5.400929,4.E-02));
#11806 = VECTOR('',#11807,1.);
#11807 = DIRECTION('',(1.,0.,0.));
#11808 = ORIENTED_EDGE('',*,*,#11780,.F.);
#11809 = ORIENTED_EDGE('',*,*,#11810,.F.);
#11810 = EDGE_CURVE('',#11639,#11781,#11811,.T.);
#11811 = LINE('',#11812,#11813);
#11812 = CARTESIAN_POINT('',(2.1,5.400929,0.));
#11813 = VECTOR('',#11814,1.);
#11814 = DIRECTION('',(1.,0.,0.));
#11815 = PLANE('',#11816);
#11816 = AXIS2_PLACEMENT_3D('',#11817,#11818,#11819);
#11817 = CARTESIAN_POINT('',(2.1,5.400929,0.));
#11818 = DIRECTION('',(0.,1.,0.));
#11819 = DIRECTION('',(1.,0.,0.));
#11820 = ADVANCED_FACE('',(#11821),#11855,.T.);
#11821 = FACE_BOUND('',#11822,.T.);
#11822 = EDGE_LOOP('',(#11823,#11833,#11841,#11849));
#11823 = ORIENTED_EDGE('',*,*,#11824,.T.);
#11824 = EDGE_CURVE('',#11825,#11827,#11829,.T.);
#11825 = VERTEX_POINT('',#11826);
#11826 = CARTESIAN_POINT('',(0.1,5.400929,0.));
#11827 = VERTEX_POINT('',#11828);
#11828 = CARTESIAN_POINT('',(0.1,5.400929,4.E-02));
#11829 = LINE('',#11830,#11831);
#11830 = CARTESIAN_POINT('',(0.1,5.400929,0.));
#11831 = VECTOR('',#11832,1.);
#11832 = DIRECTION('',(0.,0.,1.));
#11833 = ORIENTED_EDGE('',*,*,#11834,.T.);
#11834 = EDGE_CURVE('',#11827,#11835,#11837,.T.);
#11835 = VERTEX_POINT('',#11836);
#11836 = CARTESIAN_POINT('',(0.1,-4.499071,4.E-02));
#11837 = LINE('',#11838,#11839);
#11838 = CARTESIAN_POINT('',(0.1,5.400929,4.E-02));
#11839 = VECTOR('',#11840,1.);
#11840 = DIRECTION('',(0.,-1.,0.));
#11841 = ORIENTED_EDGE('',*,*,#11842,.F.);
#11842 = EDGE_CURVE('',#11843,#11835,#11845,.T.);
#11843 = VERTEX_POINT('',#11844);
#11844 = CARTESIAN_POINT('',(0.1,-4.499071,0.));
#11845 = LINE('',#11846,#11847);
#11846 = CARTESIAN_POINT('',(0.1,-4.499071,0.));
#11847 = VECTOR('',#11848,1.);
#11848 = DIRECTION('',(0.,0.,1.));
#11849 = ORIENTED_EDGE('',*,*,#11850,.F.);
#11850 = EDGE_CURVE('',#11825,#11843,#11851,.T.);
#11851 = LINE('',#11852,#11853);
#11852 = CARTESIAN_POINT('',(0.1,5.400929,0.));
#11853 = VECTOR('',#11854,1.);
#11854 = DIRECTION('',(0.,-1.,0.));
#11855 = PLANE('',#11856);
#11856 = AXIS2_PLACEMENT_3D('',#11857,#11858,#11859);
#11857 = CARTESIAN_POINT('',(0.1,5.400929,0.));
#11858 = DIRECTION('',(1.,0.,0.));
#11859 = DIRECTION('',(0.,-1.,0.));
#11860 = ADVANCED_FACE('',(#11861),#11886,.F.);
#11861 = FACE_BOUND('',#11862,.F.);
#11862 = EDGE_LOOP('',(#11863,#11873,#11879,#11880));
#11863 = ORIENTED_EDGE('',*,*,#11864,.T.);
#11864 = EDGE_CURVE('',#11865,#11867,#11869,.T.);
#11865 = VERTEX_POINT('',#11866);
#11866 = CARTESIAN_POINT('',(-0.146185691273,-6.87653,0.));
#11867 = VERTEX_POINT('',#11868);
#11868 = CARTESIAN_POINT('',(-0.146185691273,-6.87653,4.E-02));
#11869 = LINE('',#11870,#11871);
#11870 = CARTESIAN_POINT('',(-0.146185691273,-6.87653,0.));
#11871 = VECTOR('',#11872,1.);
#11872 = DIRECTION('',(0.,0.,1.));
#11873 = ORIENTED_EDGE('',*,*,#11874,.T.);
#11874 = EDGE_CURVE('',#11867,#11835,#11875,.T.);
#11875 = LINE('',#11876,#11877);
#11876 = CARTESIAN_POINT('',(-0.146185691273,-6.87653,4.E-02));
#11877 = VECTOR('',#11878,1.);
#11878 = DIRECTION('',(0.102999184431,0.994681440466,0.));
#11879 = ORIENTED_EDGE('',*,*,#11842,.F.);
#11880 = ORIENTED_EDGE('',*,*,#11881,.F.);
#11881 = EDGE_CURVE('',#11865,#11843,#11882,.T.);
#11882 = LINE('',#11883,#11884);
#11883 = CARTESIAN_POINT('',(-0.146185691273,-6.87653,0.));
#11884 = VECTOR('',#11885,1.);
#11885 = DIRECTION('',(0.102999184431,0.994681440466,0.));
#11886 = PLANE('',#11887);
#11887 = AXIS2_PLACEMENT_3D('',#11888,#11889,#11890);
#11888 = CARTESIAN_POINT('',(-0.146185691273,-6.87653,0.));
#11889 = DIRECTION('',(-0.994681440466,0.102999184431,0.));
#11890 = DIRECTION('',(0.102999184431,0.994681440466,0.));
#11891 = ADVANCED_FACE('',(#11892),#11917,.T.);
#11892 = FACE_BOUND('',#11893,.T.);
#11893 = EDGE_LOOP('',(#11894,#11895,#11903,#11911));
#11894 = ORIENTED_EDGE('',*,*,#11864,.T.);
#11895 = ORIENTED_EDGE('',*,*,#11896,.T.);
#11896 = EDGE_CURVE('',#11867,#11897,#11899,.T.);
#11897 = VERTEX_POINT('',#11898);
#11898 = CARTESIAN_POINT('',(1.509381619914,-6.87653,4.E-02));
#11899 = LINE('',#11900,#11901);
#11900 = CARTESIAN_POINT('',(-0.146185691273,-6.87653,4.E-02));
#11901 = VECTOR('',#11902,1.);
#11902 = DIRECTION('',(1.,0.,0.));
#11903 = ORIENTED_EDGE('',*,*,#11904,.F.);
#11904 = EDGE_CURVE('',#11905,#11897,#11907,.T.);
#11905 = VERTEX_POINT('',#11906);
#11906 = CARTESIAN_POINT('',(1.509381619914,-6.87653,0.));
#11907 = LINE('',#11908,#11909);
#11908 = CARTESIAN_POINT('',(1.509381619914,-6.87653,0.));
#11909 = VECTOR('',#11910,1.);
#11910 = DIRECTION('',(0.,0.,1.));
#11911 = ORIENTED_EDGE('',*,*,#11912,.F.);
#11912 = EDGE_CURVE('',#11865,#11905,#11913,.T.);
#11913 = LINE('',#11914,#11915);
#11914 = CARTESIAN_POINT('',(-0.146185691273,-6.87653,0.));
#11915 = VECTOR('',#11916,1.);
#11916 = DIRECTION('',(1.,0.,0.));
#11917 = PLANE('',#11918);
#11918 = AXIS2_PLACEMENT_3D('',#11919,#11920,#11921);
#11919 = CARTESIAN_POINT('',(-0.146185691273,-6.87653,0.));
#11920 = DIRECTION('',(0.,1.,0.));
#11921 = DIRECTION('',(1.,0.,0.));
#11922 = ADVANCED_FACE('',(#11923),#11948,.T.);
#11923 = FACE_BOUND('',#11924,.T.);
#11924 = EDGE_LOOP('',(#11925,#11926,#11934,#11942));
#11925 = ORIENTED_EDGE('',*,*,#11904,.T.);
#11926 = ORIENTED_EDGE('',*,*,#11927,.T.);
#11927 = EDGE_CURVE('',#11897,#11928,#11930,.T.);
#11928 = VERTEX_POINT('',#11929);
#11929 = CARTESIAN_POINT('',(0.9,-4.499071,4.E-02));
#11930 = LINE('',#11931,#11932);
#11931 = CARTESIAN_POINT('',(1.509381619914,-6.87653,4.E-02));
#11932 = VECTOR('',#11933,1.);
#11933 = DIRECTION('',(-0.248289997796,0.968685747286,0.));
#11934 = ORIENTED_EDGE('',*,*,#11935,.F.);
#11935 = EDGE_CURVE('',#11936,#11928,#11938,.T.);
#11936 = VERTEX_POINT('',#11937);
#11937 = CARTESIAN_POINT('',(0.9,-4.499071,0.));
#11938 = LINE('',#11939,#11940);
#11939 = CARTESIAN_POINT('',(0.9,-4.499071,0.));
#11940 = VECTOR('',#11941,1.);
#11941 = DIRECTION('',(0.,0.,1.));
#11942 = ORIENTED_EDGE('',*,*,#11943,.F.);
#11943 = EDGE_CURVE('',#11905,#11936,#11944,.T.);
#11944 = LINE('',#11945,#11946);
#11945 = CARTESIAN_POINT('',(1.509381619914,-6.87653,0.));
#11946 = VECTOR('',#11947,1.);
#11947 = DIRECTION('',(-0.248289997796,0.968685747286,0.));
#11948 = PLANE('',#11949);
#11949 = AXIS2_PLACEMENT_3D('',#11950,#11951,#11952);
#11950 = CARTESIAN_POINT('',(1.509381619914,-6.87653,0.));
#11951 = DIRECTION('',(-0.968685747286,-0.248289997796,0.));
#11952 = DIRECTION('',(-0.248289997796,0.968685747286,0.));
#11953 = ADVANCED_FACE('',(#11954),#11979,.T.);
#11954 = FACE_BOUND('',#11955,.T.);
#11955 = EDGE_LOOP('',(#11956,#11957,#11965,#11973));
#11956 = ORIENTED_EDGE('',*,*,#11935,.T.);
#11957 = ORIENTED_EDGE('',*,*,#11958,.T.);
#11958 = EDGE_CURVE('',#11928,#11959,#11961,.T.);
#11959 = VERTEX_POINT('',#11960);
#11960 = CARTESIAN_POINT('',(0.9,5.400929,4.E-02));
#11961 = LINE('',#11962,#11963);
#11962 = CARTESIAN_POINT('',(0.9,-4.499071,4.E-02));
#11963 = VECTOR('',#11964,1.);
#11964 = DIRECTION('',(0.,1.,0.));
#11965 = ORIENTED_EDGE('',*,*,#11966,.F.);
#11966 = EDGE_CURVE('',#11967,#11959,#11969,.T.);
#11967 = VERTEX_POINT('',#11968);
#11968 = CARTESIAN_POINT('',(0.9,5.400929,0.));
#11969 = LINE('',#11970,#11971);
#11970 = CARTESIAN_POINT('',(0.9,5.400929,0.));
#11971 = VECTOR('',#11972,1.);
#11972 = DIRECTION('',(0.,0.,1.));
#11973 = ORIENTED_EDGE('',*,*,#11974,.F.);
#11974 = EDGE_CURVE('',#11936,#11967,#11975,.T.);
#11975 = LINE('',#11976,#11977);
#11976 = CARTESIAN_POINT('',(0.9,-4.499071,0.));
#11977 = VECTOR('',#11978,1.);
#11978 = DIRECTION('',(0.,1.,0.));
#11979 = PLANE('',#11980);
#11980 = AXIS2_PLACEMENT_3D('',#11981,#11982,#11983);
#11981 = CARTESIAN_POINT('',(0.9,-4.499071,0.));
#11982 = DIRECTION('',(-1.,0.,0.));
#11983 = DIRECTION('',(0.,1.,0.));
#11984 = ADVANCED_FACE('',(#11985),#12001,.F.);
#11985 = FACE_BOUND('',#11986,.F.);
#11986 = EDGE_LOOP('',(#11987,#11988,#11994,#11995));
#11987 = ORIENTED_EDGE('',*,*,#11824,.T.);
#11988 = ORIENTED_EDGE('',*,*,#11989,.T.);
#11989 = EDGE_CURVE('',#11827,#11959,#11990,.T.);
#11990 = LINE('',#11991,#11992);
#11991 = CARTESIAN_POINT('',(0.1,5.400929,4.E-02));
#11992 = VECTOR('',#11993,1.);
#11993 = DIRECTION('',(1.,0.,0.));
#11994 = ORIENTED_EDGE('',*,*,#11966,.F.);
#11995 = ORIENTED_EDGE('',*,*,#11996,.F.);
#11996 = EDGE_CURVE('',#11825,#11967,#11997,.T.);
#11997 = LINE('',#11998,#11999);
#11998 = CARTESIAN_POINT('',(0.1,5.400929,0.));
#11999 = VECTOR('',#12000,1.);
#12000 = DIRECTION('',(1.,0.,0.));
#12001 = PLANE('',#12002);
#12002 = AXIS2_PLACEMENT_3D('',#12003,#12004,#12005);
#12003 = CARTESIAN_POINT('',(0.1,5.400929,0.));
#12004 = DIRECTION('',(0.,1.,0.));
#12005 = DIRECTION('',(1.,0.,0.));
#12006 = ADVANCED_FACE('',(#12007),#12041,.T.);
#12007 = FACE_BOUND('',#12008,.T.);
#12008 = EDGE_LOOP('',(#12009,#12019,#12027,#12035));
#12009 = ORIENTED_EDGE('',*,*,#12010,.T.);
#12010 = EDGE_CURVE('',#12011,#12013,#12015,.T.);
#12011 = VERTEX_POINT('',#12012);
#12012 = CARTESIAN_POINT('',(-0.65,5.400929,0.));
#12013 = VERTEX_POINT('',#12014);
#12014 = CARTESIAN_POINT('',(-0.65,5.400929,4.E-02));
#12015 = LINE('',#12016,#12017);
#12016 = CARTESIAN_POINT('',(-0.65,5.400929,0.));
#12017 = VECTOR('',#12018,1.);
#12018 = DIRECTION('',(0.,0.,1.));
#12019 = ORIENTED_EDGE('',*,*,#12020,.T.);
#12020 = EDGE_CURVE('',#12013,#12021,#12023,.T.);
#12021 = VERTEX_POINT('',#12022);
#12022 = CARTESIAN_POINT('',(-0.65,-4.499071,4.E-02));
#12023 = LINE('',#12024,#12025);
#12024 = CARTESIAN_POINT('',(-0.65,5.400929,4.E-02));
#12025 = VECTOR('',#12026,1.);
#12026 = DIRECTION('',(0.,-1.,0.));
#12027 = ORIENTED_EDGE('',*,*,#12028,.F.);
#12028 = EDGE_CURVE('',#12029,#12021,#12031,.T.);
#12029 = VERTEX_POINT('',#12030);
#12030 = CARTESIAN_POINT('',(-0.65,-4.499071,0.));
#12031 = LINE('',#12032,#12033);
#12032 = CARTESIAN_POINT('',(-0.65,-4.499071,0.));
#12033 = VECTOR('',#12034,1.);
#12034 = DIRECTION('',(0.,0.,1.));
#12035 = ORIENTED_EDGE('',*,*,#12036,.F.);
#12036 = EDGE_CURVE('',#12011,#12029,#12037,.T.);
#12037 = LINE('',#12038,#12039);
#12038 = CARTESIAN_POINT('',(-0.65,5.400929,0.));
#12039 = VECTOR('',#12040,1.);
#12040 = DIRECTION('',(0.,-1.,0.));
#12041 = PLANE('',#12042);
#12042 = AXIS2_PLACEMENT_3D('',#12043,#12044,#12045);
#12043 = CARTESIAN_POINT('',(-0.65,5.400929,0.));
#12044 = DIRECTION('',(1.,0.,0.));
#12045 = DIRECTION('',(0.,-1.,0.));
#12046 = ADVANCED_FACE('',(#12047),#12072,.F.);
#12047 = FACE_BOUND('',#12048,.F.);
#12048 = EDGE_LOOP('',(#12049,#12059,#12065,#12066));
#12049 = ORIENTED_EDGE('',*,*,#12050,.T.);
#12050 = EDGE_CURVE('',#12051,#12053,#12055,.T.);
#12051 = VERTEX_POINT('',#12052);
#12052 = CARTESIAN_POINT('',(-1.610098462259,-6.87886,0.));
#12053 = VERTEX_POINT('',#12054);
#12054 = CARTESIAN_POINT('',(-1.610098462259,-6.87886,4.E-02));
#12055 = LINE('',#12056,#12057);
#12056 = CARTESIAN_POINT('',(-1.610098462259,-6.87886,0.));
#12057 = VECTOR('',#12058,1.);
#12058 = DIRECTION('',(0.,0.,1.));
#12059 = ORIENTED_EDGE('',*,*,#12060,.T.);
#12060 = EDGE_CURVE('',#12053,#12021,#12061,.T.);
#12061 = LINE('',#12062,#12063);
#12062 = CARTESIAN_POINT('',(-1.610098462259,-6.87886,4.E-02));
#12063 = VECTOR('',#12064,1.);
#12064 = DIRECTION('',(0.374137976008,0.927373050562,0.));
#12065 = ORIENTED_EDGE('',*,*,#12028,.F.);
#12066 = ORIENTED_EDGE('',*,*,#12067,.F.);
#12067 = EDGE_CURVE('',#12051,#12029,#12068,.T.);
#12068 = LINE('',#12069,#12070);
#12069 = CARTESIAN_POINT('',(-1.610098462259,-6.87886,0.));
#12070 = VECTOR('',#12071,1.);
#12071 = DIRECTION('',(0.374137976008,0.927373050562,0.));
#12072 = PLANE('',#12073);
#12073 = AXIS2_PLACEMENT_3D('',#12074,#12075,#12076);
#12074 = CARTESIAN_POINT('',(-1.610098462259,-6.87886,0.));
#12075 = DIRECTION('',(-0.927373050562,0.374137976008,0.));
#12076 = DIRECTION('',(0.374137976008,0.927373050562,0.));
#12077 = ADVANCED_FACE('',(#12078),#12103,.T.);
#12078 = FACE_BOUND('',#12079,.T.);
#12079 = EDGE_LOOP('',(#12080,#12081,#12089,#12097));
#12080 = ORIENTED_EDGE('',*,*,#12050,.T.);
#12081 = ORIENTED_EDGE('',*,*,#12082,.T.);
#12082 = EDGE_CURVE('',#12053,#12083,#12085,.T.);
#12083 = VERTEX_POINT('',#12084);
#12084 = CARTESIAN_POINT('',(-0.441583162544,-6.87886,4.E-02));
#12085 = LINE('',#12086,#12087);
#12086 = CARTESIAN_POINT('',(-1.610098462259,-6.87886,4.E-02));
#12087 = VECTOR('',#12088,1.);
#12088 = DIRECTION('',(1.,0.,0.));
#12089 = ORIENTED_EDGE('',*,*,#12090,.F.);
#12090 = EDGE_CURVE('',#12091,#12083,#12093,.T.);
#12091 = VERTEX_POINT('',#12092);
#12092 = CARTESIAN_POINT('',(-0.441583162544,-6.87886,0.));
#12093 = LINE('',#12094,#12095);
#12094 = CARTESIAN_POINT('',(-0.441583162544,-6.87886,0.));
#12095 = VECTOR('',#12096,1.);
#12096 = DIRECTION('',(0.,0.,1.));
#12097 = ORIENTED_EDGE('',*,*,#12098,.F.);
#12098 = EDGE_CURVE('',#12051,#12091,#12099,.T.);
#12099 = LINE('',#12100,#12101);
#12100 = CARTESIAN_POINT('',(-1.610098462259,-6.87886,0.));
#12101 = VECTOR('',#12102,1.);
#12102 = DIRECTION('',(1.,0.,0.));
#12103 = PLANE('',#12104);
#12104 = AXIS2_PLACEMENT_3D('',#12105,#12106,#12107);
#12105 = CARTESIAN_POINT('',(-1.610098462259,-6.87886,0.));
#12106 = DIRECTION('',(0.,1.,0.));
#12107 = DIRECTION('',(1.,0.,0.));
#12108 = ADVANCED_FACE('',(#12109),#12134,.T.);
#12109 = FACE_BOUND('',#12110,.T.);
#12110 = EDGE_LOOP('',(#12111,#12112,#12120,#12128));
#12111 = ORIENTED_EDGE('',*,*,#12090,.T.);
#12112 = ORIENTED_EDGE('',*,*,#12113,.T.);
#12113 = EDGE_CURVE('',#12083,#12114,#12116,.T.);
#12114 = VERTEX_POINT('',#12115);
#12115 = CARTESIAN_POINT('',(-0.1,-4.499071,4.E-02));
#12116 = LINE('',#12117,#12118);
#12117 = CARTESIAN_POINT('',(-0.441583162544,-6.87886,4.E-02));
#12118 = VECTOR('',#12119,1.);
#12119 = DIRECTION('',(0.142078946432,0.989855329319,0.));
#12120 = ORIENTED_EDGE('',*,*,#12121,.F.);
#12121 = EDGE_CURVE('',#12122,#12114,#12124,.T.);
#12122 = VERTEX_POINT('',#12123);
#12123 = CARTESIAN_POINT('',(-0.1,-4.499071,0.));
#12124 = LINE('',#12125,#12126);
#12125 = CARTESIAN_POINT('',(-1.E-01,-4.499071,0.));
#12126 = VECTOR('',#12127,1.);
#12127 = DIRECTION('',(0.,0.,1.));
#12128 = ORIENTED_EDGE('',*,*,#12129,.F.);
#12129 = EDGE_CURVE('',#12091,#12122,#12130,.T.);
#12130 = LINE('',#12131,#12132);
#12131 = CARTESIAN_POINT('',(-0.441583162544,-6.87886,0.));
#12132 = VECTOR('',#12133,1.);
#12133 = DIRECTION('',(0.142078946432,0.989855329319,0.));
#12134 = PLANE('',#12135);
#12135 = AXIS2_PLACEMENT_3D('',#12136,#12137,#12138);
#12136 = CARTESIAN_POINT('',(-0.441583162544,-6.87886,0.));
#12137 = DIRECTION('',(-0.989855329319,0.142078946432,0.));
#12138 = DIRECTION('',(0.142078946432,0.989855329319,0.));
#12139 = ADVANCED_FACE('',(#12140),#12165,.T.);
#12140 = FACE_BOUND('',#12141,.T.);
#12141 = EDGE_LOOP('',(#12142,#12143,#12151,#12159));
#12142 = ORIENTED_EDGE('',*,*,#12121,.T.);
#12143 = ORIENTED_EDGE('',*,*,#12144,.T.);
#12144 = EDGE_CURVE('',#12114,#12145,#12147,.T.);
#12145 = VERTEX_POINT('',#12146);
#12146 = CARTESIAN_POINT('',(-0.1,5.400929,4.E-02));
#12147 = LINE('',#12148,#12149);
#12148 = CARTESIAN_POINT('',(-1.E-01,-4.499071,4.E-02));
#12149 = VECTOR('',#12150,1.);
#12150 = DIRECTION('',(0.,1.,0.));
#12151 = ORIENTED_EDGE('',*,*,#12152,.F.);
#12152 = EDGE_CURVE('',#12153,#12145,#12155,.T.);
#12153 = VERTEX_POINT('',#12154);
#12154 = CARTESIAN_POINT('',(-0.1,5.400929,0.));
#12155 = LINE('',#12156,#12157);
#12156 = CARTESIAN_POINT('',(-1.E-01,5.400929,0.));
#12157 = VECTOR('',#12158,1.);
#12158 = DIRECTION('',(0.,0.,1.));
#12159 = ORIENTED_EDGE('',*,*,#12160,.F.);
#12160 = EDGE_CURVE('',#12122,#12153,#12161,.T.);
#12161 = LINE('',#12162,#12163);
#12162 = CARTESIAN_POINT('',(-1.E-01,-4.499071,0.));
#12163 = VECTOR('',#12164,1.);
#12164 = DIRECTION('',(0.,1.,0.));
#12165 = PLANE('',#12166);
#12166 = AXIS2_PLACEMENT_3D('',#12167,#12168,#12169);
#12167 = CARTESIAN_POINT('',(-1.E-01,-4.499071,0.));
#12168 = DIRECTION('',(-1.,0.,0.));
#12169 = DIRECTION('',(0.,1.,0.));
#12170 = ADVANCED_FACE('',(#12171),#12187,.F.);
#12171 = FACE_BOUND('',#12172,.F.);
#12172 = EDGE_LOOP('',(#12173,#12174,#12180,#12181));
#12173 = ORIENTED_EDGE('',*,*,#12010,.T.);
#12174 = ORIENTED_EDGE('',*,*,#12175,.T.);
#12175 = EDGE_CURVE('',#12013,#12145,#12176,.T.);
#12176 = LINE('',#12177,#12178);
#12177 = CARTESIAN_POINT('',(-0.65,5.400929,4.E-02));
#12178 = VECTOR('',#12179,1.);
#12179 = DIRECTION('',(1.,0.,0.));
#12180 = ORIENTED_EDGE('',*,*,#12152,.F.);
#12181 = ORIENTED_EDGE('',*,*,#12182,.F.);
#12182 = EDGE_CURVE('',#12011,#12153,#12183,.T.);
#12183 = LINE('',#12184,#12185);
#12184 = CARTESIAN_POINT('',(-0.65,5.400929,0.));
#12185 = VECTOR('',#12186,1.);
#12186 = DIRECTION('',(1.,0.,0.));
#12187 = PLANE('',#12188);
#12188 = AXIS2_PLACEMENT_3D('',#12189,#12190,#12191);
#12189 = CARTESIAN_POINT('',(-0.65,5.400929,0.));
#12190 = DIRECTION('',(0.,1.,0.));
#12191 = DIRECTION('',(1.,0.,0.));
#12192 = ADVANCED_FACE('',(#12193),#12227,.T.);
#12193 = FACE_BOUND('',#12194,.T.);
#12194 = EDGE_LOOP('',(#12195,#12205,#12213,#12221));
#12195 = ORIENTED_EDGE('',*,*,#12196,.T.);
#12196 = EDGE_CURVE('',#12197,#12199,#12201,.T.);
#12197 = VERTEX_POINT('',#12198);
#12198 = CARTESIAN_POINT('',(1.35,5.400929,0.));
#12199 = VERTEX_POINT('',#12200);
#12200 = CARTESIAN_POINT('',(1.35,5.400929,4.E-02));
#12201 = LINE('',#12202,#12203);
#12202 = CARTESIAN_POINT('',(1.35,5.400929,0.));
#12203 = VECTOR('',#12204,1.);
#12204 = DIRECTION('',(0.,0.,1.));
#12205 = ORIENTED_EDGE('',*,*,#12206,.T.);
#12206 = EDGE_CURVE('',#12199,#12207,#12209,.T.);
#12207 = VERTEX_POINT('',#12208);
#12208 = CARTESIAN_POINT('',(1.35,-4.499071,4.E-02));
#12209 = LINE('',#12210,#12211);
#12210 = CARTESIAN_POINT('',(1.35,5.400929,4.E-02));
#12211 = VECTOR('',#12212,1.);
#12212 = DIRECTION('',(0.,-1.,0.));
#12213 = ORIENTED_EDGE('',*,*,#12214,.F.);
#12214 = EDGE_CURVE('',#12215,#12207,#12217,.T.);
#12215 = VERTEX_POINT('',#12216);
#12216 = CARTESIAN_POINT('',(1.35,-4.499071,0.));
#12217 = LINE('',#12218,#12219);
#12218 = CARTESIAN_POINT('',(1.35,-4.499071,0.));
#12219 = VECTOR('',#12220,1.);
#12220 = DIRECTION('',(0.,0.,1.));
#12221 = ORIENTED_EDGE('',*,*,#12222,.F.);
#12222 = EDGE_CURVE('',#12197,#12215,#12223,.T.);
#12223 = LINE('',#12224,#12225);
#12224 = CARTESIAN_POINT('',(1.35,5.400929,0.));
#12225 = VECTOR('',#12226,1.);
#12226 = DIRECTION('',(0.,-1.,0.));
#12227 = PLANE('',#12228);
#12228 = AXIS2_PLACEMENT_3D('',#12229,#12230,#12231);
#12229 = CARTESIAN_POINT('',(1.35,5.400929,0.));
#12230 = DIRECTION('',(1.,0.,0.));
#12231 = DIRECTION('',(0.,-1.,0.));
#12232 = ADVANCED_FACE('',(#12233),#12258,.F.);
#12233 = FACE_BOUND('',#12234,.F.);
#12234 = EDGE_LOOP('',(#12235,#12245,#12251,#12252));
#12235 = ORIENTED_EDGE('',*,*,#12236,.T.);
#12236 = EDGE_CURVE('',#12237,#12239,#12241,.T.);
#12237 = VERTEX_POINT('',#12238);
#12238 = CARTESIAN_POINT('',(2.283044826726,-6.853673,0.));
#12239 = VERTEX_POINT('',#12240);
#12240 = CARTESIAN_POINT('',(2.283044826726,-6.853673,4.E-02));
#12241 = LINE('',#12242,#12243);
#12242 = CARTESIAN_POINT('',(2.283044826726,-6.853673,0.));
#12243 = VECTOR('',#12244,1.);
#12244 = DIRECTION('',(0.,0.,1.));
#12245 = ORIENTED_EDGE('',*,*,#12246,.T.);
#12246 = EDGE_CURVE('',#12239,#12207,#12247,.T.);
#12247 = LINE('',#12248,#12249);
#12248 = CARTESIAN_POINT('',(2.283044826726,-6.853673,4.E-02));
#12249 = VECTOR('',#12250,1.);
#12250 = DIRECTION('',(-0.368394847911,0.929669422985,0.));
#12251 = ORIENTED_EDGE('',*,*,#12214,.F.);
#12252 = ORIENTED_EDGE('',*,*,#12253,.F.);
#12253 = EDGE_CURVE('',#12237,#12215,#12254,.T.);
#12254 = LINE('',#12255,#12256);
#12255 = CARTESIAN_POINT('',(2.283044826726,-6.853673,0.));
#12256 = VECTOR('',#12257,1.);
#12257 = DIRECTION('',(-0.368394847911,0.929669422985,0.));
#12258 = PLANE('',#12259);
#12259 = AXIS2_PLACEMENT_3D('',#12260,#12261,#12262);
#12260 = CARTESIAN_POINT('',(2.283044826726,-6.853673,0.));
#12261 = DIRECTION('',(-0.929669422985,-0.368394847911,0.));
#12262 = DIRECTION('',(-0.368394847911,0.929669422985,0.));
#12263 = ADVANCED_FACE('',(#12264),#12289,.T.);
#12264 = FACE_BOUND('',#12265,.T.);
#12265 = EDGE_LOOP('',(#12266,#12267,#12275,#12283));
#12266 = ORIENTED_EDGE('',*,*,#12236,.T.);
#12267 = ORIENTED_EDGE('',*,*,#12268,.T.);
#12268 = EDGE_CURVE('',#12239,#12269,#12271,.T.);
#12269 = VERTEX_POINT('',#12270);
#12270 = CARTESIAN_POINT('',(2.959641203512,-6.853673,4.E-02));
#12271 = LINE('',#12272,#12273);
#12272 = CARTESIAN_POINT('',(2.283044826726,-6.853673,4.E-02));
#12273 = VECTOR('',#12274,1.);
#12274 = DIRECTION('',(1.,0.,0.));
#12275 = ORIENTED_EDGE('',*,*,#12276,.F.);
#12276 = EDGE_CURVE('',#12277,#12269,#12279,.T.);
#12277 = VERTEX_POINT('',#12278);
#12278 = CARTESIAN_POINT('',(2.959641203512,-6.853673,0.));
#12279 = LINE('',#12280,#12281);
#12280 = CARTESIAN_POINT('',(2.959641203512,-6.853673,0.));
#12281 = VECTOR('',#12282,1.);
#12282 = DIRECTION('',(0.,0.,1.));
#12283 = ORIENTED_EDGE('',*,*,#12284,.F.);
#12284 = EDGE_CURVE('',#12237,#12277,#12285,.T.);
#12285 = LINE('',#12286,#12287);
#12286 = CARTESIAN_POINT('',(2.283044826726,-6.853673,0.));
#12287 = VECTOR('',#12288,1.);
#12288 = DIRECTION('',(1.,0.,0.));
#12289 = PLANE('',#12290);
#12290 = AXIS2_PLACEMENT_3D('',#12291,#12292,#12293);
#12291 = CARTESIAN_POINT('',(2.283044826726,-6.853673,0.));
#12292 = DIRECTION('',(0.,1.,0.));
#12293 = DIRECTION('',(1.,0.,0.));
#12294 = ADVANCED_FACE('',(#12295),#12320,.T.);
#12295 = FACE_BOUND('',#12296,.T.);
#12296 = EDGE_LOOP('',(#12297,#12298,#12306,#12314));
#12297 = ORIENTED_EDGE('',*,*,#12276,.T.);
#12298 = ORIENTED_EDGE('',*,*,#12299,.T.);
#12299 = EDGE_CURVE('',#12269,#12300,#12302,.T.);
#12300 = VERTEX_POINT('',#12301);
#12301 = CARTESIAN_POINT('',(1.65,-4.499071,4.E-02));
#12302 = LINE('',#12303,#12304);
#12303 = CARTESIAN_POINT('',(2.959641203512,-6.853673,4.E-02));
#12304 = VECTOR('',#12305,1.);
#12305 = DIRECTION('',(-0.486076515715,0.873916255067,0.));
#12306 = ORIENTED_EDGE('',*,*,#12307,.F.);
#12307 = EDGE_CURVE('',#12308,#12300,#12310,.T.);
#12308 = VERTEX_POINT('',#12309);
#12309 = CARTESIAN_POINT('',(1.65,-4.499071,0.));
#12310 = LINE('',#12311,#12312);
#12311 = CARTESIAN_POINT('',(1.65,-4.499071,0.));
#12312 = VECTOR('',#12313,1.);
#12313 = DIRECTION('',(0.,0.,1.));
#12314 = ORIENTED_EDGE('',*,*,#12315,.F.);
#12315 = EDGE_CURVE('',#12277,#12308,#12316,.T.);
#12316 = LINE('',#12317,#12318);
#12317 = CARTESIAN_POINT('',(2.959641203512,-6.853673,0.));
#12318 = VECTOR('',#12319,1.);
#12319 = DIRECTION('',(-0.486076515715,0.873916255067,0.));
#12320 = PLANE('',#12321);
#12321 = AXIS2_PLACEMENT_3D('',#12322,#12323,#12324);
#12322 = CARTESIAN_POINT('',(2.959641203512,-6.853673,0.));
#12323 = DIRECTION('',(-0.873916255067,-0.486076515715,0.));
#12324 = DIRECTION('',(-0.486076515715,0.873916255067,0.));
#12325 = ADVANCED_FACE('',(#12326),#12351,.T.);
#12326 = FACE_BOUND('',#12327,.T.);
#12327 = EDGE_LOOP('',(#12328,#12329,#12337,#12345));
#12328 = ORIENTED_EDGE('',*,*,#12307,.T.);
#12329 = ORIENTED_EDGE('',*,*,#12330,.T.);
#12330 = EDGE_CURVE('',#12300,#12331,#12333,.T.);
#12331 = VERTEX_POINT('',#12332);
#12332 = CARTESIAN_POINT('',(1.65,5.400929,4.E-02));
#12333 = LINE('',#12334,#12335);
#12334 = CARTESIAN_POINT('',(1.65,-4.499071,4.E-02));
#12335 = VECTOR('',#12336,1.);
#12336 = DIRECTION('',(0.,1.,0.));
#12337 = ORIENTED_EDGE('',*,*,#12338,.F.);
#12338 = EDGE_CURVE('',#12339,#12331,#12341,.T.);
#12339 = VERTEX_POINT('',#12340);
#12340 = CARTESIAN_POINT('',(1.65,5.400929,0.));
#12341 = LINE('',#12342,#12343);
#12342 = CARTESIAN_POINT('',(1.65,5.400929,0.));
#12343 = VECTOR('',#12344,1.);
#12344 = DIRECTION('',(0.,0.,1.));
#12345 = ORIENTED_EDGE('',*,*,#12346,.F.);
#12346 = EDGE_CURVE('',#12308,#12339,#12347,.T.);
#12347 = LINE('',#12348,#12349);
#12348 = CARTESIAN_POINT('',(1.65,-4.499071,0.));
#12349 = VECTOR('',#12350,1.);
#12350 = DIRECTION('',(0.,1.,0.));
#12351 = PLANE('',#12352);
#12352 = AXIS2_PLACEMENT_3D('',#12353,#12354,#12355);
#12353 = CARTESIAN_POINT('',(1.65,-4.499071,0.));
#12354 = DIRECTION('',(-1.,0.,0.));
#12355 = DIRECTION('',(0.,1.,0.));
#12356 = ADVANCED_FACE('',(#12357),#12373,.F.);
#12357 = FACE_BOUND('',#12358,.F.);
#12358 = EDGE_LOOP('',(#12359,#12360,#12366,#12367));
#12359 = ORIENTED_EDGE('',*,*,#12196,.T.);
#12360 = ORIENTED_EDGE('',*,*,#12361,.T.);
#12361 = EDGE_CURVE('',#12199,#12331,#12362,.T.);
#12362 = LINE('',#12363,#12364);
#12363 = CARTESIAN_POINT('',(1.35,5.400929,4.E-02));
#12364 = VECTOR('',#12365,1.);
#12365 = DIRECTION('',(1.,0.,0.));
#12366 = ORIENTED_EDGE('',*,*,#12338,.F.);
#12367 = ORIENTED_EDGE('',*,*,#12368,.F.);
#12368 = EDGE_CURVE('',#12197,#12339,#12369,.T.);
#12369 = LINE('',#12370,#12371);
#12370 = CARTESIAN_POINT('',(1.35,5.400929,0.));
#12371 = VECTOR('',#12372,1.);
#12372 = DIRECTION('',(1.,0.,0.));
#12373 = PLANE('',#12374);
#12374 = AXIS2_PLACEMENT_3D('',#12375,#12376,#12377);
#12375 = CARTESIAN_POINT('',(1.35,5.400929,0.));
#12376 = DIRECTION('',(0.,1.,0.));
#12377 = DIRECTION('',(1.,0.,0.));
#12378 = ADVANCED_FACE('',(#12379,#12501,#12509,#12517,#12525,#12533,
    #12541,#12549),#12557,.F.);
#12379 = FACE_BOUND('',#12380,.F.);
#12380 = EDGE_LOOP('',(#12381,#12382,#12383,#12384,#12385,#12386,#12387,
    #12388,#12389,#12390,#12391,#12392,#12393,#12394,#12395,#12396,
    #12397,#12398,#12399,#12400,#12401,#12402,#12403,#12404,#12405,
    #12406,#12407,#12408,#12409,#12410,#12411,#12412,#12413,#12414,
    #12415,#12416,#12417,#12418,#12419,#12420,#12421,#12422,#12423,
    #12424,#12425,#12426,#12427,#12428,#12429,#12430,#12431,#12432,
    #12433,#12434,#12435,#12436,#12437,#12438,#12439,#12440,#12441,
    #12442,#12443,#12444,#12445,#12446,#12447,#12448,#12449,#12450,
    #12451,#12452,#12453,#12454,#12455,#12456,#12457,#12458,#12459,
    #12460,#12461,#12462,#12463,#12464,#12465,#12466,#12467,#12468,
    #12469,#12470,#12471,#12472,#12473,#12474,#12475,#12476,#12477,
    #12478,#12479,#12480,#12481,#12482,#12483,#12484,#12485,#12486,
    #12487,#12488,#12489,#12490,#12491,#12492,#12493,#12494,#12495,
    #12496,#12497,#12498,#12499,#12500));
#12381 = ORIENTED_EDGE('',*,*,#7386,.T.);
#12382 = ORIENTED_EDGE('',*,*,#7417,.T.);
#12383 = ORIENTED_EDGE('',*,*,#7448,.T.);
#12384 = ORIENTED_EDGE('',*,*,#7479,.F.);
#12385 = ORIENTED_EDGE('',*,*,#7510,.F.);
#12386 = ORIENTED_EDGE('',*,*,#7541,.F.);
#12387 = ORIENTED_EDGE('',*,*,#7572,.F.);
#12388 = ORIENTED_EDGE('',*,*,#7603,.F.);
#12389 = ORIENTED_EDGE('',*,*,#7634,.F.);
#12390 = ORIENTED_EDGE('',*,*,#7665,.F.);
#12391 = ORIENTED_EDGE('',*,*,#7696,.T.);
#12392 = ORIENTED_EDGE('',*,*,#7727,.F.);
#12393 = ORIENTED_EDGE('',*,*,#7758,.T.);
#12394 = ORIENTED_EDGE('',*,*,#7789,.F.);
#12395 = ORIENTED_EDGE('',*,*,#7820,.F.);
#12396 = ORIENTED_EDGE('',*,*,#7851,.F.);
#12397 = ORIENTED_EDGE('',*,*,#7882,.F.);
#12398 = ORIENTED_EDGE('',*,*,#7913,.F.);
#12399 = ORIENTED_EDGE('',*,*,#7944,.T.);
#12400 = ORIENTED_EDGE('',*,*,#7975,.F.);
#12401 = ORIENTED_EDGE('',*,*,#8006,.T.);
#12402 = ORIENTED_EDGE('',*,*,#8037,.F.);
#12403 = ORIENTED_EDGE('',*,*,#8068,.F.);
#12404 = ORIENTED_EDGE('',*,*,#8099,.F.);
#12405 = ORIENTED_EDGE('',*,*,#8130,.F.);
#12406 = ORIENTED_EDGE('',*,*,#8161,.F.);
#12407 = ORIENTED_EDGE('',*,*,#8192,.T.);
#12408 = ORIENTED_EDGE('',*,*,#8223,.F.);
#12409 = ORIENTED_EDGE('',*,*,#8254,.F.);
#12410 = ORIENTED_EDGE('',*,*,#8285,.F.);
#12411 = ORIENTED_EDGE('',*,*,#8316,.T.);
#12412 = ORIENTED_EDGE('',*,*,#8347,.F.);
#12413 = ORIENTED_EDGE('',*,*,#8378,.F.);
#12414 = ORIENTED_EDGE('',*,*,#8409,.F.);
#12415 = ORIENTED_EDGE('',*,*,#8440,.T.);
#12416 = ORIENTED_EDGE('',*,*,#8471,.F.);
#12417 = ORIENTED_EDGE('',*,*,#8502,.F.);
#12418 = ORIENTED_EDGE('',*,*,#8533,.F.);
#12419 = ORIENTED_EDGE('',*,*,#8564,.T.);
#12420 = ORIENTED_EDGE('',*,*,#8595,.F.);
#12421 = ORIENTED_EDGE('',*,*,#8626,.F.);
#12422 = ORIENTED_EDGE('',*,*,#8657,.F.);
#12423 = ORIENTED_EDGE('',*,*,#8688,.T.);
#12424 = ORIENTED_EDGE('',*,*,#8719,.F.);
#12425 = ORIENTED_EDGE('',*,*,#8750,.F.);
#12426 = ORIENTED_EDGE('',*,*,#8781,.F.);
#12427 = ORIENTED_EDGE('',*,*,#8812,.T.);
#12428 = ORIENTED_EDGE('',*,*,#8843,.F.);
#12429 = ORIENTED_EDGE('',*,*,#8874,.F.);
#12430 = ORIENTED_EDGE('',*,*,#8905,.F.);
#12431 = ORIENTED_EDGE('',*,*,#8936,.T.);
#12432 = ORIENTED_EDGE('',*,*,#8967,.F.);
#12433 = ORIENTED_EDGE('',*,*,#8998,.F.);
#12434 = ORIENTED_EDGE('',*,*,#9029,.F.);
#12435 = ORIENTED_EDGE('',*,*,#9060,.T.);
#12436 = ORIENTED_EDGE('',*,*,#9091,.F.);
#12437 = ORIENTED_EDGE('',*,*,#9122,.F.);
#12438 = ORIENTED_EDGE('',*,*,#9153,.F.);
#12439 = ORIENTED_EDGE('',*,*,#9184,.T.);
#12440 = ORIENTED_EDGE('',*,*,#9215,.F.);
#12441 = ORIENTED_EDGE('',*,*,#9246,.F.);
#12442 = ORIENTED_EDGE('',*,*,#9277,.F.);
#12443 = ORIENTED_EDGE('',*,*,#9308,.T.);
#12444 = ORIENTED_EDGE('',*,*,#9339,.F.);
#12445 = ORIENTED_EDGE('',*,*,#9370,.F.);
#12446 = ORIENTED_EDGE('',*,*,#9401,.F.);
#12447 = ORIENTED_EDGE('',*,*,#9432,.T.);
#12448 = ORIENTED_EDGE('',*,*,#9463,.F.);
#12449 = ORIENTED_EDGE('',*,*,#9494,.F.);
#12450 = ORIENTED_EDGE('',*,*,#9525,.F.);
#12451 = ORIENTED_EDGE('',*,*,#9556,.T.);
#12452 = ORIENTED_EDGE('',*,*,#9587,.F.);
#12453 = ORIENTED_EDGE('',*,*,#9618,.F.);
#12454 = ORIENTED_EDGE('',*,*,#9649,.F.);
#12455 = ORIENTED_EDGE('',*,*,#9680,.T.);
#12456 = ORIENTED_EDGE('',*,*,#9711,.F.);
#12457 = ORIENTED_EDGE('',*,*,#9742,.F.);
#12458 = ORIENTED_EDGE('',*,*,#9773,.F.);
#12459 = ORIENTED_EDGE('',*,*,#9804,.T.);
#12460 = ORIENTED_EDGE('',*,*,#9835,.F.);
#12461 = ORIENTED_EDGE('',*,*,#9866,.T.);
#12462 = ORIENTED_EDGE('',*,*,#9897,.F.);
#12463 = ORIENTED_EDGE('',*,*,#9928,.F.);
#12464 = ORIENTED_EDGE('',*,*,#9959,.F.);
#12465 = ORIENTED_EDGE('',*,*,#9990,.F.);
#12466 = ORIENTED_EDGE('',*,*,#10021,.F.);
#12467 = ORIENTED_EDGE('',*,*,#10052,.T.);
#12468 = ORIENTED_EDGE('',*,*,#10083,.F.);
#12469 = ORIENTED_EDGE('',*,*,#10114,.F.);
#12470 = ORIENTED_EDGE('',*,*,#10145,.F.);
#12471 = ORIENTED_EDGE('',*,*,#10176,.T.);
#12472 = ORIENTED_EDGE('',*,*,#10207,.F.);
#12473 = ORIENTED_EDGE('',*,*,#10238,.F.);
#12474 = ORIENTED_EDGE('',*,*,#10269,.F.);
#12475 = ORIENTED_EDGE('',*,*,#10300,.T.);
#12476 = ORIENTED_EDGE('',*,*,#10331,.F.);
#12477 = ORIENTED_EDGE('',*,*,#10362,.T.);
#12478 = ORIENTED_EDGE('',*,*,#10393,.F.);
#12479 = ORIENTED_EDGE('',*,*,#10424,.T.);
#12480 = ORIENTED_EDGE('',*,*,#10455,.F.);
#12481 = ORIENTED_EDGE('',*,*,#10486,.F.);
#12482 = ORIENTED_EDGE('',*,*,#10517,.F.);
#12483 = ORIENTED_EDGE('',*,*,#10548,.T.);
#12484 = ORIENTED_EDGE('',*,*,#10579,.F.);
#12485 = ORIENTED_EDGE('',*,*,#10610,.F.);
#12486 = ORIENTED_EDGE('',*,*,#10641,.F.);
#12487 = ORIENTED_EDGE('',*,*,#10672,.T.);
#12488 = ORIENTED_EDGE('',*,*,#10703,.F.);
#12489 = ORIENTED_EDGE('',*,*,#10734,.F.);
#12490 = ORIENTED_EDGE('',*,*,#10765,.F.);
#12491 = ORIENTED_EDGE('',*,*,#10796,.T.);
#12492 = ORIENTED_EDGE('',*,*,#10827,.F.);
#12493 = ORIENTED_EDGE('',*,*,#10858,.F.);
#12494 = ORIENTED_EDGE('',*,*,#10889,.F.);
#12495 = ORIENTED_EDGE('',*,*,#10920,.T.);
#12496 = ORIENTED_EDGE('',*,*,#10951,.F.);
#12497 = ORIENTED_EDGE('',*,*,#10982,.F.);
#12498 = ORIENTED_EDGE('',*,*,#11013,.F.);
#12499 = ORIENTED_EDGE('',*,*,#11044,.T.);
#12500 = ORIENTED_EDGE('',*,*,#11066,.F.);
#12501 = FACE_BOUND('',#12502,.T.);
#12502 = EDGE_LOOP('',(#12503,#12504,#12505,#12506,#12507,#12508));
#12503 = ORIENTED_EDGE('',*,*,#11106,.T.);
#12504 = ORIENTED_EDGE('',*,*,#11137,.F.);
#12505 = ORIENTED_EDGE('',*,*,#11168,.T.);
#12506 = ORIENTED_EDGE('',*,*,#11199,.T.);
#12507 = ORIENTED_EDGE('',*,*,#11230,.T.);
#12508 = ORIENTED_EDGE('',*,*,#11252,.F.);
#12509 = FACE_BOUND('',#12510,.T.);
#12510 = EDGE_LOOP('',(#12511,#12512,#12513,#12514,#12515,#12516));
#12511 = ORIENTED_EDGE('',*,*,#11292,.T.);
#12512 = ORIENTED_EDGE('',*,*,#11323,.F.);
#12513 = ORIENTED_EDGE('',*,*,#11354,.T.);
#12514 = ORIENTED_EDGE('',*,*,#11385,.T.);
#12515 = ORIENTED_EDGE('',*,*,#11416,.T.);
#12516 = ORIENTED_EDGE('',*,*,#11438,.F.);
#12517 = FACE_BOUND('',#12518,.T.);
#12518 = EDGE_LOOP('',(#12519,#12520,#12521,#12522,#12523,#12524));
#12519 = ORIENTED_EDGE('',*,*,#11478,.T.);
#12520 = ORIENTED_EDGE('',*,*,#11509,.F.);
#12521 = ORIENTED_EDGE('',*,*,#11540,.T.);
#12522 = ORIENTED_EDGE('',*,*,#11571,.T.);
#12523 = ORIENTED_EDGE('',*,*,#11602,.T.);
#12524 = ORIENTED_EDGE('',*,*,#11624,.F.);
#12525 = FACE_BOUND('',#12526,.T.);
#12526 = EDGE_LOOP('',(#12527,#12528,#12529,#12530,#12531,#12532));
#12527 = ORIENTED_EDGE('',*,*,#11664,.T.);
#12528 = ORIENTED_EDGE('',*,*,#11695,.T.);
#12529 = ORIENTED_EDGE('',*,*,#11726,.T.);
#12530 = ORIENTED_EDGE('',*,*,#11757,.T.);
#12531 = ORIENTED_EDGE('',*,*,#11788,.T.);
#12532 = ORIENTED_EDGE('',*,*,#11810,.F.);
#12533 = FACE_BOUND('',#12534,.T.);
#12534 = EDGE_LOOP('',(#12535,#12536,#12537,#12538,#12539,#12540));
#12535 = ORIENTED_EDGE('',*,*,#11850,.T.);
#12536 = ORIENTED_EDGE('',*,*,#11881,.F.);
#12537 = ORIENTED_EDGE('',*,*,#11912,.T.);
#12538 = ORIENTED_EDGE('',*,*,#11943,.T.);
#12539 = ORIENTED_EDGE('',*,*,#11974,.T.);
#12540 = ORIENTED_EDGE('',*,*,#11996,.F.);
#12541 = FACE_BOUND('',#12542,.T.);
#12542 = EDGE_LOOP('',(#12543,#12544,#12545,#12546,#12547,#12548));
#12543 = ORIENTED_EDGE('',*,*,#12036,.T.);
#12544 = ORIENTED_EDGE('',*,*,#12067,.F.);
#12545 = ORIENTED_EDGE('',*,*,#12098,.T.);
#12546 = ORIENTED_EDGE('',*,*,#12129,.T.);
#12547 = ORIENTED_EDGE('',*,*,#12160,.T.);
#12548 = ORIENTED_EDGE('',*,*,#12182,.F.);
#12549 = FACE_BOUND('',#12550,.T.);
#12550 = EDGE_LOOP('',(#12551,#12552,#12553,#12554,#12555,#12556));
#12551 = ORIENTED_EDGE('',*,*,#12222,.T.);
#12552 = ORIENTED_EDGE('',*,*,#12253,.F.);
#12553 = ORIENTED_EDGE('',*,*,#12284,.T.);
#12554 = ORIENTED_EDGE('',*,*,#12315,.T.);
#12555 = ORIENTED_EDGE('',*,*,#12346,.T.);
#12556 = ORIENTED_EDGE('',*,*,#12368,.F.);
#12557 = PLANE('',#12558);
#12558 = AXIS2_PLACEMENT_3D('',#12559,#12560,#12561);
#12559 = CARTESIAN_POINT('',(2.673241835652E-02,-3.036726095404,0.));
#12560 = DIRECTION('',(0.,0.,1.));
#12561 = DIRECTION('',(1.,0.,0.));
#12562 = ADVANCED_FACE('',(#12563,#12685,#12693,#12701,#12709,#12717,
    #12725,#12733),#12741,.T.);
#12563 = FACE_BOUND('',#12564,.T.);
#12564 = EDGE_LOOP('',(#12565,#12566,#12567,#12568,#12569,#12570,#12571,
    #12572,#12573,#12574,#12575,#12576,#12577,#12578,#12579,#12580,
    #12581,#12582,#12583,#12584,#12585,#12586,#12587,#12588,#12589,
    #12590,#12591,#12592,#12593,#12594,#12595,#12596,#12597,#12598,
    #12599,#12600,#12601,#12602,#12603,#12604,#12605,#12606,#12607,
    #12608,#12609,#12610,#12611,#12612,#12613,#12614,#12615,#12616,
    #12617,#12618,#12619,#12620,#12621,#12622,#12623,#12624,#12625,
    #12626,#12627,#12628,#12629,#12630,#12631,#12632,#12633,#12634,
    #12635,#12636,#12637,#12638,#12639,#12640,#12641,#12642,#12643,
    #12644,#12645,#12646,#12647,#12648,#12649,#12650,#12651,#12652,
    #12653,#12654,#12655,#12656,#12657,#12658,#12659,#12660,#12661,
    #12662,#12663,#12664,#12665,#12666,#12667,#12668,#12669,#12670,
    #12671,#12672,#12673,#12674,#12675,#12676,#12677,#12678,#12679,
    #12680,#12681,#12682,#12683,#12684));
#12565 = ORIENTED_EDGE('',*,*,#7370,.T.);
#12566 = ORIENTED_EDGE('',*,*,#7401,.T.);
#12567 = ORIENTED_EDGE('',*,*,#7432,.T.);
#12568 = ORIENTED_EDGE('',*,*,#7472,.F.);
#12569 = ORIENTED_EDGE('',*,*,#7503,.F.);
#12570 = ORIENTED_EDGE('',*,*,#7534,.F.);
#12571 = ORIENTED_EDGE('',*,*,#7565,.F.);
#12572 = ORIENTED_EDGE('',*,*,#7596,.F.);
#12573 = ORIENTED_EDGE('',*,*,#7627,.F.);
#12574 = ORIENTED_EDGE('',*,*,#7658,.F.);
#12575 = ORIENTED_EDGE('',*,*,#7680,.T.);
#12576 = ORIENTED_EDGE('',*,*,#7720,.F.);
#12577 = ORIENTED_EDGE('',*,*,#7742,.T.);
#12578 = ORIENTED_EDGE('',*,*,#7782,.F.);
#12579 = ORIENTED_EDGE('',*,*,#7813,.F.);
#12580 = ORIENTED_EDGE('',*,*,#7844,.F.);
#12581 = ORIENTED_EDGE('',*,*,#7875,.F.);
#12582 = ORIENTED_EDGE('',*,*,#7906,.F.);
#12583 = ORIENTED_EDGE('',*,*,#7928,.T.);
#12584 = ORIENTED_EDGE('',*,*,#7968,.F.);
#12585 = ORIENTED_EDGE('',*,*,#7990,.T.);
#12586 = ORIENTED_EDGE('',*,*,#8030,.F.);
#12587 = ORIENTED_EDGE('',*,*,#8061,.F.);
#12588 = ORIENTED_EDGE('',*,*,#8092,.F.);
#12589 = ORIENTED_EDGE('',*,*,#8123,.F.);
#12590 = ORIENTED_EDGE('',*,*,#8154,.F.);
#12591 = ORIENTED_EDGE('',*,*,#8176,.T.);
#12592 = ORIENTED_EDGE('',*,*,#8216,.F.);
#12593 = ORIENTED_EDGE('',*,*,#8247,.F.);
#12594 = ORIENTED_EDGE('',*,*,#8278,.F.);
#12595 = ORIENTED_EDGE('',*,*,#8300,.T.);
#12596 = ORIENTED_EDGE('',*,*,#8340,.F.);
#12597 = ORIENTED_EDGE('',*,*,#8371,.F.);
#12598 = ORIENTED_EDGE('',*,*,#8402,.F.);
#12599 = ORIENTED_EDGE('',*,*,#8424,.T.);
#12600 = ORIENTED_EDGE('',*,*,#8464,.F.);
#12601 = ORIENTED_EDGE('',*,*,#8495,.F.);
#12602 = ORIENTED_EDGE('',*,*,#8526,.F.);
#12603 = ORIENTED_EDGE('',*,*,#8548,.T.);
#12604 = ORIENTED_EDGE('',*,*,#8588,.F.);
#12605 = ORIENTED_EDGE('',*,*,#8619,.F.);
#12606 = ORIENTED_EDGE('',*,*,#8650,.F.);
#12607 = ORIENTED_EDGE('',*,*,#8672,.T.);
#12608 = ORIENTED_EDGE('',*,*,#8712,.F.);
#12609 = ORIENTED_EDGE('',*,*,#8743,.F.);
#12610 = ORIENTED_EDGE('',*,*,#8774,.F.);
#12611 = ORIENTED_EDGE('',*,*,#8796,.T.);
#12612 = ORIENTED_EDGE('',*,*,#8836,.F.);
#12613 = ORIENTED_EDGE('',*,*,#8867,.F.);
#12614 = ORIENTED_EDGE('',*,*,#8898,.F.);
#12615 = ORIENTED_EDGE('',*,*,#8920,.T.);
#12616 = ORIENTED_EDGE('',*,*,#8960,.F.);
#12617 = ORIENTED_EDGE('',*,*,#8991,.F.);
#12618 = ORIENTED_EDGE('',*,*,#9022,.F.);
#12619 = ORIENTED_EDGE('',*,*,#9044,.T.);
#12620 = ORIENTED_EDGE('',*,*,#9084,.F.);
#12621 = ORIENTED_EDGE('',*,*,#9115,.F.);
#12622 = ORIENTED_EDGE('',*,*,#9146,.F.);
#12623 = ORIENTED_EDGE('',*,*,#9168,.T.);
#12624 = ORIENTED_EDGE('',*,*,#9208,.F.);
#12625 = ORIENTED_EDGE('',*,*,#9239,.F.);
#12626 = ORIENTED_EDGE('',*,*,#9270,.F.);
#12627 = ORIENTED_EDGE('',*,*,#9292,.T.);
#12628 = ORIENTED_EDGE('',*,*,#9332,.F.);
#12629 = ORIENTED_EDGE('',*,*,#9363,.F.);
#12630 = ORIENTED_EDGE('',*,*,#9394,.F.);
#12631 = ORIENTED_EDGE('',*,*,#9416,.T.);
#12632 = ORIENTED_EDGE('',*,*,#9456,.F.);
#12633 = ORIENTED_EDGE('',*,*,#9487,.F.);
#12634 = ORIENTED_EDGE('',*,*,#9518,.F.);
#12635 = ORIENTED_EDGE('',*,*,#9540,.T.);
#12636 = ORIENTED_EDGE('',*,*,#9580,.F.);
#12637 = ORIENTED_EDGE('',*,*,#9611,.F.);
#12638 = ORIENTED_EDGE('',*,*,#9642,.F.);
#12639 = ORIENTED_EDGE('',*,*,#9664,.T.);
#12640 = ORIENTED_EDGE('',*,*,#9704,.F.);
#12641 = ORIENTED_EDGE('',*,*,#9735,.F.);
#12642 = ORIENTED_EDGE('',*,*,#9766,.F.);
#12643 = ORIENTED_EDGE('',*,*,#9788,.T.);
#12644 = ORIENTED_EDGE('',*,*,#9828,.F.);
#12645 = ORIENTED_EDGE('',*,*,#9850,.T.);
#12646 = ORIENTED_EDGE('',*,*,#9890,.F.);
#12647 = ORIENTED_EDGE('',*,*,#9921,.F.);
#12648 = ORIENTED_EDGE('',*,*,#9952,.F.);
#12649 = ORIENTED_EDGE('',*,*,#9983,.F.);
#12650 = ORIENTED_EDGE('',*,*,#10014,.F.);
#12651 = ORIENTED_EDGE('',*,*,#10036,.T.);
#12652 = ORIENTED_EDGE('',*,*,#10076,.F.);
#12653 = ORIENTED_EDGE('',*,*,#10107,.F.);
#12654 = ORIENTED_EDGE('',*,*,#10138,.F.);
#12655 = ORIENTED_EDGE('',*,*,#10160,.T.);
#12656 = ORIENTED_EDGE('',*,*,#10200,.F.);
#12657 = ORIENTED_EDGE('',*,*,#10231,.F.);
#12658 = ORIENTED_EDGE('',*,*,#10262,.F.);
#12659 = ORIENTED_EDGE('',*,*,#10284,.T.);
#12660 = ORIENTED_EDGE('',*,*,#10324,.F.);
#12661 = ORIENTED_EDGE('',*,*,#10346,.T.);
#12662 = ORIENTED_EDGE('',*,*,#10386,.F.);
#12663 = ORIENTED_EDGE('',*,*,#10408,.T.);
#12664 = ORIENTED_EDGE('',*,*,#10448,.F.);
#12665 = ORIENTED_EDGE('',*,*,#10479,.F.);
#12666 = ORIENTED_EDGE('',*,*,#10510,.F.);
#12667 = ORIENTED_EDGE('',*,*,#10532,.T.);
#12668 = ORIENTED_EDGE('',*,*,#10572,.F.);
#12669 = ORIENTED_EDGE('',*,*,#10603,.F.);
#12670 = ORIENTED_EDGE('',*,*,#10634,.F.);
#12671 = ORIENTED_EDGE('',*,*,#10656,.T.);
#12672 = ORIENTED_EDGE('',*,*,#10696,.F.);
#12673 = ORIENTED_EDGE('',*,*,#10727,.F.);
#12674 = ORIENTED_EDGE('',*,*,#10758,.F.);
#12675 = ORIENTED_EDGE('',*,*,#10780,.T.);
#12676 = ORIENTED_EDGE('',*,*,#10820,.F.);
#12677 = ORIENTED_EDGE('',*,*,#10851,.F.);
#12678 = ORIENTED_EDGE('',*,*,#10882,.F.);
#12679 = ORIENTED_EDGE('',*,*,#10904,.T.);
#12680 = ORIENTED_EDGE('',*,*,#10944,.F.);
#12681 = ORIENTED_EDGE('',*,*,#10975,.F.);
#12682 = ORIENTED_EDGE('',*,*,#11006,.F.);
#12683 = ORIENTED_EDGE('',*,*,#11028,.T.);
#12684 = ORIENTED_EDGE('',*,*,#11059,.F.);
#12685 = FACE_BOUND('',#12686,.F.);
#12686 = EDGE_LOOP('',(#12687,#12688,#12689,#12690,#12691,#12692));
#12687 = ORIENTED_EDGE('',*,*,#11090,.T.);
#12688 = ORIENTED_EDGE('',*,*,#11130,.F.);
#12689 = ORIENTED_EDGE('',*,*,#11152,.T.);
#12690 = ORIENTED_EDGE('',*,*,#11183,.T.);
#12691 = ORIENTED_EDGE('',*,*,#11214,.T.);
#12692 = ORIENTED_EDGE('',*,*,#11245,.F.);
#12693 = FACE_BOUND('',#12694,.F.);
#12694 = EDGE_LOOP('',(#12695,#12696,#12697,#12698,#12699,#12700));
#12695 = ORIENTED_EDGE('',*,*,#11276,.T.);
#12696 = ORIENTED_EDGE('',*,*,#11316,.F.);
#12697 = ORIENTED_EDGE('',*,*,#11338,.T.);
#12698 = ORIENTED_EDGE('',*,*,#11369,.T.);
#12699 = ORIENTED_EDGE('',*,*,#11400,.T.);
#12700 = ORIENTED_EDGE('',*,*,#11431,.F.);
#12701 = FACE_BOUND('',#12702,.F.);
#12702 = EDGE_LOOP('',(#12703,#12704,#12705,#12706,#12707,#12708));
#12703 = ORIENTED_EDGE('',*,*,#11462,.T.);
#12704 = ORIENTED_EDGE('',*,*,#11502,.F.);
#12705 = ORIENTED_EDGE('',*,*,#11524,.T.);
#12706 = ORIENTED_EDGE('',*,*,#11555,.T.);
#12707 = ORIENTED_EDGE('',*,*,#11586,.T.);
#12708 = ORIENTED_EDGE('',*,*,#11617,.F.);
#12709 = FACE_BOUND('',#12710,.F.);
#12710 = EDGE_LOOP('',(#12711,#12712,#12713,#12714,#12715,#12716));
#12711 = ORIENTED_EDGE('',*,*,#11648,.T.);
#12712 = ORIENTED_EDGE('',*,*,#11679,.T.);
#12713 = ORIENTED_EDGE('',*,*,#11710,.T.);
#12714 = ORIENTED_EDGE('',*,*,#11741,.T.);
#12715 = ORIENTED_EDGE('',*,*,#11772,.T.);
#12716 = ORIENTED_EDGE('',*,*,#11803,.F.);
#12717 = FACE_BOUND('',#12718,.F.);
#12718 = EDGE_LOOP('',(#12719,#12720,#12721,#12722,#12723,#12724));
#12719 = ORIENTED_EDGE('',*,*,#11834,.T.);
#12720 = ORIENTED_EDGE('',*,*,#11874,.F.);
#12721 = ORIENTED_EDGE('',*,*,#11896,.T.);
#12722 = ORIENTED_EDGE('',*,*,#11927,.T.);
#12723 = ORIENTED_EDGE('',*,*,#11958,.T.);
#12724 = ORIENTED_EDGE('',*,*,#11989,.F.);
#12725 = FACE_BOUND('',#12726,.F.);
#12726 = EDGE_LOOP('',(#12727,#12728,#12729,#12730,#12731,#12732));
#12727 = ORIENTED_EDGE('',*,*,#12020,.T.);
#12728 = ORIENTED_EDGE('',*,*,#12060,.F.);
#12729 = ORIENTED_EDGE('',*,*,#12082,.T.);
#12730 = ORIENTED_EDGE('',*,*,#12113,.T.);
#12731 = ORIENTED_EDGE('',*,*,#12144,.T.);
#12732 = ORIENTED_EDGE('',*,*,#12175,.F.);
#12733 = FACE_BOUND('',#12734,.F.);
#12734 = EDGE_LOOP('',(#12735,#12736,#12737,#12738,#12739,#12740));
#12735 = ORIENTED_EDGE('',*,*,#12206,.T.);
#12736 = ORIENTED_EDGE('',*,*,#12246,.F.);
#12737 = ORIENTED_EDGE('',*,*,#12268,.T.);
#12738 = ORIENTED_EDGE('',*,*,#12299,.T.);
#12739 = ORIENTED_EDGE('',*,*,#12330,.T.);
#12740 = ORIENTED_EDGE('',*,*,#12361,.F.);
#12741 = PLANE('',#12742);
#12742 = AXIS2_PLACEMENT_3D('',#12743,#12744,#12745);
#12743 = CARTESIAN_POINT('',(2.673241835652E-02,-3.036726095404,4.E-02)
  );
#12744 = DIRECTION('',(0.,0.,1.));
#12745 = DIRECTION('',(1.,0.,0.));
#12746 = ( GEOMETRIC_REPRESENTATION_CONTEXT(3) 
GLOBAL_UNCERTAINTY_ASSIGNED_CONTEXT((#12750)) 
GLOBAL_UNIT_ASSIGNED_CONTEXT((#12747,#12748,#12749)) 
REPRESENTATION_CONTEXT('Context #1',
  '3D Context with UNIT and UNCERTAINTY') );
#12747 = ( LENGTH_UNIT() NAMED_UNIT(*) SI_UNIT(.MILLI.,.METRE.) );
#12748 = ( NAMED_UNIT(*) PLANE_ANGLE_UNIT() SI_UNIT($,.RADIAN.) );
#12749 = ( NAMED_UNIT(*) SI_UNIT($,.STERADIAN.) SOLID_ANGLE_UNIT() );
#12750 = UNCERTAINTY_MEASURE_WITH_UNIT(LENGTH_MEASURE(1.E-07),#12747,
  'distance_accuracy_value','confusion accuracy');
#12751 = CONTEXT_DEPENDENT_SHAPE_REPRESENTATION(#12752,#12754);
#12752 = ( REPRESENTATION_RELATIONSHIP('','',#7353,#6844) 
REPRESENTATION_RELATIONSHIP_WITH_TRANSFORMATION(#12753) 
SHAPE_REPRESENTATION_RELATIONSHIP() );
#12753 = ITEM_DEFINED_TRANSFORMATION('','',#11,#6853);
#12754 = PRODUCT_DEFINITION_SHAPE('Placement','Placement of an item',
  #12755);
#12755 = NEXT_ASSEMBLY_USAGE_OCCURRENCE('8','conn','',#6839,#7348,$);
#12756 = PRODUCT_RELATED_PRODUCT_CATEGORY('part',$,(#7350));
#12757 = SHAPE_DEFINITION_REPRESENTATION(#12758,#12764);
#12758 = PRODUCT_DEFINITION_SHAPE('','',#12759);
#12759 = PRODUCT_DEFINITION('design','',#12760,#12763);
#12760 = PRODUCT_DEFINITION_FORMATION('','',#12761);
#12761 = PRODUCT('film','film','',(#12762));
#12762 = PRODUCT_CONTEXT('',#2,'mechanical');
#12763 = PRODUCT_DEFINITION_CONTEXT('part definition',#2,'design');
#12764 = ADVANCED_BREP_SHAPE_REPRESENTATION('',(#11,#12765),#12915);
#12765 = MANIFOLD_SOLID_BREP('',#12766);
#12766 = CLOSED_SHELL('',(#12767,#12807,#12838,#12869,#12891,#12903));
#12767 = ADVANCED_FACE('',(#12768),#12802,.T.);
#12768 = FACE_BOUND('',#12769,.T.);
#12769 = EDGE_LOOP('',(#12770,#12780,#12788,#12796));
#12770 = ORIENTED_EDGE('',*,*,#12771,.T.);
#12771 = EDGE_CURVE('',#12772,#12774,#12776,.T.);
#12772 = VERTEX_POINT('',#12773);
#12773 = CARTESIAN_POINT('',(-3.,5.5,0.));
#12774 = VERTEX_POINT('',#12775);
#12775 = CARTESIAN_POINT('',(-3.,5.5,5.E-02));
#12776 = LINE('',#12777,#12778);
#12777 = CARTESIAN_POINT('',(-3.,5.5,0.));
#12778 = VECTOR('',#12779,1.);
#12779 = DIRECTION('',(0.,0.,1.));
#12780 = ORIENTED_EDGE('',*,*,#12781,.T.);
#12781 = EDGE_CURVE('',#12774,#12782,#12784,.T.);
#12782 = VERTEX_POINT('',#12783);
#12783 = CARTESIAN_POINT('',(3.,5.5,5.E-02));
#12784 = LINE('',#12785,#12786);
#12785 = CARTESIAN_POINT('',(-3.,5.5,5.E-02));
#12786 = VECTOR('',#12787,1.);
#12787 = DIRECTION('',(1.,0.,0.));
#12788 = ORIENTED_EDGE('',*,*,#12789,.F.);
#12789 = EDGE_CURVE('',#12790,#12782,#12792,.T.);
#12790 = VERTEX_POINT('',#12791);
#12791 = CARTESIAN_POINT('',(3.,5.5,0.));
#12792 = LINE('',#12793,#12794);
#12793 = CARTESIAN_POINT('',(3.,5.5,0.));
#12794 = VECTOR('',#12795,1.);
#12795 = DIRECTION('',(0.,0.,1.));
#12796 = ORIENTED_EDGE('',*,*,#12797,.F.);
#12797 = EDGE_CURVE('',#12772,#12790,#12798,.T.);
#12798 = LINE('',#12799,#12800);
#12799 = CARTESIAN_POINT('',(-3.,5.5,0.));
#12800 = VECTOR('',#12801,1.);
#12801 = DIRECTION('',(1.,0.,0.));
#12802 = PLANE('',#12803);
#12803 = AXIS2_PLACEMENT_3D('',#12804,#12805,#12806);
#12804 = CARTESIAN_POINT('',(-3.,5.5,0.));
#12805 = DIRECTION('',(0.,1.,0.));
#12806 = DIRECTION('',(1.,0.,0.));
#12807 = ADVANCED_FACE('',(#12808),#12833,.T.);
#12808 = FACE_BOUND('',#12809,.T.);
#12809 = EDGE_LOOP('',(#12810,#12811,#12819,#12827));
#12810 = ORIENTED_EDGE('',*,*,#12789,.T.);
#12811 = ORIENTED_EDGE('',*,*,#12812,.T.);
#12812 = EDGE_CURVE('',#12782,#12813,#12815,.T.);
#12813 = VERTEX_POINT('',#12814);
#12814 = CARTESIAN_POINT('',(3.,-4.5,5.E-02));
#12815 = LINE('',#12816,#12817);
#12816 = CARTESIAN_POINT('',(3.,5.5,5.E-02));
#12817 = VECTOR('',#12818,1.);
#12818 = DIRECTION('',(0.,-1.,0.));
#12819 = ORIENTED_EDGE('',*,*,#12820,.F.);
#12820 = EDGE_CURVE('',#12821,#12813,#12823,.T.);
#12821 = VERTEX_POINT('',#12822);
#12822 = CARTESIAN_POINT('',(3.,-4.5,0.));
#12823 = LINE('',#12824,#12825);
#12824 = CARTESIAN_POINT('',(3.,-4.5,0.));
#12825 = VECTOR('',#12826,1.);
#12826 = DIRECTION('',(0.,0.,1.));
#12827 = ORIENTED_EDGE('',*,*,#12828,.F.);
#12828 = EDGE_CURVE('',#12790,#12821,#12829,.T.);
#12829 = LINE('',#12830,#12831);
#12830 = CARTESIAN_POINT('',(3.,5.5,0.));
#12831 = VECTOR('',#12832,1.);
#12832 = DIRECTION('',(0.,-1.,0.));
#12833 = PLANE('',#12834);
#12834 = AXIS2_PLACEMENT_3D('',#12835,#12836,#12837);
#12835 = CARTESIAN_POINT('',(3.,5.5,0.));
#12836 = DIRECTION('',(1.,0.,0.));
#12837 = DIRECTION('',(0.,-1.,0.));
#12838 = ADVANCED_FACE('',(#12839),#12864,.T.);
#12839 = FACE_BOUND('',#12840,.T.);
#12840 = EDGE_LOOP('',(#12841,#12842,#12850,#12858));
#12841 = ORIENTED_EDGE('',*,*,#12820,.T.);
#12842 = ORIENTED_EDGE('',*,*,#12843,.T.);
#12843 = EDGE_CURVE('',#12813,#12844,#12846,.T.);
#12844 = VERTEX_POINT('',#12845);
#12845 = CARTESIAN_POINT('',(-3.,-4.5,5.E-02));
#12846 = LINE('',#12847,#12848);
#12847 = CARTESIAN_POINT('',(3.,-4.5,5.E-02));
#12848 = VECTOR('',#12849,1.);
#12849 = DIRECTION('',(-1.,0.,0.));
#12850 = ORIENTED_EDGE('',*,*,#12851,.F.);
#12851 = EDGE_CURVE('',#12852,#12844,#12854,.T.);
#12852 = VERTEX_POINT('',#12853);
#12853 = CARTESIAN_POINT('',(-3.,-4.5,0.));
#12854 = LINE('',#12855,#12856);
#12855 = CARTESIAN_POINT('',(-3.,-4.5,0.));
#12856 = VECTOR('',#12857,1.);
#12857 = DIRECTION('',(0.,0.,1.));
#12858 = ORIENTED_EDGE('',*,*,#12859,.F.);
#12859 = EDGE_CURVE('',#12821,#12852,#12860,.T.);
#12860 = LINE('',#12861,#12862);
#12861 = CARTESIAN_POINT('',(3.,-4.5,0.));
#12862 = VECTOR('',#12863,1.);
#12863 = DIRECTION('',(-1.,0.,0.));
#12864 = PLANE('',#12865);
#12865 = AXIS2_PLACEMENT_3D('',#12866,#12867,#12868);
#12866 = CARTESIAN_POINT('',(3.,-4.5,0.));
#12867 = DIRECTION('',(0.,-1.,0.));
#12868 = DIRECTION('',(-1.,0.,0.));
#12869 = ADVANCED_FACE('',(#12870),#12886,.T.);
#12870 = FACE_BOUND('',#12871,.T.);
#12871 = EDGE_LOOP('',(#12872,#12873,#12879,#12880));
#12872 = ORIENTED_EDGE('',*,*,#12851,.T.);
#12873 = ORIENTED_EDGE('',*,*,#12874,.T.);
#12874 = EDGE_CURVE('',#12844,#12774,#12875,.T.);
#12875 = LINE('',#12876,#12877);
#12876 = CARTESIAN_POINT('',(-3.,-4.5,5.E-02));
#12877 = VECTOR('',#12878,1.);
#12878 = DIRECTION('',(0.,1.,0.));
#12879 = ORIENTED_EDGE('',*,*,#12771,.F.);
#12880 = ORIENTED_EDGE('',*,*,#12881,.F.);
#12881 = EDGE_CURVE('',#12852,#12772,#12882,.T.);
#12882 = LINE('',#12883,#12884);
#12883 = CARTESIAN_POINT('',(-3.,-4.5,0.));
#12884 = VECTOR('',#12885,1.);
#12885 = DIRECTION('',(0.,1.,0.));
#12886 = PLANE('',#12887);
#12887 = AXIS2_PLACEMENT_3D('',#12888,#12889,#12890);
#12888 = CARTESIAN_POINT('',(-3.,-4.5,0.));
#12889 = DIRECTION('',(-1.,0.,0.));
#12890 = DIRECTION('',(0.,1.,0.));
#12891 = ADVANCED_FACE('',(#12892),#12898,.F.);
#12892 = FACE_BOUND('',#12893,.T.);
#12893 = EDGE_LOOP('',(#12894,#12895,#12896,#12897));
#12894 = ORIENTED_EDGE('',*,*,#12797,.T.);
#12895 = ORIENTED_EDGE('',*,*,#12828,.T.);
#12896 = ORIENTED_EDGE('',*,*,#12859,.T.);
#12897 = ORIENTED_EDGE('',*,*,#12881,.T.);
#12898 = PLANE('',#12899);
#12899 = AXIS2_PLACEMENT_3D('',#12900,#12901,#12902);
#12900 = CARTESIAN_POINT('',(0.,0.5,0.));
#12901 = DIRECTION('',(0.,0.,1.));
#12902 = DIRECTION('',(1.,0.,0.));
#12903 = ADVANCED_FACE('',(#12904),#12910,.T.);
#12904 = FACE_BOUND('',#12905,.F.);
#12905 = EDGE_LOOP('',(#12906,#12907,#12908,#12909));
#12906 = ORIENTED_EDGE('',*,*,#12781,.T.);
#12907 = ORIENTED_EDGE('',*,*,#12812,.T.);
#12908 = ORIENTED_EDGE('',*,*,#12843,.T.);
#12909 = ORIENTED_EDGE('',*,*,#12874,.T.);
#12910 = PLANE('',#12911);
#12911 = AXIS2_PLACEMENT_3D('',#12912,#12913,#12914);
#12912 = CARTESIAN_POINT('',(0.,0.5,5.E-02));
#12913 = DIRECTION('',(0.,0.,1.));
#12914 = DIRECTION('',(1.,0.,0.));
#12915 = ( GEOMETRIC_REPRESENTATION_CONTEXT(3) 
GLOBAL_UNCERTAINTY_ASSIGNED_CONTEXT((#12919)) 
GLOBAL_UNIT_ASSIGNED_CONTEXT((#12916,#12917,#12918)) 
REPRESENTATION_CONTEXT('Context #1',
  '3D Context with UNIT and UNCERTAINTY') );
#12916 = ( LENGTH_UNIT() NAMED_UNIT(*) SI_UNIT(.MILLI.,.METRE.) );
#12917 = ( NAMED_UNIT(*) PLANE_ANGLE_UNIT() SI_UNIT($,.RADIAN.) );
#12918 = ( NAMED_UNIT(*) SI_UNIT($,.STERADIAN.) SOLID_ANGLE_UNIT() );
#12919 = UNCERTAINTY_MEASURE_WITH_UNIT(LENGTH_MEASURE(1.E-07),#12916,
  'distance_accuracy_value','confusion accuracy');
#12920 = CONTEXT_DEPENDENT_SHAPE_REPRESENTATION(#12921,#12923);
#12921 = ( REPRESENTATION_RELATIONSHIP('','',#12764,#6844) 
REPRESENTATION_RELATIONSHIP_WITH_TRANSFORMATION(#12922) 
SHAPE_REPRESENTATION_RELATIONSHIP() );
#12922 = ITEM_DEFINED_TRANSFORMATION('','',#11,#6857);
#12923 = PRODUCT_DEFINITION_SHAPE('Placement','Placement of an item',
  #12924);
#12924 = NEXT_ASSEMBLY_USAGE_OCCURRENCE('9','film','',#6839,#12759,$);
#12925 = PRODUCT_RELATED_PRODUCT_CATEGORY('part',$,(#12761));
#12926 = SHAPE_DEFINITION_REPRESENTATION(#12927,#12933);
#12927 = PRODUCT_DEFINITION_SHAPE('','',#12928);
#12928 = PRODUCT_DEFINITION('design','',#12929,#12932);
#12929 = PRODUCT_DEFINITION_FORMATION('','',#12930);
#12930 = PRODUCT('silk','silk','',(#12931));
#12931 = PRODUCT_CONTEXT('',#2,'mechanical');
#12932 = PRODUCT_DEFINITION_CONTEXT('part definition',#2,'design');
#12933 = ADVANCED_BREP_SHAPE_REPRESENTATION('',(#11,#12934),#13084);
#12934 = MANIFOLD_SOLID_BREP('',#12935);
#12935 = CLOSED_SHELL('',(#12936,#12976,#13007,#13038,#13060,#13072));
#12936 = ADVANCED_FACE('',(#12937),#12971,.T.);
#12937 = FACE_BOUND('',#12938,.T.);
#12938 = EDGE_LOOP('',(#12939,#12949,#12957,#12965));
#12939 = ORIENTED_EDGE('',*,*,#12940,.T.);
#12940 = EDGE_CURVE('',#12941,#12943,#12945,.T.);
#12941 = VERTEX_POINT('',#12942);
#12942 = CARTESIAN_POINT('',(-6.25,7.5E-02,0.));
#12943 = VERTEX_POINT('',#12944);
#12944 = CARTESIAN_POINT('',(-6.25,7.5E-02,1.E-02));
#12945 = LINE('',#12946,#12947);
#12946 = CARTESIAN_POINT('',(-6.25,7.5E-02,0.));
#12947 = VECTOR('',#12948,1.);
#12948 = DIRECTION('',(0.,0.,1.));
#12949 = ORIENTED_EDGE('',*,*,#12950,.T.);
#12950 = EDGE_CURVE('',#12943,#12951,#12953,.T.);
#12951 = VERTEX_POINT('',#12952);
#12952 = CARTESIAN_POINT('',(6.25,7.5E-02,1.E-02));
#12953 = LINE('',#12954,#12955);
#12954 = CARTESIAN_POINT('',(-6.25,7.5E-02,1.E-02));
#12955 = VECTOR('',#12956,1.);
#12956 = DIRECTION('',(1.,0.,0.));
#12957 = ORIENTED_EDGE('',*,*,#12958,.F.);
#12958 = EDGE_CURVE('',#12959,#12951,#12961,.T.);
#12959 = VERTEX_POINT('',#12960);
#12960 = CARTESIAN_POINT('',(6.25,7.5E-02,0.));
#12961 = LINE('',#12962,#12963);
#12962 = CARTESIAN_POINT('',(6.25,7.5E-02,0.));
#12963 = VECTOR('',#12964,1.);
#12964 = DIRECTION('',(0.,0.,1.));
#12965 = ORIENTED_EDGE('',*,*,#12966,.F.);
#12966 = EDGE_CURVE('',#12941,#12959,#12967,.T.);
#12967 = LINE('',#12968,#12969);
#12968 = CARTESIAN_POINT('',(-6.25,7.5E-02,0.));
#12969 = VECTOR('',#12970,1.);
#12970 = DIRECTION('',(1.,0.,0.));
#12971 = PLANE('',#12972);
#12972 = AXIS2_PLACEMENT_3D('',#12973,#12974,#12975);
#12973 = CARTESIAN_POINT('',(-6.25,7.5E-02,0.));
#12974 = DIRECTION('',(0.,1.,0.));
#12975 = DIRECTION('',(1.,0.,0.));
#12976 = ADVANCED_FACE('',(#12977),#13002,.T.);
#12977 = FACE_BOUND('',#12978,.T.);
#12978 = EDGE_LOOP('',(#12979,#12980,#12988,#12996));
#12979 = ORIENTED_EDGE('',*,*,#12958,.T.);
#12980 = ORIENTED_EDGE('',*,*,#12981,.T.);
#12981 = EDGE_CURVE('',#12951,#12982,#12984,.T.);
#12982 = VERTEX_POINT('',#12983);
#12983 = CARTESIAN_POINT('',(6.25,-7.5E-02,1.E-02));
#12984 = LINE('',#12985,#12986);
#12985 = CARTESIAN_POINT('',(6.25,7.5E-02,1.E-02));
#12986 = VECTOR('',#12987,1.);
#12987 = DIRECTION('',(0.,-1.,0.));
#12988 = ORIENTED_EDGE('',*,*,#12989,.F.);
#12989 = EDGE_CURVE('',#12990,#12982,#12992,.T.);
#12990 = VERTEX_POINT('',#12991);
#12991 = CARTESIAN_POINT('',(6.25,-7.5E-02,0.));
#12992 = LINE('',#12993,#12994);
#12993 = CARTESIAN_POINT('',(6.25,-7.5E-02,0.));
#12994 = VECTOR('',#12995,1.);
#12995 = DIRECTION('',(0.,0.,1.));
#12996 = ORIENTED_EDGE('',*,*,#12997,.F.);
#12997 = EDGE_CURVE('',#12959,#12990,#12998,.T.);
#12998 = LINE('',#12999,#13000);
#12999 = CARTESIAN_POINT('',(6.25,7.5E-02,0.));
#13000 = VECTOR('',#13001,1.);
#13001 = DIRECTION('',(0.,-1.,0.));
#13002 = PLANE('',#13003);
#13003 = AXIS2_PLACEMENT_3D('',#13004,#13005,#13006);
#13004 = CARTESIAN_POINT('',(6.25,7.5E-02,0.));
#13005 = DIRECTION('',(1.,0.,0.));
#13006 = DIRECTION('',(0.,-1.,0.));
#13007 = ADVANCED_FACE('',(#13008),#13033,.T.);
#13008 = FACE_BOUND('',#13009,.T.);
#13009 = EDGE_LOOP('',(#13010,#13011,#13019,#13027));
#13010 = ORIENTED_EDGE('',*,*,#12989,.T.);
#13011 = ORIENTED_EDGE('',*,*,#13012,.T.);
#13012 = EDGE_CURVE('',#12982,#13013,#13015,.T.);
#13013 = VERTEX_POINT('',#13014);
#13014 = CARTESIAN_POINT('',(-6.25,-7.5E-02,1.E-02));
#13015 = LINE('',#13016,#13017);
#13016 = CARTESIAN_POINT('',(6.25,-7.5E-02,1.E-02));
#13017 = VECTOR('',#13018,1.);
#13018 = DIRECTION('',(-1.,0.,0.));
#13019 = ORIENTED_EDGE('',*,*,#13020,.F.);
#13020 = EDGE_CURVE('',#13021,#13013,#13023,.T.);
#13021 = VERTEX_POINT('',#13022);
#13022 = CARTESIAN_POINT('',(-6.25,-7.5E-02,0.));
#13023 = LINE('',#13024,#13025);
#13024 = CARTESIAN_POINT('',(-6.25,-7.5E-02,0.));
#13025 = VECTOR('',#13026,1.);
#13026 = DIRECTION('',(0.,0.,1.));
#13027 = ORIENTED_EDGE('',*,*,#13028,.F.);
#13028 = EDGE_CURVE('',#12990,#13021,#13029,.T.);
#13029 = LINE('',#13030,#13031);
#13030 = CARTESIAN_POINT('',(6.25,-7.5E-02,0.));
#13031 = VECTOR('',#13032,1.);
#13032 = DIRECTION('',(-1.,0.,0.));
#13033 = PLANE('',#13034);
#13034 = AXIS2_PLACEMENT_3D('',#13035,#13036,#13037);
#13035 = CARTESIAN_POINT('',(6.25,-7.5E-02,0.));
#13036 = DIRECTION('',(0.,-1.,0.));
#13037 = DIRECTION('',(-1.,0.,0.));
#13038 = ADVANCED_FACE('',(#13039),#13055,.T.);
#13039 = FACE_BOUND('',#13040,.T.);
#13040 = EDGE_LOOP('',(#13041,#13042,#13048,#13049));
#13041 = ORIENTED_EDGE('',*,*,#13020,.T.);
#13042 = ORIENTED_EDGE('',*,*,#13043,.T.);
#13043 = EDGE_CURVE('',#13013,#12943,#13044,.T.);
#13044 = LINE('',#13045,#13046);
#13045 = CARTESIAN_POINT('',(-6.25,-7.5E-02,1.E-02));
#13046 = VECTOR('',#13047,1.);
#13047 = DIRECTION('',(0.,1.,0.));
#13048 = ORIENTED_EDGE('',*,*,#12940,.F.);
#13049 = ORIENTED_EDGE('',*,*,#13050,.F.);
#13050 = EDGE_CURVE('',#13021,#12941,#13051,.T.);
#13051 = LINE('',#13052,#13053);
#13052 = CARTESIAN_POINT('',(-6.25,-7.5E-02,0.));
#13053 = VECTOR('',#13054,1.);
#13054 = DIRECTION('',(0.,1.,0.));
#13055 = PLANE('',#13056);
#13056 = AXIS2_PLACEMENT_3D('',#13057,#13058,#13059);
#13057 = CARTESIAN_POINT('',(-6.25,-7.5E-02,0.));
#13058 = DIRECTION('',(-1.,0.,0.));
#13059 = DIRECTION('',(0.,1.,0.));
#13060 = ADVANCED_FACE('',(#13061),#13067,.F.);
#13061 = FACE_BOUND('',#13062,.T.);
#13062 = EDGE_LOOP('',(#13063,#13064,#13065,#13066));
#13063 = ORIENTED_EDGE('',*,*,#12966,.T.);
#13064 = ORIENTED_EDGE('',*,*,#12997,.T.);
#13065 = ORIENTED_EDGE('',*,*,#13028,.T.);
#13066 = ORIENTED_EDGE('',*,*,#13050,.T.);
#13067 = PLANE('',#13068);
#13068 = AXIS2_PLACEMENT_3D('',#13069,#13070,#13071);
#13069 = CARTESIAN_POINT('',(0.,0.,0.));
#13070 = DIRECTION('',(0.,0.,1.));
#13071 = DIRECTION('',(1.,0.,0.));
#13072 = ADVANCED_FACE('',(#13073),#13079,.T.);
#13073 = FACE_BOUND('',#13074,.F.);
#13074 = EDGE_LOOP('',(#13075,#13076,#13077,#13078));
#13075 = ORIENTED_EDGE('',*,*,#12950,.T.);
#13076 = ORIENTED_EDGE('',*,*,#12981,.T.);
#13077 = ORIENTED_EDGE('',*,*,#13012,.T.);
#13078 = ORIENTED_EDGE('',*,*,#13043,.T.);
#13079 = PLANE('',#13080);
#13080 = AXIS2_PLACEMENT_3D('',#13081,#13082,#13083);
#13081 = CARTESIAN_POINT('',(0.,0.,1.E-02));
#13082 = DIRECTION('',(0.,0.,1.));
#13083 = DIRECTION('',(1.,0.,0.));
#13084 = ( GEOMETRIC_REPRESENTATION_CONTEXT(3) 
GLOBAL_UNCERTAINTY_ASSIGNED_CONTEXT((#13088)) 
GLOBAL_UNIT_ASSIGNED_CONTEXT((#13085,#13086,#13087)) 
REPRESENTATION_CONTEXT('Context #1',
  '3D Context with UNIT and UNCERTAINTY') );
#13085 = ( LENGTH_UNIT() NAMED_UNIT(*) SI_UNIT(.MILLI.,.METRE.) );
#13086 = ( NAMED_UNIT(*) PLANE_ANGLE_UNIT() SI_UNIT($,.RADIAN.) );
#13087 = ( NAMED_UNIT(*) SI_UNIT($,.STERADIAN.) SOLID_ANGLE_UNIT() );
#13088 = UNCERTAINTY_MEASURE_WITH_UNIT(LENGTH_MEASURE(1.E-07),#13085,
  'distance_accuracy_value','confusion accuracy');
#13089 = CONTEXT_DEPENDENT_SHAPE_REPRESENTATION(#13090,#13092);
#13090 = ( REPRESENTATION_RELATIONSHIP('','',#12933,#6844) 
REPRESENTATION_RELATIONSHIP_WITH_TRANSFORMATION(#13091) 
SHAPE_REPRESENTATION_RELATIONSHIP() );
#13091 = ITEM_DEFINED_TRANSFORMATION('','',#11,#6861);
#13092 = PRODUCT_DEFINITION_SHAPE('Placement','Placement of an item',
  #13093);
#13093 = NEXT_ASSEMBLY_USAGE_OCCURRENCE('10','silk','',#6839,#12928,$);
#13094 = PRODUCT_RELATED_PRODUCT_CATEGORY('part',$,(#12930));
#13095 = MECHANICAL_DESIGN_GEOMETRIC_PRESENTATION_REPRESENTATION('',(
    #13096),#7335);
#13096 = STYLED_ITEM('color',(#13097),#7185);
#13097 = PRESENTATION_STYLE_ASSIGNMENT((#13098,#13104));
#13098 = SURFACE_STYLE_USAGE(.BOTH.,#13099);
#13099 = SURFACE_SIDE_STYLE('',(#13100));
#13100 = SURFACE_STYLE_FILL_AREA(#13101);
#13101 = FILL_AREA_STYLE('',(#13102));
#13102 = FILL_AREA_STYLE_COLOUR('',#13103);
#13103 = COLOUR_RGB('',0.666666687201,0.333333345507,0.);
#13104 = CURVE_STYLE('',#13105,POSITIVE_LENGTH_MEASURE(0.1),#13106);
#13105 = DRAUGHTING_PRE_DEFINED_CURVE_FONT('continuous');
#13106 = COLOUR_RGB('',9.803921802644E-02,9.803921802644E-02,
  9.803921802644E-02);
#13107 = MECHANICAL_DESIGN_GEOMETRIC_PRESENTATION_REPRESENTATION('',(
    #13108),#3675);
#13108 = STYLED_ITEM('color',(#13109),#45);
#13109 = PRESENTATION_STYLE_ASSIGNMENT((#13110,#13116));
#13110 = SURFACE_STYLE_USAGE(.BOTH.,#13111);
#13111 = SURFACE_SIDE_STYLE('',(#13112));
#13112 = SURFACE_STYLE_FILL_AREA(#13113);
#13113 = FILL_AREA_STYLE('',(#13114));
#13114 = FILL_AREA_STYLE_COLOUR('',#13115);
#13115 = COLOUR_RGB('',0.290196088226,0.290196088226,0.290196088226);
#13116 = CURVE_STYLE('',#13117,POSITIVE_LENGTH_MEASURE(0.1),#13106);
#13117 = DRAUGHTING_PRE_DEFINED_CURVE_FONT('continuous');
#13118 = MECHANICAL_DESIGN_GEOMETRIC_PRESENTATION_REPRESENTATION('',(
    #13119),#7166);
#13119 = STYLED_ITEM('color',(#13120),#6884);
#13120 = PRESENTATION_STYLE_ASSIGNMENT((#13121,#13129));
#13121 = SURFACE_STYLE_USAGE(.BOTH.,#13122);
#13122 = SURFACE_SIDE_STYLE('',(#13123,#13127));
#13123 = SURFACE_STYLE_FILL_AREA(#13124);
#13124 = FILL_AREA_STYLE('',(#13125));
#13125 = FILL_AREA_STYLE_COLOUR('',#13126);
#13126 = COLOUR_RGB('',1.,0.666666687201,0.);
#13127 = SURFACE_STYLE_RENDERING_WITH_PROPERTIES(.NORMAL_SHADING.,#13126
  ,(#13128));
#13128 = SURFACE_STYLE_TRANSPARENT(0.25);
#13129 = CURVE_STYLE('',#13130,POSITIVE_LENGTH_MEASURE(0.1),#13106);
#13130 = DRAUGHTING_PRE_DEFINED_CURVE_FONT('continuous');
#13131 = MECHANICAL_DESIGN_GEOMETRIC_PRESENTATION_REPRESENTATION('',(
    #13132),#6517);
#13132 = STYLED_ITEM('color',(#13133),#6434);
#13133 = PRESENTATION_STYLE_ASSIGNMENT((#13134,#13142));
#13134 = SURFACE_STYLE_USAGE(.BOTH.,#13135);
#13135 = SURFACE_SIDE_STYLE('',(#13136,#13140));
#13136 = SURFACE_STYLE_FILL_AREA(#13137);
#13137 = FILL_AREA_STYLE('',(#13138));
#13138 = FILL_AREA_STYLE_COLOUR('',#13139);
#13139 = COLOUR_RGB('',0.333333345507,0.666666687201,1.);
#13140 = SURFACE_STYLE_RENDERING_WITH_PROPERTIES(.NORMAL_SHADING.,#13139
  ,(#13141));
#13141 = SURFACE_STYLE_TRANSPARENT(0.620000004768);
#13142 = CURVE_STYLE('',#13143,POSITIVE_LENGTH_MEASURE(0.1),#13106);
#13143 = DRAUGHTING_PRE_DEFINED_CURVE_FONT('continuous');
#13144 = MECHANICAL_DESIGN_GEOMETRIC_PRESENTATION_REPRESENTATION('',(
    #13145),#12915);
#13145 = STYLED_ITEM('color',(#13146),#12765);
#13146 = PRESENTATION_STYLE_ASSIGNMENT((#13147,#13154));
#13147 = SURFACE_STYLE_USAGE(.BOTH.,#13148);
#13148 = SURFACE_SIDE_STYLE('',(#13149,#13152));
#13149 = SURFACE_STYLE_FILL_AREA(#13150);
#13150 = FILL_AREA_STYLE('',(#13151));
#13151 = FILL_AREA_STYLE_COLOUR('',#13126);
#13152 = SURFACE_STYLE_RENDERING_WITH_PROPERTIES(.NORMAL_SHADING.,#13126
  ,(#13153));
#13153 = SURFACE_STYLE_TRANSPARENT(0.300000011921);
#13154 = CURVE_STYLE('',#13155,POSITIVE_LENGTH_MEASURE(0.1),#13106);
#13155 = DRAUGHTING_PRE_DEFINED_CURVE_FONT('continuous');
#13156 = MECHANICAL_DESIGN_GEOMETRIC_PRESENTATION_REPRESENTATION('',(
    #13157),#6415);
#13157 = STYLED_ITEM('color',(#13158),#3721);
#13158 = PRESENTATION_STYLE_ASSIGNMENT((#13159,#13164));
#13159 = SURFACE_STYLE_USAGE(.BOTH.,#13160);
#13160 = SURFACE_SIDE_STYLE('',(#13161));
#13161 = SURFACE_STYLE_FILL_AREA(#13162);
#13162 = FILL_AREA_STYLE('',(#13163));
#13163 = FILL_AREA_STYLE_COLOUR('',#13115);
#13164 = CURVE_STYLE('',#13165,POSITIVE_LENGTH_MEASURE(0.1),#13106);
#13165 = DRAUGHTING_PRE_DEFINED_CURVE_FONT('continuous');
#13166 = MECHANICAL_DESIGN_GEOMETRIC_PRESENTATION_REPRESENTATION('',(
    #13167),#6826);
#13167 = STYLED_ITEM('color',(#13168),#6536);
#13168 = PRESENTATION_STYLE_ASSIGNMENT((#13169,#13175));
#13169 = SURFACE_STYLE_USAGE(.BOTH.,#13170);
#13170 = SURFACE_SIDE_STYLE('',(#13171));
#13171 = SURFACE_STYLE_FILL_AREA(#13172);
#13172 = FILL_AREA_STYLE('',(#13173));
#13173 = FILL_AREA_STYLE_COLOUR('',#13174);
#13174 = COLOUR_RGB('',0.800000010877,0.800000010877,0.800000010877);
#13175 = CURVE_STYLE('',#13176,POSITIVE_LENGTH_MEASURE(0.1),#13106);
#13176 = DRAUGHTING_PRE_DEFINED_CURVE_FONT('continuous');
#13177 = MECHANICAL_DESIGN_GEOMETRIC_PRESENTATION_REPRESENTATION('',(
    #13178),#13084);
#13178 = STYLED_ITEM('color',(#13179),#12934);
#13179 = PRESENTATION_STYLE_ASSIGNMENT((#13180,#13186));
#13180 = SURFACE_STYLE_USAGE(.BOTH.,#13181);
#13181 = SURFACE_SIDE_STYLE('',(#13182));
#13182 = SURFACE_STYLE_FILL_AREA(#13183);
#13183 = FILL_AREA_STYLE('',(#13184));
#13184 = FILL_AREA_STYLE_COLOUR('',#13185);
#13185 = DRAUGHTING_PRE_DEFINED_COLOUR('white');
#13186 = CURVE_STYLE('',#13187,POSITIVE_LENGTH_MEASURE(0.1),#13185);
#13187 = DRAUGHTING_PRE_DEFINED_CURVE_FONT('continuous');
#13188 = MECHANICAL_DESIGN_GEOMETRIC_PRESENTATION_REPRESENTATION('',(
    #13189),#12746);
#13189 = STYLED_ITEM('color',(#13190),#7354);
#13190 = PRESENTATION_STYLE_ASSIGNMENT((#13191,#13197));
#13191 = SURFACE_STYLE_USAGE(.BOTH.,#13192);
#13192 = SURFACE_SIDE_STYLE('',(#13193));
#13193 = SURFACE_STYLE_FILL_AREA(#13194);
#13194 = FILL_AREA_STYLE('',(#13195));
#13195 = FILL_AREA_STYLE_COLOUR('',#13196);
#13196 = DRAUGHTING_PRE_DEFINED_COLOUR('yellow');
#13197 = CURVE_STYLE('',#13198,POSITIVE_LENGTH_MEASURE(0.1),#13106);
#13198 = DRAUGHTING_PRE_DEFINED_CURVE_FONT('continuous');
ENDSEC;
END-ISO-10303-21;
